{"epoch": 0, "train_loss": null, "val_loss": 2.754713217417399, "best_epoch": 0, "best_val_loss": 2.754713217417399}
{"epoch": 1, "train_loss": 2.623547613620758, "val_loss": 2.421423355738322, "best_epoch": 1, "best_val_loss": 2.421423355738322}
{"epoch": 2, "train_loss": 2.2159092823664346, "val_loss": 2.049027601877848, "best_epoch": 2, "best_val_loss": 2.049027601877848}
{"epoch": 3, "train_loss": 2.006314694881439, "val_loss": 1.9606532057126362, "best_epoch": 3, "best_val_loss": 1.9606532057126362}
{"epoch": 4, "train_loss": 1.916425754626592, "val_loss": 1.9475440780321758, "best_epoch": 4, "best_val_loss": 1.9475440780321758}
{"epoch": 5, "train_loss": 1.8764885167280834, "val_loss": 1.927832027276357, "best_epoch": 5, "best_val_loss": 1.927832027276357}
{"epoch": 6, "train_loss": 1.8440340360005696, "val_loss": 1.908357600371043, "best_epoch": 6, "best_val_loss": 1.908357600371043}
{"epoch": 7, "train_loss": 1.8228196601072948, "val_loss": 1.900313397248586, "best_epoch": 7, "best_val_loss": 1.900313397248586}
{"epoch": 8, "train_loss": 1.8113677402337391, "val_loss": 1.8984865546226501, "best_epoch": 8, "best_val_loss": 1.8984865546226501}
{"epoch": 9, "train_loss": 1.8039390047391255, "val_loss": 1.8969743847846985, "best_epoch": 9, "best_val_loss": 1.8969743847846985}
{"epoch": 10, "train_loss": 1.7981302440166473, "val_loss": 1.893256664276123, "best_epoch": 10, "best_val_loss": 1.893256664276123}
{"epoch": 11, "train_loss": 1.7914985318978627, "val_loss": 1.894472360610962, "best_epoch": 10, "best_val_loss": 1.893256664276123}
{"epoch": 12, "train_loss": 1.7857859929402669, "val_loss": 1.9066377679506938, "best_epoch": 10, "best_val_loss": 1.893256664276123}
{"epoch": 13, "train_loss": 1.7816097438335419, "val_loss": 1.9041043321291606, "best_epoch": 10, "best_val_loss": 1.893256664276123}
{"epoch": 14, "train_loss": 1.778610994418462, "val_loss": 1.900989830493927, "best_epoch": 10, "best_val_loss": 1.893256664276123}
{"epoch": 15, "train_loss": 1.7763348519802094, "val_loss": 1.8972113728523254, "best_epoch": 10, "best_val_loss": 1.893256664276123}
{"epoch": 16, "train_loss": 1.774518648783366, "val_loss": 1.8923171758651733, "best_epoch": 16, "best_val_loss": 1.8923171758651733}
{"epoch": 17, "train_loss": 1.77254323164622, "val_loss": 1.8826888998349507, "best_epoch": 17, "best_val_loss": 1.8826888998349507}
{"epoch": 18, "train_loss": 1.770168940226237, "val_loss": 1.878743569056193, "best_epoch": 18, "best_val_loss": 1.878743569056193}
{"epoch": 19, "train_loss": 1.7685504754384358, "val_loss": 1.8774799704551697, "best_epoch": 19, "best_val_loss": 1.8774799704551697}
{"epoch": 20, "train_loss": 1.7675781945387523, "val_loss": 1.876830518245697, "best_epoch": 20, "best_val_loss": 1.876830518245697}
{"epoch": 21, "train_loss": 1.7668251792589824, "val_loss": 1.8762844800949097, "best_epoch": 21, "best_val_loss": 1.8762844800949097}
{"epoch": 22, "train_loss": 1.7661788860956829, "val_loss": 1.8759499788284302, "best_epoch": 22, "best_val_loss": 1.8759499788284302}
{"epoch": 23, "train_loss": 1.7655771176020305, "val_loss": 1.8756983081499736, "best_epoch": 23, "best_val_loss": 1.8756983081499736}
{"epoch": 24, "train_loss": 1.7637849152088165, "val_loss": 1.8754268685976665, "best_epoch": 24, "best_val_loss": 1.8754268685976665}
{"epoch": 25, "train_loss": 1.7627633810043335, "val_loss": 1.8745882312456768, "best_epoch": 25, "best_val_loss": 1.8745882312456768}
{"epoch": 26, "train_loss": 1.7621627847353618, "val_loss": 1.8740082383155823, "best_epoch": 26, "best_val_loss": 1.8740082383155823}
{"epoch": 27, "train_loss": 1.7617846727371216, "val_loss": 1.873592734336853, "best_epoch": 27, "best_val_loss": 1.873592734336853}
{"epoch": 28, "train_loss": 1.7614470322926838, "val_loss": 1.8731524745623271, "best_epoch": 28, "best_val_loss": 1.8731524745623271}
{"epoch": 29, "train_loss": 1.7611462275187175, "val_loss": 1.872740904490153, "best_epoch": 29, "best_val_loss": 1.872740904490153}
{"epoch": 30, "train_loss": 1.760868509610494, "val_loss": 1.8722617626190186, "best_epoch": 30, "best_val_loss": 1.8722617626190186}
{"epoch": 31, "train_loss": 1.7606013715267181, "val_loss": 1.8717804948488872, "best_epoch": 31, "best_val_loss": 1.8717804948488872}
{"epoch": 32, "train_loss": 1.7603512406349182, "val_loss": 1.8713744481404622, "best_epoch": 32, "best_val_loss": 1.8713744481404622}
{"epoch": 33, "train_loss": 1.7601208885510762, "val_loss": 1.871070384979248, "best_epoch": 33, "best_val_loss": 1.871070384979248}
{"epoch": 34, "train_loss": 1.7599095503489177, "val_loss": 1.8707462350527446, "best_epoch": 34, "best_val_loss": 1.8707462350527446}
{"epoch": 35, "train_loss": 1.7596954504648845, "val_loss": 1.870454450448354, "best_epoch": 35, "best_val_loss": 1.870454450448354}
{"epoch": 36, "train_loss": 1.7593487799167633, "val_loss": 1.869958480199178, "best_epoch": 36, "best_val_loss": 1.869958480199178}
{"epoch": 37, "train_loss": 1.757992108662923, "val_loss": 1.8685532013575237, "best_epoch": 37, "best_val_loss": 1.8685532013575237}
{"epoch": 38, "train_loss": 1.7571787536144257, "val_loss": 1.86784029006958, "best_epoch": 38, "best_val_loss": 1.86784029006958}
{"epoch": 39, "train_loss": 1.7568556269009907, "val_loss": 1.8675091862678528, "best_epoch": 39, "best_val_loss": 1.8675091862678528}
{"epoch": 40, "train_loss": 1.7566562394301097, "val_loss": 1.8674572308858235, "best_epoch": 40, "best_val_loss": 1.8674572308858235}
{"epoch": 41, "train_loss": 1.7565082708994548, "val_loss": 1.867360770702362, "best_epoch": 41, "best_val_loss": 1.867360770702362}
{"epoch": 42, "train_loss": 1.756386637687683, "val_loss": 1.8672362963358562, "best_epoch": 42, "best_val_loss": 1.8672362963358562}
{"epoch": 43, "train_loss": 1.7562478979428608, "val_loss": 1.8671447237332661, "best_epoch": 43, "best_val_loss": 1.8671447237332661}
{"epoch": 44, "train_loss": 1.7561071515083313, "val_loss": 1.8670312364896138, "best_epoch": 44, "best_val_loss": 1.8670312364896138}
{"epoch": 45, "train_loss": 1.7559914886951447, "val_loss": 1.8669732610384624, "best_epoch": 45, "best_val_loss": 1.8669732610384624}
{"epoch": 46, "train_loss": 1.7558821439743042, "val_loss": 1.8668646613756816, "best_epoch": 46, "best_val_loss": 1.8668646613756816}
{"epoch": 47, "train_loss": 1.7557503680388133, "val_loss": 1.8667861024538677, "best_epoch": 47, "best_val_loss": 1.8667861024538677}
{"epoch": 48, "train_loss": 1.755584607521693, "val_loss": 1.866701344648997, "best_epoch": 48, "best_val_loss": 1.866701344648997}
{"epoch": 49, "train_loss": 1.7553436160087585, "val_loss": 1.8664214412371318, "best_epoch": 49, "best_val_loss": 1.8664214412371318}
{"epoch": 50, "train_loss": 1.7550567189852397, "val_loss": 1.8657314976056416, "best_epoch": 50, "best_val_loss": 1.8657314976056416}
