{"total_training_time": 7.280028343200684, "train_loss": [null, 2.623547613620758, 2.2159092823664346, 2.006314694881439, 1.916425754626592, 1.8764885167280834, 1.8440340360005696, 1.8228196601072948, 1.8113677402337391, 1.8039390047391255, 1.7981302440166473, 1.7914985318978627, 1.7857859929402669, 1.7816097438335419, 1.778610994418462, 1.7763348519802094, 1.774518648783366, 1.77254323164622, 1.770168940226237, 1.7685504754384358, 1.7675781945387523, 1.7668251792589824, 1.7661788860956829, 1.7655771176020305, 1.7637849152088165, 1.7627633810043335, 1.7621627847353618, 1.7617846727371216, 1.7614470322926838, 1.7611462275187175, 1.760868509610494, 1.7606013715267181, 1.7603512406349182, 1.7601208885510762, 1.7599095503489177, 1.7596954504648845, 1.7593487799167633, 1.757992108662923, 1.7571787536144257, 1.7568556269009907, 1.7566562394301097, 1.7565082708994548, 1.756386637687683, 1.7562478979428608, 1.7561071515083313, 1.7559914886951447, 1.7558821439743042, 1.7557503680388133, 1.755584607521693, 1.7553436160087585, 1.7550567189852397], "val_loss": [2.754713217417399, 2.421423355738322, 2.049027601877848, 1.9606532057126362, 1.9475440780321758, 1.927832027276357, 1.908357600371043, 1.900313397248586, 1.8984865546226501, 1.8969743847846985, 1.893256664276123, 1.894472360610962, 1.9066377679506938, 1.9041043321291606, 1.900989830493927, 1.8972113728523254, 1.8923171758651733, 1.8826888998349507, 1.878743569056193, 1.8774799704551697, 1.876830518245697, 1.8762844800949097, 1.8759499788284302, 1.8756983081499736, 1.8754268685976665, 1.8745882312456768, 1.8740082383155823, 1.873592734336853, 1.8731524745623271, 1.872740904490153, 1.8722617626190186, 1.8717804948488872, 1.8713744481404622, 1.871070384979248, 1.8707462350527446, 1.870454450448354, 1.869958480199178, 1.8685532013575237, 1.86784029006958, 1.8675091862678528, 1.8674572308858235, 1.867360770702362, 1.8672362963358562, 1.8671447237332661, 1.8670312364896138, 1.8669732610384624, 1.8668646613756816, 1.8667861024538677, 1.866701344648997, 1.8664214412371318, 1.8657314976056416], "best_validation_epoch": 50}