{"total_training_time": 142.3483283519745, "train_loss": [1.546813537677129, 1.5784999430179596, 1.5357231895128887, 1.5053973197937012, 1.561427652835846, 1.5151389439900715, 1.529270778099696, 1.5352347890535991, 1.5252063969771068, 1.5853892862796783], "val_loss": [1.5659471154212952, 1.5801934798558552, 1.579648196697235, 1.501417915026347, 1.574402908484141, 1.5527271032333374, 1.559310257434845, 1.5215839346249898, 1.5812800129254658, 1.609613021214803], "best_validation_epoch": 4}