{"epoch": 0, "train_loss": null, "val_loss": 1.3279201984405518, "best_epoch": 0, "best_val_loss": 1.3279201984405518}
{"epoch": 1, "train_loss": 1.0392962197462718, "val_loss": 0.8237587809562683, "best_epoch": 1, "best_val_loss": 0.8237587809562683}
{"epoch": 2, "train_loss": 0.7222104221582413, "val_loss": 0.5917565623919169, "best_epoch": 2, "best_val_loss": 0.5917565623919169}
{"epoch": 3, "train_loss": 0.5646471107999483, "val_loss": 0.5381265878677368, "best_epoch": 3, "best_val_loss": 0.5381265878677368}
{"epoch": 4, "train_loss": 0.5089891254901886, "val_loss": 0.5114410271247228, "best_epoch": 4, "best_val_loss": 0.5114410271247228}
{"epoch": 5, "train_loss": 0.4822286168734233, "val_loss": 0.48398707807064056, "best_epoch": 5, "best_val_loss": 0.48398707807064056}
{"epoch": 6, "train_loss": 0.4651445150375366, "val_loss": 0.4800825963417689, "best_epoch": 6, "best_val_loss": 0.4800825963417689}
{"epoch": 7, "train_loss": 0.4516202583909035, "val_loss": 0.4721057613690694, "best_epoch": 7, "best_val_loss": 0.4721057613690694}
{"epoch": 8, "train_loss": 0.4415926436583201, "val_loss": 0.47106457750002545, "best_epoch": 8, "best_val_loss": 0.47106457750002545}
{"epoch": 9, "train_loss": 0.43437009304761887, "val_loss": 0.47711185614267987, "best_epoch": 8, "best_val_loss": 0.47106457750002545}
{"epoch": 10, "train_loss": 0.4295976509650548, "val_loss": 0.4658066729704539, "best_epoch": 10, "best_val_loss": 0.4658066729704539}
{"epoch": 11, "train_loss": 0.41987186421950656, "val_loss": 0.46029335260391235, "best_epoch": 11, "best_val_loss": 0.46029335260391235}
{"epoch": 12, "train_loss": 0.41303204745054245, "val_loss": 0.46525076031684875, "best_epoch": 11, "best_val_loss": 0.46029335260391235}
{"epoch": 13, "train_loss": 0.4099121540784836, "val_loss": 0.4683319379885991, "best_epoch": 11, "best_val_loss": 0.46029335260391235}
{"epoch": 14, "train_loss": 0.41052374988794327, "val_loss": 0.46047570804754895, "best_epoch": 11, "best_val_loss": 0.46029335260391235}
{"epoch": 15, "train_loss": 0.4038933316866557, "val_loss": 0.45719127357006073, "best_epoch": 15, "best_val_loss": 0.45719127357006073}
{"epoch": 16, "train_loss": 0.39939898004134494, "val_loss": 0.45441412925720215, "best_epoch": 16, "best_val_loss": 0.45441412925720215}
{"epoch": 17, "train_loss": 0.39703038583199185, "val_loss": 0.4452131638924281, "best_epoch": 17, "best_val_loss": 0.4452131638924281}
{"epoch": 18, "train_loss": 0.3909354954957962, "val_loss": 0.4427829533815384, "best_epoch": 18, "best_val_loss": 0.4427829533815384}
{"epoch": 19, "train_loss": 0.3888105054696401, "val_loss": 0.4400074283281962, "best_epoch": 19, "best_val_loss": 0.4400074283281962}
{"epoch": 20, "train_loss": 0.38562661161025363, "val_loss": 0.43539272745450336, "best_epoch": 20, "best_val_loss": 0.43539272745450336}
{"epoch": 21, "train_loss": 0.3829503332575162, "val_loss": 0.44400553901990253, "best_epoch": 20, "best_val_loss": 0.43539272745450336}
{"epoch": 22, "train_loss": 0.384091354906559, "val_loss": 0.43899289270242053, "best_epoch": 20, "best_val_loss": 0.43539272745450336}
{"epoch": 23, "train_loss": 0.3850199182828267, "val_loss": 0.4366855671008428, "best_epoch": 20, "best_val_loss": 0.43539272745450336}
{"epoch": 24, "train_loss": 0.37592363109191257, "val_loss": 0.425431564450264, "best_epoch": 24, "best_val_loss": 0.425431564450264}
{"epoch": 25, "train_loss": 0.36894795795281726, "val_loss": 0.4172086517016093, "best_epoch": 25, "best_val_loss": 0.4172086517016093}
{"epoch": 26, "train_loss": 0.36701222757498425, "val_loss": 0.4157931258281072, "best_epoch": 26, "best_val_loss": 0.4157931258281072}
{"epoch": 27, "train_loss": 0.36030666281779605, "val_loss": 0.40475019812583923, "best_epoch": 27, "best_val_loss": 0.40475019812583923}
{"epoch": 28, "train_loss": 0.35728403677543, "val_loss": 0.40714287757873535, "best_epoch": 27, "best_val_loss": 0.40475019812583923}
{"epoch": 29, "train_loss": 0.3533199305335681, "val_loss": 0.40137284994125366, "best_epoch": 29, "best_val_loss": 0.40137284994125366}
{"epoch": 30, "train_loss": 0.3514203454057376, "val_loss": 0.40065662066141766, "best_epoch": 30, "best_val_loss": 0.40065662066141766}
{"epoch": 31, "train_loss": 0.35251378268003464, "val_loss": 0.3979969968398412, "best_epoch": 31, "best_val_loss": 0.3979969968398412}
{"epoch": 32, "train_loss": 0.34634924431641895, "val_loss": 0.3942242314418157, "best_epoch": 32, "best_val_loss": 0.3942242314418157}
{"epoch": 33, "train_loss": 0.3426255906621615, "val_loss": 0.39405982693036395, "best_epoch": 33, "best_val_loss": 0.39405982693036395}
{"epoch": 34, "train_loss": 0.3423301726579666, "val_loss": 0.3916911830504735, "best_epoch": 34, "best_val_loss": 0.3916911830504735}
{"epoch": 35, "train_loss": 0.33978158980607986, "val_loss": 0.3900877634684245, "best_epoch": 35, "best_val_loss": 0.3900877634684245}
{"epoch": 36, "train_loss": 0.3376683021585147, "val_loss": 0.3896715889374415, "best_epoch": 36, "best_val_loss": 0.3896715889374415}
{"epoch": 37, "train_loss": 0.33770495156447095, "val_loss": 0.3906999280055364, "best_epoch": 36, "best_val_loss": 0.3896715889374415}
{"epoch": 38, "train_loss": 0.33459967623154324, "val_loss": 0.3875586787859599, "best_epoch": 38, "best_val_loss": 0.3875586787859599}
{"epoch": 39, "train_loss": 0.3323114390174548, "val_loss": 0.3942236105600993, "best_epoch": 38, "best_val_loss": 0.3875586787859599}
{"epoch": 40, "train_loss": 0.3334391911824544, "val_loss": 0.3863149881362915, "best_epoch": 40, "best_val_loss": 0.3863149881362915}
{"epoch": 41, "train_loss": 0.32886669288078946, "val_loss": 0.3852880497773488, "best_epoch": 41, "best_val_loss": 0.3852880497773488}
{"epoch": 42, "train_loss": 0.3265492022037506, "val_loss": 0.3834376434485118, "best_epoch": 42, "best_val_loss": 0.3834376434485118}
{"epoch": 43, "train_loss": 0.3250052680571874, "val_loss": 0.38313113649686176, "best_epoch": 43, "best_val_loss": 0.38313113649686176}
{"epoch": 44, "train_loss": 0.32158156236012775, "val_loss": 0.3828136722246806, "best_epoch": 44, "best_val_loss": 0.3828136722246806}
{"epoch": 45, "train_loss": 0.3238547469178836, "val_loss": 0.38418878614902496, "best_epoch": 44, "best_val_loss": 0.3828136722246806}
{"epoch": 46, "train_loss": 0.32166403035322827, "val_loss": 0.382969265182813, "best_epoch": 44, "best_val_loss": 0.3828136722246806}
{"epoch": 47, "train_loss": 0.3232375904917717, "val_loss": 0.38513413568337757, "best_epoch": 44, "best_val_loss": 0.3828136722246806}
{"epoch": 48, "train_loss": 0.32060041030248004, "val_loss": 0.3809621036052704, "best_epoch": 48, "best_val_loss": 0.3809621036052704}
{"epoch": 49, "train_loss": 0.315053328871727, "val_loss": 0.3790813386440277, "best_epoch": 49, "best_val_loss": 0.3790813386440277}
{"epoch": 50, "train_loss": 0.31491610407829285, "val_loss": 0.37896154820919037, "best_epoch": 50, "best_val_loss": 0.37896154820919037}
