{"total_training_time": 5.7814412117004395, "train_loss": [null, 1.0392962197462718, 0.7222104221582413, 0.5646471107999483, 0.5089891254901886, 0.4822286168734233, 0.4651445150375366, 0.4516202583909035, 0.4415926436583201, 0.43437009304761887, 0.4295976509650548, 0.41987186421950656, 0.41303204745054245, 0.4099121540784836, 0.41052374988794327, 0.4038933316866557, 0.39939898004134494, 0.39703038583199185, 0.3909354954957962, 0.3888105054696401, 0.38562661161025363, 0.3829503332575162, 0.384091354906559, 0.3850199182828267, 0.37592363109191257, 0.36894795795281726, 0.36701222757498425, 0.36030666281779605, 0.35728403677543, 0.3533199305335681, 0.3514203454057376, 0.35251378268003464, 0.34634924431641895, 0.3426255906621615, 0.3423301726579666, 0.33978158980607986, 0.3376683021585147, 0.33770495156447095, 0.33459967623154324, 0.3323114390174548, 0.3334391911824544, 0.32886669288078946, 0.3265492022037506, 0.3250052680571874, 0.32158156236012775, 0.3238547469178836, 0.32166403035322827, 0.3232375904917717, 0.32060041030248004, 0.315053328871727, 0.31491610407829285], "val_loss": [1.3279201984405518, 0.8237587809562683, 0.5917565623919169, 0.5381265878677368, 0.5114410271247228, 0.48398707807064056, 0.4800825963417689, 0.4721057613690694, 0.47106457750002545, 0.47711185614267987, 0.4658066729704539, 0.46029335260391235, 0.46525076031684875, 0.4683319379885991, 0.46047570804754895, 0.45719127357006073, 0.45441412925720215, 0.4452131638924281, 0.4427829533815384, 0.4400074283281962, 0.43539272745450336, 0.44400553901990253, 0.43899289270242053, 0.4366855671008428, 0.425431564450264, 0.4172086517016093, 0.4157931258281072, 0.40475019812583923, 0.40714287757873535, 0.40137284994125366, 0.40065662066141766, 0.3979969968398412, 0.3942242314418157, 0.39405982693036395, 0.3916911830504735, 0.3900877634684245, 0.3896715889374415, 0.3906999280055364, 0.3875586787859599, 0.3942236105600993, 0.3863149881362915, 0.3852880497773488, 0.3834376434485118, 0.38313113649686176, 0.3828136722246806, 0.38418878614902496, 0.382969265182813, 0.38513413568337757, 0.3809621036052704, 0.3790813386440277, 0.37896154820919037], "best_validation_epoch": 50}