{"epoch": 0, "train_loss": null, "val_loss": 2.3174224297205606, "best_epoch": 0, "best_val_loss": 2.3174224297205606}
{"epoch": 1, "train_loss": 2.308727204799652, "val_loss": 2.120342254638672, "best_epoch": 1, "best_val_loss": 2.120342254638672}
{"epoch": 2, "train_loss": 2.1288213233153024, "val_loss": 2.008795976638794, "best_epoch": 2, "best_val_loss": 2.008795976638794}
{"epoch": 3, "train_loss": 2.0121208131313324, "val_loss": 1.9530055125554402, "best_epoch": 3, "best_val_loss": 1.9530055125554402}
{"epoch": 4, "train_loss": 1.916050245364507, "val_loss": 1.9214533964792888, "best_epoch": 4, "best_val_loss": 1.9214533964792888}
{"epoch": 5, "train_loss": 1.8716631432374318, "val_loss": 1.8823676109313965, "best_epoch": 5, "best_val_loss": 1.8823676109313965}
{"epoch": 6, "train_loss": 1.847305605808894, "val_loss": 1.8681992491086323, "best_epoch": 6, "best_val_loss": 1.8681992491086323}
{"epoch": 7, "train_loss": 1.832904835542043, "val_loss": 1.8596871296564739, "best_epoch": 7, "best_val_loss": 1.8596871296564739}
{"epoch": 8, "train_loss": 1.8169163465499878, "val_loss": 1.8435234626134236, "best_epoch": 8, "best_val_loss": 1.8435234626134236}
{"epoch": 9, "train_loss": 1.8071170051892598, "val_loss": 1.835491140683492, "best_epoch": 9, "best_val_loss": 1.835491140683492}
{"epoch": 10, "train_loss": 1.8026257356007893, "val_loss": 1.8321459889411926, "best_epoch": 10, "best_val_loss": 1.8321459889411926}
{"epoch": 11, "train_loss": 1.7958220839500427, "val_loss": 1.8289586901664734, "best_epoch": 11, "best_val_loss": 1.8289586901664734}
{"epoch": 12, "train_loss": 1.7867259780565898, "val_loss": 1.8245919744173686, "best_epoch": 12, "best_val_loss": 1.8245919744173686}
{"epoch": 13, "train_loss": 1.7803817391395569, "val_loss": 1.8221787611643474, "best_epoch": 13, "best_val_loss": 1.8221787611643474}
{"epoch": 14, "train_loss": 1.7779510617256165, "val_loss": 1.8196633855501811, "best_epoch": 14, "best_val_loss": 1.8196633855501811}
{"epoch": 15, "train_loss": 1.7757821381092072, "val_loss": 1.8189136187235515, "best_epoch": 15, "best_val_loss": 1.8189136187235515}
{"epoch": 16, "train_loss": 1.772267997264862, "val_loss": 1.8182755311330159, "best_epoch": 16, "best_val_loss": 1.8182755311330159}
{"epoch": 17, "train_loss": 1.7706632614135742, "val_loss": 1.8169886469841003, "best_epoch": 17, "best_val_loss": 1.8169886469841003}
{"epoch": 18, "train_loss": 1.769776980082194, "val_loss": 1.8165656328201294, "best_epoch": 18, "best_val_loss": 1.8165656328201294}
{"epoch": 19, "train_loss": 1.7690889636675518, "val_loss": 1.8162290652592976, "best_epoch": 19, "best_val_loss": 1.8162290652592976}
{"epoch": 20, "train_loss": 1.7685125768184662, "val_loss": 1.8158141771952312, "best_epoch": 20, "best_val_loss": 1.8158141771952312}
{"epoch": 21, "train_loss": 1.7677458922068279, "val_loss": 1.815439502398173, "best_epoch": 21, "best_val_loss": 1.815439502398173}
{"epoch": 22, "train_loss": 1.7669798533121746, "val_loss": 1.8151368300120037, "best_epoch": 22, "best_val_loss": 1.8151368300120037}
{"epoch": 23, "train_loss": 1.7665432393550873, "val_loss": 1.8147172729174297, "best_epoch": 23, "best_val_loss": 1.8147172729174297}
{"epoch": 24, "train_loss": 1.7661526302496593, "val_loss": 1.8142154614130657, "best_epoch": 24, "best_val_loss": 1.8142154614130657}
{"epoch": 25, "train_loss": 1.7658270796140034, "val_loss": 1.813826560974121, "best_epoch": 25, "best_val_loss": 1.813826560974121}
{"epoch": 26, "train_loss": 1.7655467788378398, "val_loss": 1.813582758108775, "best_epoch": 26, "best_val_loss": 1.813582758108775}
{"epoch": 27, "train_loss": 1.765270580848058, "val_loss": 1.813407043615977, "best_epoch": 27, "best_val_loss": 1.813407043615977}
{"epoch": 28, "train_loss": 1.7648935516675313, "val_loss": 1.8132134874661763, "best_epoch": 28, "best_val_loss": 1.8132134874661763}
{"epoch": 29, "train_loss": 1.7646146814028423, "val_loss": 1.813082257906596, "best_epoch": 29, "best_val_loss": 1.813082257906596}
{"epoch": 30, "train_loss": 1.7644147078196208, "val_loss": 1.812979261080424, "best_epoch": 30, "best_val_loss": 1.812979261080424}
{"epoch": 31, "train_loss": 1.7642611960570018, "val_loss": 1.8128817478815715, "best_epoch": 31, "best_val_loss": 1.8128817478815715}
{"epoch": 32, "train_loss": 1.7641309797763824, "val_loss": 1.8127716581026714, "best_epoch": 32, "best_val_loss": 1.8127716581026714}
{"epoch": 33, "train_loss": 1.7640189329783122, "val_loss": 1.81268044312795, "best_epoch": 33, "best_val_loss": 1.81268044312795}
{"epoch": 34, "train_loss": 1.7639219760894775, "val_loss": 1.8125811616579692, "best_epoch": 34, "best_val_loss": 1.8125811616579692}
{"epoch": 35, "train_loss": 1.763833999633789, "val_loss": 1.8125000993410747, "best_epoch": 35, "best_val_loss": 1.8125000993410747}
{"epoch": 36, "train_loss": 1.7637561758359273, "val_loss": 1.812418540318807, "best_epoch": 36, "best_val_loss": 1.812418540318807}
{"epoch": 37, "train_loss": 1.7636866768201191, "val_loss": 1.8123534520467122, "best_epoch": 37, "best_val_loss": 1.8123534520467122}
{"epoch": 38, "train_loss": 1.763624091943105, "val_loss": 1.8122960329055786, "best_epoch": 38, "best_val_loss": 1.8122960329055786}
{"epoch": 39, "train_loss": 1.7635653614997864, "val_loss": 1.8122414549191792, "best_epoch": 39, "best_val_loss": 1.8122414549191792}
{"epoch": 40, "train_loss": 1.7635127902030945, "val_loss": 1.8121809562047322, "best_epoch": 40, "best_val_loss": 1.8121809562047322}
{"epoch": 41, "train_loss": 1.7634649674097698, "val_loss": 1.8121354381243389, "best_epoch": 41, "best_val_loss": 1.8121354381243389}
{"epoch": 42, "train_loss": 1.7634199957052867, "val_loss": 1.8120818138122559, "best_epoch": 42, "best_val_loss": 1.8120818138122559}
{"epoch": 43, "train_loss": 1.7633776565392811, "val_loss": 1.812039275964101, "best_epoch": 43, "best_val_loss": 1.812039275964101}
{"epoch": 44, "train_loss": 1.7633397976557414, "val_loss": 1.8120033740997314, "best_epoch": 44, "best_val_loss": 1.8120033740997314}
{"epoch": 45, "train_loss": 1.7633046805858612, "val_loss": 1.8119617700576782, "best_epoch": 45, "best_val_loss": 1.8119617700576782}
{"epoch": 46, "train_loss": 1.763271431128184, "val_loss": 1.8119293451309204, "best_epoch": 46, "best_val_loss": 1.8119293451309204}
{"epoch": 47, "train_loss": 1.763241042693456, "val_loss": 1.811895489692688, "best_epoch": 47, "best_val_loss": 1.811895489692688}
{"epoch": 48, "train_loss": 1.7632116973400116, "val_loss": 1.8118636012077332, "best_epoch": 48, "best_val_loss": 1.8118636012077332}
{"epoch": 49, "train_loss": 1.7631850242614746, "val_loss": 1.8118346532185872, "best_epoch": 49, "best_val_loss": 1.8118346532185872}
{"epoch": 50, "train_loss": 1.763159563144048, "val_loss": 1.8118086059888203, "best_epoch": 50, "best_val_loss": 1.8118086059888203}
