{"total_training_time": 7.500304222106934, "train_loss": [null, 2.308727204799652, 2.1288213233153024, 2.0121208131313324, 1.916050245364507, 1.8716631432374318, 1.847305605808894, 1.832904835542043, 1.8169163465499878, 1.8071170051892598, 1.8026257356007893, 1.7958220839500427, 1.7867259780565898, 1.7803817391395569, 1.7779510617256165, 1.7757821381092072, 1.772267997264862, 1.7706632614135742, 1.769776980082194, 1.7690889636675518, 1.7685125768184662, 1.7677458922068279, 1.7669798533121746, 1.7665432393550873, 1.7661526302496593, 1.7658270796140034, 1.7655467788378398, 1.765270580848058, 1.7648935516675313, 1.7646146814028423, 1.7644147078196208, 1.7642611960570018, 1.7641309797763824, 1.7640189329783122, 1.7639219760894775, 1.763833999633789, 1.7637561758359273, 1.7636866768201191, 1.763624091943105, 1.7635653614997864, 1.7635127902030945, 1.7634649674097698, 1.7634199957052867, 1.7633776565392811, 1.7633397976557414, 1.7633046805858612, 1.763271431128184, 1.763241042693456, 1.7632116973400116, 1.7631850242614746, 1.763159563144048], "val_loss": [2.3174224297205606, 2.120342254638672, 2.008795976638794, 1.9530055125554402, 1.9214533964792888, 1.8823676109313965, 1.8681992491086323, 1.8596871296564739, 1.8435234626134236, 1.835491140683492, 1.8321459889411926, 1.8289586901664734, 1.8245919744173686, 1.8221787611643474, 1.8196633855501811, 1.8189136187235515, 1.8182755311330159, 1.8169886469841003, 1.8165656328201294, 1.8162290652592976, 1.8158141771952312, 1.815439502398173, 1.8151368300120037, 1.8147172729174297, 1.8142154614130657, 1.813826560974121, 1.813582758108775, 1.813407043615977, 1.8132134874661763, 1.813082257906596, 1.812979261080424, 1.8128817478815715, 1.8127716581026714, 1.81268044312795, 1.8125811616579692, 1.8125000993410747, 1.812418540318807, 1.8123534520467122, 1.8122960329055786, 1.8122414549191792, 1.8121809562047322, 1.8121354381243389, 1.8120818138122559, 1.812039275964101, 1.8120033740997314, 1.8119617700576782, 1.8119293451309204, 1.811895489692688, 1.8118636012077332, 1.8118346532185872, 1.8118086059888203], "best_validation_epoch": 50}