{"epoch": 0, "train_loss": null, "val_loss": 2.3590696652730307, "best_epoch": 0, "best_val_loss": 2.3590696652730307}
{"epoch": 1, "train_loss": 2.2467053532600403, "val_loss": 2.150354584058126, "best_epoch": 1, "best_val_loss": 2.150354584058126}
{"epoch": 2, "train_loss": 2.0407986640930176, "val_loss": 1.9944843848546345, "best_epoch": 2, "best_val_loss": 1.9944843848546345}
{"epoch": 3, "train_loss": 1.923673838376999, "val_loss": 1.9183600544929504, "best_epoch": 3, "best_val_loss": 1.9183600544929504}
{"epoch": 4, "train_loss": 1.8591422339280446, "val_loss": 1.8921605149904888, "best_epoch": 4, "best_val_loss": 1.8921605149904888}
{"epoch": 5, "train_loss": 1.8277841210365295, "val_loss": 1.880507270495097, "best_epoch": 5, "best_val_loss": 1.880507270495097}
{"epoch": 6, "train_loss": 1.813436935345332, "val_loss": 1.8742185831069946, "best_epoch": 6, "best_val_loss": 1.8742185831069946}
{"epoch": 7, "train_loss": 1.8064439098040264, "val_loss": 1.8677351077397664, "best_epoch": 7, "best_val_loss": 1.8677351077397664}
{"epoch": 8, "train_loss": 1.801265835762024, "val_loss": 1.8627920150756836, "best_epoch": 8, "best_val_loss": 1.8627920150756836}
{"epoch": 9, "train_loss": 1.7980809013048809, "val_loss": 1.860848069190979, "best_epoch": 9, "best_val_loss": 1.860848069190979}
{"epoch": 10, "train_loss": 1.7947504421075184, "val_loss": 1.8589450518290203, "best_epoch": 10, "best_val_loss": 1.8589450518290203}
{"epoch": 11, "train_loss": 1.792520542939504, "val_loss": 1.8576491276423137, "best_epoch": 11, "best_val_loss": 1.8576491276423137}
{"epoch": 12, "train_loss": 1.7907310922940571, "val_loss": 1.856954296429952, "best_epoch": 12, "best_val_loss": 1.856954296429952}
{"epoch": 13, "train_loss": 1.789143701394399, "val_loss": 1.8548564513524373, "best_epoch": 13, "best_val_loss": 1.8548564513524373}
{"epoch": 14, "train_loss": 1.7826492587725322, "val_loss": 1.8452508449554443, "best_epoch": 14, "best_val_loss": 1.8452508449554443}
{"epoch": 15, "train_loss": 1.7711780468622844, "val_loss": 1.8459373116493225, "best_epoch": 14, "best_val_loss": 1.8452508449554443}
{"epoch": 16, "train_loss": 1.7618206838766735, "val_loss": 1.867220123608907, "best_epoch": 14, "best_val_loss": 1.8452508449554443}
{"epoch": 17, "train_loss": 1.7564420799414318, "val_loss": 1.865351676940918, "best_epoch": 14, "best_val_loss": 1.8452508449554443}
{"epoch": 18, "train_loss": 1.7538331945737202, "val_loss": 1.8651920358339946, "best_epoch": 14, "best_val_loss": 1.8452508449554443}
{"epoch": 19, "train_loss": 1.7522796988487244, "val_loss": 1.8619596362113953, "best_epoch": 14, "best_val_loss": 1.8452508449554443}
{"epoch": 20, "train_loss": 1.7512455880641937, "val_loss": 1.860003372033437, "best_epoch": 14, "best_val_loss": 1.8452508449554443}
{"epoch": 21, "train_loss": 1.7504784365495045, "val_loss": 1.8594952027002971, "best_epoch": 14, "best_val_loss": 1.8452508449554443}
{"epoch": 22, "train_loss": 1.749906947215398, "val_loss": 1.8589697281519573, "best_epoch": 14, "best_val_loss": 1.8452508449554443}
{"epoch": 23, "train_loss": 1.7494143346945445, "val_loss": 1.8586973945299785, "best_epoch": 14, "best_val_loss": 1.8452508449554443}
{"epoch": 24, "train_loss": 1.7489980657895405, "val_loss": 1.8584565718968709, "best_epoch": 14, "best_val_loss": 1.8452508449554443}
{"epoch": 25, "train_loss": 1.7486998836199443, "val_loss": 1.858111838499705, "best_epoch": 14, "best_val_loss": 1.8452508449554443}
{"epoch": 26, "train_loss": 1.748473882675171, "val_loss": 1.857782244682312, "best_epoch": 14, "best_val_loss": 1.8452508449554443}
{"epoch": 27, "train_loss": 1.7482612828413646, "val_loss": 1.8569741050402324, "best_epoch": 14, "best_val_loss": 1.8452508449554443}
{"epoch": 28, "train_loss": 1.747985432545344, "val_loss": 1.8560965458552043, "best_epoch": 14, "best_val_loss": 1.8452508449554443}
{"epoch": 29, "train_loss": 1.7477451463540394, "val_loss": 1.8557501236597698, "best_epoch": 14, "best_val_loss": 1.8452508449554443}
{"epoch": 30, "train_loss": 1.7475630541642506, "val_loss": 1.8555776874224346, "best_epoch": 14, "best_val_loss": 1.8452508449554443}
{"epoch": 31, "train_loss": 1.7474271853764851, "val_loss": 1.8554397026697795, "best_epoch": 14, "best_val_loss": 1.8452508449554443}
{"epoch": 32, "train_loss": 1.747320254643758, "val_loss": 1.8553277651468914, "best_epoch": 14, "best_val_loss": 1.8452508449554443}
{"epoch": 33, "train_loss": 1.7472305297851562, "val_loss": 1.8552510341008503, "best_epoch": 14, "best_val_loss": 1.8452508449554443}
