{"total_training_time": 4.774521350860596, "train_loss": [null, 2.2467053532600403, 2.0407986640930176, 1.923673838376999, 1.8591422339280446, 1.8277841210365295, 1.813436935345332, 1.8064439098040264, 1.801265835762024, 1.7980809013048809, 1.7947504421075184, 1.792520542939504, 1.7907310922940571, 1.789143701394399, 1.7826492587725322, 1.7711780468622844, 1.7618206838766735, 1.7564420799414318, 1.7538331945737202, 1.7522796988487244, 1.7512455880641937, 1.7504784365495045, 1.749906947215398, 1.7494143346945445, 1.7489980657895405, 1.7486998836199443, 1.748473882675171, 1.7482612828413646, 1.747985432545344, 1.7477451463540394, 1.7475630541642506, 1.7474271853764851, 1.747320254643758, 1.7472305297851562, 1.74715256690979], "val_loss": [2.3590696652730307, 2.150354584058126, 1.9944843848546345, 1.9183600544929504, 1.8921605149904888, 1.880507270495097, 1.8742185831069946, 1.8677351077397664, 1.8627920150756836, 1.860848069190979, 1.8589450518290203, 1.8576491276423137, 1.856954296429952, 1.8548564513524373, 1.8452508449554443, 1.8459373116493225, 1.867220123608907, 1.865351676940918, 1.8651920358339946, 1.8619596362113953, 1.860003372033437, 1.8594952027002971, 1.8589697281519573, 1.8586973945299785, 1.8584565718968709, 1.858111838499705, 1.857782244682312, 1.8569741050402324, 1.8560965458552043, 1.8557501236597698, 1.8555776874224346, 1.8554397026697795, 1.8553277651468914, 1.8552510341008503, 1.8551859656969707], "best_validation_epoch": 14}