{"total_training_time": 12.217904090881348, "train_loss": [null, 1.1491793470723288, 0.6858144057648522, 0.5292175991194589, 0.45649143712861195, 0.4312129991395133, 0.4151460298470088, 0.40956221435751233, 0.4032642172915595, 0.4010316163301468, 0.3999371554170336, 0.4013742859874453, 0.39602622304643903, 0.39229514939444404, 0.39013560244015283, 0.38634652282510484], "val_loss": [2.505971682923181, 0.8061932453087398, 0.5758185780474118, 0.472562095948628, 0.433775041784559, 0.4213003447013242, 0.407792402697461, 0.3958612212112972, 0.3930563809616225, 0.38969443632023676, 0.39287056561027256, 0.3954358175396919, 0.37686104274221827, 0.381194711795875, 0.3792366624942848, 0.376667858766658], "best_validation_epoch": 15}