{"epoch": 0, "train_loss": null, "val_loss": 2.388560175895691, "best_epoch": 0, "best_val_loss": 2.388560175895691}
{"epoch": 1, "train_loss": 2.223102112611135, "val_loss": 2.019140382607778, "best_epoch": 1, "best_val_loss": 2.019140382607778}
{"epoch": 2, "train_loss": 1.972210129102071, "val_loss": 1.9487567941347759, "best_epoch": 2, "best_val_loss": 1.9487567941347759}
{"epoch": 3, "train_loss": 1.9021932284037273, "val_loss": 1.887695570786794, "best_epoch": 3, "best_val_loss": 1.887695570786794}
{"epoch": 4, "train_loss": 1.8434537549813588, "val_loss": 1.8481709162394206, "best_epoch": 4, "best_val_loss": 1.8481709162394206}
{"epoch": 5, "train_loss": 1.815697322289149, "val_loss": 1.8321189880371094, "best_epoch": 5, "best_val_loss": 1.8321189880371094}
{"epoch": 6, "train_loss": 1.8046197195847828, "val_loss": 1.8229679663976033, "best_epoch": 6, "best_val_loss": 1.8229679663976033}
{"epoch": 7, "train_loss": 1.797283669312795, "val_loss": 1.817987283070882, "best_epoch": 7, "best_val_loss": 1.817987283070882}
{"epoch": 8, "train_loss": 1.7926677266756694, "val_loss": 1.8153308629989624, "best_epoch": 8, "best_val_loss": 1.8153308629989624}
{"epoch": 9, "train_loss": 1.7901193996270497, "val_loss": 1.8139158487319946, "best_epoch": 9, "best_val_loss": 1.8139158487319946}
{"epoch": 10, "train_loss": 1.7887041171391804, "val_loss": 1.8124218185742695, "best_epoch": 10, "best_val_loss": 1.8124218185742695}
{"epoch": 11, "train_loss": 1.7876127163569133, "val_loss": 1.8117561141649883, "best_epoch": 11, "best_val_loss": 1.8117561141649883}
{"epoch": 12, "train_loss": 1.786301811536153, "val_loss": 1.8114375273386638, "best_epoch": 12, "best_val_loss": 1.8114375273386638}
{"epoch": 13, "train_loss": 1.7850842277208965, "val_loss": 1.810865044593811, "best_epoch": 13, "best_val_loss": 1.810865044593811}
{"epoch": 14, "train_loss": 1.7841815153757732, "val_loss": 1.8102953632672627, "best_epoch": 14, "best_val_loss": 1.8102953632672627}
{"epoch": 15, "train_loss": 1.7834366858005524, "val_loss": 1.8098248640696208, "best_epoch": 15, "best_val_loss": 1.8098248640696208}
{"epoch": 16, "train_loss": 1.7830527027448018, "val_loss": 1.8095745245615642, "best_epoch": 16, "best_val_loss": 1.8095745245615642}
{"epoch": 17, "train_loss": 1.7827387551466625, "val_loss": 1.809262255827586, "best_epoch": 17, "best_val_loss": 1.809262255827586}
{"epoch": 18, "train_loss": 1.782488872607549, "val_loss": 1.8089184165000916, "best_epoch": 18, "best_val_loss": 1.8089184165000916}
{"epoch": 19, "train_loss": 1.7822858492533367, "val_loss": 1.808585246404012, "best_epoch": 19, "best_val_loss": 1.808585246404012}
{"epoch": 20, "train_loss": 1.7821153402328491, "val_loss": 1.8082724809646606, "best_epoch": 20, "best_val_loss": 1.8082724809646606}
{"epoch": 21, "train_loss": 1.7819670637448628, "val_loss": 1.8079991936683655, "best_epoch": 21, "best_val_loss": 1.8079991936683655}
{"epoch": 22, "train_loss": 1.78183513879776, "val_loss": 1.8077402512232463, "best_epoch": 22, "best_val_loss": 1.8077402512232463}
{"epoch": 23, "train_loss": 1.7817191183567047, "val_loss": 1.8074774742126465, "best_epoch": 23, "best_val_loss": 1.8074774742126465}
{"epoch": 24, "train_loss": 1.7816155453523, "val_loss": 1.8072089950243633, "best_epoch": 24, "best_val_loss": 1.8072089950243633}
{"epoch": 25, "train_loss": 1.7815214494864147, "val_loss": 1.806956668694814, "best_epoch": 25, "best_val_loss": 1.806956668694814}
{"epoch": 26, "train_loss": 1.7814366519451141, "val_loss": 1.8067071437835693, "best_epoch": 26, "best_val_loss": 1.8067071437835693}
{"epoch": 27, "train_loss": 1.7813580234845479, "val_loss": 1.8064611554145813, "best_epoch": 27, "best_val_loss": 1.8064611554145813}
{"epoch": 28, "train_loss": 1.7812864184379578, "val_loss": 1.806230088075002, "best_epoch": 28, "best_val_loss": 1.806230088075002}
{"epoch": 29, "train_loss": 1.7812206049760182, "val_loss": 1.8060179352760315, "best_epoch": 29, "best_val_loss": 1.8060179352760315}
{"epoch": 30, "train_loss": 1.78115979830424, "val_loss": 1.8058264255523682, "best_epoch": 30, "best_val_loss": 1.8058264255523682}
{"epoch": 31, "train_loss": 1.7811035811901093, "val_loss": 1.8056532939275105, "best_epoch": 31, "best_val_loss": 1.8056532939275105}
{"epoch": 32, "train_loss": 1.781052827835083, "val_loss": 1.805503209431966, "best_epoch": 32, "best_val_loss": 1.805503209431966}
{"epoch": 33, "train_loss": 1.781005044778188, "val_loss": 1.805372178554535, "best_epoch": 33, "best_val_loss": 1.805372178554535}
{"epoch": 34, "train_loss": 1.7809607684612274, "val_loss": 1.8052556713422139, "best_epoch": 34, "best_val_loss": 1.8052556713422139}
{"epoch": 35, "train_loss": 1.780920575062434, "val_loss": 1.8051552971204121, "best_epoch": 35, "best_val_loss": 1.8051552971204121}
{"epoch": 36, "train_loss": 1.780882219473521, "val_loss": 1.805066963036855, "best_epoch": 36, "best_val_loss": 1.805066963036855}
{"epoch": 37, "train_loss": 1.7808477183183034, "val_loss": 1.8049869139989216, "best_epoch": 37, "best_val_loss": 1.8049869139989216}
{"epoch": 38, "train_loss": 1.7808145582675934, "val_loss": 1.8049193620681763, "best_epoch": 38, "best_val_loss": 1.8049193620681763}
{"epoch": 39, "train_loss": 1.780783732732137, "val_loss": 1.8048567573229473, "best_epoch": 39, "best_val_loss": 1.8048567573229473}
{"epoch": 40, "train_loss": 1.7807538211345673, "val_loss": 1.804800570011139, "best_epoch": 40, "best_val_loss": 1.804800570011139}
{"epoch": 41, "train_loss": 1.7807254493236542, "val_loss": 1.804751714070638, "best_epoch": 41, "best_val_loss": 1.804751714070638}
{"epoch": 42, "train_loss": 1.7806949814160664, "val_loss": 1.8047071695327759, "best_epoch": 42, "best_val_loss": 1.8047071695327759}
{"epoch": 43, "train_loss": 1.7806602716445923, "val_loss": 1.8046654264132183, "best_epoch": 43, "best_val_loss": 1.8046654264132183}
{"epoch": 44, "train_loss": 1.7806108097235362, "val_loss": 1.8046104709307353, "best_epoch": 44, "best_val_loss": 1.8046104709307353}
{"epoch": 45, "train_loss": 1.780526041984558, "val_loss": 1.804473300774892, "best_epoch": 45, "best_val_loss": 1.804473300774892}
{"epoch": 46, "train_loss": 1.7787128885587056, "val_loss": 1.7924495538075764, "best_epoch": 46, "best_val_loss": 1.7924495538075764}
{"epoch": 47, "train_loss": 1.780905415614446, "val_loss": 1.8024235367774963, "best_epoch": 46, "best_val_loss": 1.7924495538075764}
{"epoch": 48, "train_loss": 1.7766366600990295, "val_loss": 1.784273664156596, "best_epoch": 48, "best_val_loss": 1.784273664156596}
{"epoch": 49, "train_loss": 1.7611444691816966, "val_loss": 1.783160428206126, "best_epoch": 49, "best_val_loss": 1.783160428206126}
{"epoch": 50, "train_loss": 1.7548938393592834, "val_loss": 1.7769691944122314, "best_epoch": 50, "best_val_loss": 1.7769691944122314}
