{"total_training_time": 7.259847640991211, "train_loss": [null, 2.223102112611135, 1.972210129102071, 1.9021932284037273, 1.8434537549813588, 1.815697322289149, 1.8046197195847828, 1.797283669312795, 1.7926677266756694, 1.7901193996270497, 1.7887041171391804, 1.7876127163569133, 1.786301811536153, 1.7850842277208965, 1.7841815153757732, 1.7834366858005524, 1.7830527027448018, 1.7827387551466625, 1.782488872607549, 1.7822858492533367, 1.7821153402328491, 1.7819670637448628, 1.78183513879776, 1.7817191183567047, 1.7816155453523, 1.7815214494864147, 1.7814366519451141, 1.7813580234845479, 1.7812864184379578, 1.7812206049760182, 1.78115979830424, 1.7811035811901093, 1.781052827835083, 1.781005044778188, 1.7809607684612274, 1.780920575062434, 1.780882219473521, 1.7808477183183034, 1.7808145582675934, 1.780783732732137, 1.7807538211345673, 1.7807254493236542, 1.7806949814160664, 1.7806602716445923, 1.7806108097235362, 1.780526041984558, 1.7787128885587056, 1.780905415614446, 1.7766366600990295, 1.7611444691816966, 1.7548938393592834], "val_loss": [2.388560175895691, 2.019140382607778, 1.9487567941347759, 1.887695570786794, 1.8481709162394206, 1.8321189880371094, 1.8229679663976033, 1.817987283070882, 1.8153308629989624, 1.8139158487319946, 1.8124218185742695, 1.8117561141649883, 1.8114375273386638, 1.810865044593811, 1.8102953632672627, 1.8098248640696208, 1.8095745245615642, 1.809262255827586, 1.8089184165000916, 1.808585246404012, 1.8082724809646606, 1.8079991936683655, 1.8077402512232463, 1.8074774742126465, 1.8072089950243633, 1.806956668694814, 1.8067071437835693, 1.8064611554145813, 1.806230088075002, 1.8060179352760315, 1.8058264255523682, 1.8056532939275105, 1.805503209431966, 1.805372178554535, 1.8052556713422139, 1.8051552971204121, 1.805066963036855, 1.8049869139989216, 1.8049193620681763, 1.8048567573229473, 1.804800570011139, 1.804751714070638, 1.8047071695327759, 1.8046654264132183, 1.8046104709307353, 1.804473300774892, 1.7924495538075764, 1.8024235367774963, 1.784273664156596, 1.783160428206126, 1.7769691944122314], "best_validation_epoch": 50}