{"total_training_time": 4.550925970077515, "train_loss": [null, 2.3348254362742105, 2.006625771522522, 1.829460730155309, 1.7463076710700989, 1.7052060266335805, 1.6541743179162343, 1.618326207002004, 1.5928066273530324, 1.5917063156763713, 1.5889280239741008, 1.5909608205159504, 1.5924194951852162, 1.5897465546925862, 1.5870389540990193, 1.5880915621916454], "val_loss": [2.4833097060521445, 2.1768639286359153, 1.8844232360521953, 1.7663576205571492, 1.7182095448176067, 1.6815053621927898, 1.6378735899925232, 1.6040985782941182, 1.5939395030339558, 1.590027133623759, 1.5937270720799763, 1.5912957588831584, 1.5904206037521362, 1.587877631187439, 1.5920461813608806, 1.5912506779034932], "best_validation_epoch": 13}