{"epoch": 0, "train_loss": null, "val_loss": 2.3239646355311074, "best_epoch": 0, "best_val_loss": 2.3239646355311074}
{"epoch": 1, "train_loss": 2.334239661693573, "val_loss": 2.3041958808898926, "best_epoch": 1, "best_val_loss": 2.3041958808898926}
{"epoch": 2, "train_loss": 2.311749200026194, "val_loss": 2.286472201347351, "best_epoch": 2, "best_val_loss": 2.286472201347351}
{"epoch": 3, "train_loss": 2.292274753252665, "val_loss": 2.270174781481425, "best_epoch": 3, "best_val_loss": 2.270174781481425}
{"epoch": 4, "train_loss": 2.2754292686780295, "val_loss": 2.2542618115743003, "best_epoch": 4, "best_val_loss": 2.2542618115743003}
{"epoch": 5, "train_loss": 2.2597715655962625, "val_loss": 2.237733244895935, "best_epoch": 5, "best_val_loss": 2.237733244895935}
{"epoch": 6, "train_loss": 2.243807395299276, "val_loss": 2.219532529513041, "best_epoch": 6, "best_val_loss": 2.219532529513041}
{"epoch": 7, "train_loss": 2.225984195868174, "val_loss": 2.198726693789164, "best_epoch": 7, "best_val_loss": 2.198726693789164}
{"epoch": 8, "train_loss": 2.205159624417623, "val_loss": 2.174988349278768, "best_epoch": 8, "best_val_loss": 2.174988349278768}
{"epoch": 9, "train_loss": 2.1812517046928406, "val_loss": 2.1497677167256675, "best_epoch": 9, "best_val_loss": 2.1497677167256675}
{"epoch": 10, "train_loss": 2.1559383273124695, "val_loss": 2.1248935063680015, "best_epoch": 10, "best_val_loss": 2.1248935063680015}
{"epoch": 11, "train_loss": 2.13059272368749, "val_loss": 2.101225654284159, "best_epoch": 11, "best_val_loss": 2.101225654284159}
{"epoch": 12, "train_loss": 2.1067610879739127, "val_loss": 2.081140716870626, "best_epoch": 12, "best_val_loss": 2.081140716870626}
{"epoch": 13, "train_loss": 2.0863308906555176, "val_loss": 2.0645622611045837, "best_epoch": 13, "best_val_loss": 2.0645622611045837}
{"epoch": 14, "train_loss": 2.06866787870725, "val_loss": 2.048966109752655, "best_epoch": 14, "best_val_loss": 2.048966109752655}
{"epoch": 15, "train_loss": 2.0504423081874847, "val_loss": 2.0298099915186563, "best_epoch": 15, "best_val_loss": 2.0298099915186563}
{"epoch": 16, "train_loss": 2.03005184729894, "val_loss": 2.0095662077267966, "best_epoch": 16, "best_val_loss": 2.0095662077267966}
{"epoch": 17, "train_loss": 2.0120185712973275, "val_loss": 1.9936010638872783, "best_epoch": 17, "best_val_loss": 1.9936010638872783}
{"epoch": 18, "train_loss": 1.9986210862795513, "val_loss": 1.9818437496821086, "best_epoch": 18, "best_val_loss": 1.9818437496821086}
{"epoch": 19, "train_loss": 1.9879742662111919, "val_loss": 1.9724798798561096, "best_epoch": 19, "best_val_loss": 1.9724798798561096}
{"epoch": 20, "train_loss": 1.9786809782187145, "val_loss": 1.96489413579305, "best_epoch": 20, "best_val_loss": 1.96489413579305}
{"epoch": 21, "train_loss": 1.970270723104477, "val_loss": 1.9582961797714233, "best_epoch": 21, "best_val_loss": 1.9582961797714233}
{"epoch": 22, "train_loss": 1.9627669950326283, "val_loss": 1.952579180399577, "best_epoch": 22, "best_val_loss": 1.952579180399577}
{"epoch": 23, "train_loss": 1.9558498164017994, "val_loss": 1.9475503166516621, "best_epoch": 23, "best_val_loss": 1.9475503166516621}
{"epoch": 24, "train_loss": 1.9491900503635406, "val_loss": 1.9426417549451191, "best_epoch": 24, "best_val_loss": 1.9426417549451191}
{"epoch": 25, "train_loss": 1.9425891439119976, "val_loss": 1.9375332395235698, "best_epoch": 25, "best_val_loss": 1.9375332395235698}
{"epoch": 26, "train_loss": 1.9355012476444244, "val_loss": 1.9316754937171936, "best_epoch": 26, "best_val_loss": 1.9316754937171936}
{"epoch": 27, "train_loss": 1.9261496265729268, "val_loss": 1.922954221566518, "best_epoch": 27, "best_val_loss": 1.922954221566518}
{"epoch": 28, "train_loss": 1.9139505326747894, "val_loss": 1.9137203296025593, "best_epoch": 28, "best_val_loss": 1.9137203296025593}
{"epoch": 29, "train_loss": 1.903797854979833, "val_loss": 1.906389017899831, "best_epoch": 29, "best_val_loss": 1.906389017899831}
{"epoch": 30, "train_loss": 1.896086186170578, "val_loss": 1.90023535490036, "best_epoch": 30, "best_val_loss": 1.90023535490036}
{"epoch": 31, "train_loss": 1.8893964787324269, "val_loss": 1.8941517074902852, "best_epoch": 31, "best_val_loss": 1.8941517074902852}
{"epoch": 32, "train_loss": 1.8835726579030354, "val_loss": 1.8885572950045268, "best_epoch": 32, "best_val_loss": 1.8885572950045268}
{"epoch": 33, "train_loss": 1.8784164786338806, "val_loss": 1.8836603164672852, "best_epoch": 33, "best_val_loss": 1.8836603164672852}
{"epoch": 34, "train_loss": 1.8738559385140736, "val_loss": 1.8794790705045064, "best_epoch": 34, "best_val_loss": 1.8794790705045064}
{"epoch": 35, "train_loss": 1.8700362145900726, "val_loss": 1.8759708007176716, "best_epoch": 35, "best_val_loss": 1.8759708007176716}
{"epoch": 36, "train_loss": 1.8667825559775035, "val_loss": 1.8729821642239888, "best_epoch": 36, "best_val_loss": 1.8729821642239888}
{"epoch": 37, "train_loss": 1.8639490405718486, "val_loss": 1.8703310092290242, "best_epoch": 37, "best_val_loss": 1.8703310092290242}
{"epoch": 38, "train_loss": 1.861463189125061, "val_loss": 1.8680026332537334, "best_epoch": 38, "best_val_loss": 1.8680026332537334}
{"epoch": 39, "train_loss": 1.8593028485774994, "val_loss": 1.866003115971883, "best_epoch": 39, "best_val_loss": 1.866003115971883}
{"epoch": 40, "train_loss": 1.8573773105939229, "val_loss": 1.8641460140546162, "best_epoch": 40, "best_val_loss": 1.8641460140546162}
{"epoch": 41, "train_loss": 1.85556756456693, "val_loss": 1.862496833006541, "best_epoch": 41, "best_val_loss": 1.862496833006541}
{"epoch": 42, "train_loss": 1.8540224234263103, "val_loss": 1.8608713547388713, "best_epoch": 42, "best_val_loss": 1.8608713547388713}
{"epoch": 43, "train_loss": 1.8525658249855042, "val_loss": 1.8594865600268047, "best_epoch": 43, "best_val_loss": 1.8594865600268047}
{"epoch": 44, "train_loss": 1.8512462377548218, "val_loss": 1.8581788738568623, "best_epoch": 44, "best_val_loss": 1.8581788738568623}
{"epoch": 45, "train_loss": 1.849963555733363, "val_loss": 1.8570239146550496, "best_epoch": 45, "best_val_loss": 1.8570239146550496}
{"epoch": 46, "train_loss": 1.8486919899781544, "val_loss": 1.8559441367785137, "best_epoch": 46, "best_val_loss": 1.8559441367785137}
{"epoch": 47, "train_loss": 1.847065399090449, "val_loss": 1.8547237912813823, "best_epoch": 47, "best_val_loss": 1.8547237912813823}
{"epoch": 48, "train_loss": 1.842080553372701, "val_loss": 1.8505197763442993, "best_epoch": 48, "best_val_loss": 1.8505197763442993}
{"epoch": 49, "train_loss": 1.8279776374499004, "val_loss": 1.8447379072507222, "best_epoch": 49, "best_val_loss": 1.8447379072507222}
{"epoch": 50, "train_loss": 1.8161863187948863, "val_loss": 1.848357379436493, "best_epoch": 49, "best_val_loss": 1.8447379072507222}
