{"total_training_time": 7.291946887969971, "train_loss": [null, 2.334239661693573, 2.311749200026194, 2.292274753252665, 2.2754292686780295, 2.2597715655962625, 2.243807395299276, 2.225984195868174, 2.205159624417623, 2.1812517046928406, 2.1559383273124695, 2.13059272368749, 2.1067610879739127, 2.0863308906555176, 2.06866787870725, 2.0504423081874847, 2.03005184729894, 2.0120185712973275, 1.9986210862795513, 1.9879742662111919, 1.9786809782187145, 1.970270723104477, 1.9627669950326283, 1.9558498164017994, 1.9491900503635406, 1.9425891439119976, 1.9355012476444244, 1.9261496265729268, 1.9139505326747894, 1.903797854979833, 1.896086186170578, 1.8893964787324269, 1.8835726579030354, 1.8784164786338806, 1.8738559385140736, 1.8700362145900726, 1.8667825559775035, 1.8639490405718486, 1.861463189125061, 1.8593028485774994, 1.8573773105939229, 1.85556756456693, 1.8540224234263103, 1.8525658249855042, 1.8512462377548218, 1.849963555733363, 1.8486919899781544, 1.847065399090449, 1.842080553372701, 1.8279776374499004, 1.8161863187948863], "val_loss": [2.3239646355311074, 2.3041958808898926, 2.286472201347351, 2.270174781481425, 2.2542618115743003, 2.237733244895935, 2.219532529513041, 2.198726693789164, 2.174988349278768, 2.1497677167256675, 2.1248935063680015, 2.101225654284159, 2.081140716870626, 2.0645622611045837, 2.048966109752655, 2.0298099915186563, 2.0095662077267966, 1.9936010638872783, 1.9818437496821086, 1.9724798798561096, 1.96489413579305, 1.9582961797714233, 1.952579180399577, 1.9475503166516621, 1.9426417549451191, 1.9375332395235698, 1.9316754937171936, 1.922954221566518, 1.9137203296025593, 1.906389017899831, 1.90023535490036, 1.8941517074902852, 1.8885572950045268, 1.8836603164672852, 1.8794790705045064, 1.8759708007176716, 1.8729821642239888, 1.8703310092290242, 1.8680026332537334, 1.866003115971883, 1.8641460140546162, 1.862496833006541, 1.8608713547388713, 1.8594865600268047, 1.8581788738568623, 1.8570239146550496, 1.8559441367785137, 1.8547237912813823, 1.8505197763442993, 1.8447379072507222, 1.848357379436493], "best_validation_epoch": 49}