{"total_training_time": 4.815798759460449, "train_loss": [null, 2.144517441590627, 2.0060730973879495, 1.8335087100664775, 1.6571423709392548, 1.6025286614894867, 1.5979439516862233, 1.5946172972520192, 1.5928344130516052, 1.5923910935719807, 1.5921197930971782, 1.5919179519017537, 1.5917520423730214, 1.5917517344156902, 1.5917517344156902, 1.5917517344156902], "val_loss": [2.2142654259999595, 2.1077889601389566, 1.9133121967315674, 1.7475697596867878, 1.6147452592849731, 1.6065915028254192, 1.6014269193013508, 1.5980812509854634, 1.597013036410014, 1.596268634001414, 1.5958456794420879, 1.5954767266909282, 1.595353126525879, 1.5953374306360881, 1.5953328013420105, 1.5953314900398254], "best_validation_epoch": 15}