{"epoch": 0, "train_loss": null, "val_loss": 2.3018714984258017, "best_epoch": 0, "best_val_loss": 2.3018714984258017}
{"epoch": 1, "train_loss": 2.070748140414556, "val_loss": 1.9981462756792705, "best_epoch": 1, "best_val_loss": 1.9981462756792705}
{"epoch": 2, "train_loss": 1.9717712601025899, "val_loss": 1.9979184468587239, "best_epoch": 2, "best_val_loss": 1.9979184468587239}
{"epoch": 3, "train_loss": 1.970183511575063, "val_loss": 1.997889796892802, "best_epoch": 3, "best_val_loss": 1.997889796892802}
{"epoch": 4, "train_loss": 1.9701170126597087, "val_loss": 1.9980107148488362, "best_epoch": 3, "best_val_loss": 1.997889796892802}
{"epoch": 5, "train_loss": 1.9701100091139476, "val_loss": 1.9980843464533489, "best_epoch": 3, "best_val_loss": 1.997889796892802}
{"epoch": 6, "train_loss": 1.9701073467731476, "val_loss": 1.9981064399083455, "best_epoch": 3, "best_val_loss": 1.997889796892802}
{"epoch": 7, "train_loss": 1.9701063732306163, "val_loss": 1.9981101155281067, "best_epoch": 3, "best_val_loss": 1.997889796892802}
{"epoch": 8, "train_loss": 1.9701058467229207, "val_loss": 1.9981075326601665, "best_epoch": 3, "best_val_loss": 1.997889796892802}
{"epoch": 9, "train_loss": 1.9701054195563, "val_loss": 1.998103380203247, "best_epoch": 3, "best_val_loss": 1.997889796892802}
{"epoch": 10, "train_loss": 1.9701051513353984, "val_loss": 1.9980989893277485, "best_epoch": 3, "best_val_loss": 1.997889796892802}
{"epoch": 11, "train_loss": 1.9701049427191417, "val_loss": 1.9980945984522502, "best_epoch": 3, "best_val_loss": 1.997889796892802}
{"epoch": 12, "train_loss": 1.9701048135757446, "val_loss": 1.998090426127116, "best_epoch": 3, "best_val_loss": 1.997889796892802}
{"epoch": 13, "train_loss": 1.9701045552889507, "val_loss": 1.9980865319569905, "best_epoch": 3, "best_val_loss": 1.997889796892802}
{"epoch": 14, "train_loss": 1.9701045155525208, "val_loss": 1.9980847835540771, "best_epoch": 3, "best_val_loss": 1.997889796892802}
{"epoch": 15, "train_loss": 1.970104416211446, "val_loss": 1.9980831344922383, "best_epoch": 3, "best_val_loss": 1.997889796892802}
{"epoch": 16, "train_loss": 1.9701043665409088, "val_loss": 1.9980812867482503, "best_epoch": 3, "best_val_loss": 1.997889796892802}
{"epoch": 17, "train_loss": 1.9701043764750164, "val_loss": 1.998079538345337, "best_epoch": 3, "best_val_loss": 1.997889796892802}
{"epoch": 18, "train_loss": 1.9701042870680492, "val_loss": 1.9980778694152832, "best_epoch": 3, "best_val_loss": 1.997889796892802}
{"epoch": 19, "train_loss": 1.970104197661082, "val_loss": 1.9980762600898743, "best_epoch": 3, "best_val_loss": 1.997889796892802}
{"epoch": 20, "train_loss": 1.970104177792867, "val_loss": 1.9980746507644653, "best_epoch": 3, "best_val_loss": 1.997889796892802}
{"epoch": 21, "train_loss": 1.9701040784517925, "val_loss": 1.9980731010437012, "best_epoch": 3, "best_val_loss": 1.997889796892802}
{"epoch": 22, "train_loss": 1.9701039890448253, "val_loss": 1.9980715711911519, "best_epoch": 3, "best_val_loss": 1.997889796892802}
