{"total_training_time": 3.215049982070923, "train_loss": [null, 2.070748140414556, 1.9717712601025899, 1.970183511575063, 1.9701170126597087, 1.9701100091139476, 1.9701073467731476, 1.9701063732306163, 1.9701058467229207, 1.9701054195563, 1.9701051513353984, 1.9701049427191417, 1.9701048135757446, 1.9701045552889507, 1.9701045155525208, 1.970104416211446, 1.9701043665409088, 1.9701043764750164, 1.9701042870680492, 1.970104197661082, 1.970104177792867, 1.9701040784517925, 1.9701039890448253, 1.9701039791107178], "val_loss": [2.3018714984258017, 1.9981462756792705, 1.9979184468587239, 1.997889796892802, 1.9980107148488362, 1.9980843464533489, 1.9981064399083455, 1.9981101155281067, 1.9981075326601665, 1.998103380203247, 1.9980989893277485, 1.9980945984522502, 1.998090426127116, 1.9980865319569905, 1.9980847835540771, 1.9980831344922383, 1.9980812867482503, 1.998079538345337, 1.9980778694152832, 1.9980762600898743, 1.9980746507644653, 1.9980731010437012, 1.9980715711911519, 1.9980698625246684], "best_validation_epoch": 3}