{"epoch": 0, "train_loss": null, "val_loss": 2.334271232287089, "best_epoch": 0, "best_val_loss": 2.334271232287089}
{"epoch": 1, "train_loss": 2.304230014483134, "val_loss": 2.1821696758270264, "best_epoch": 1, "best_val_loss": 2.1821696758270264}
{"epoch": 2, "train_loss": 2.1797220508257547, "val_loss": 2.085684915383657, "best_epoch": 2, "best_val_loss": 2.085684915383657}
{"epoch": 3, "train_loss": 2.127712696790695, "val_loss": 2.0523628393809, "best_epoch": 3, "best_val_loss": 2.0523628393809}
{"epoch": 4, "train_loss": 2.08010466893514, "val_loss": 2.000234226385752, "best_epoch": 4, "best_val_loss": 2.000234226385752}
{"epoch": 5, "train_loss": 2.0358421305815377, "val_loss": 1.9641615748405457, "best_epoch": 5, "best_val_loss": 1.9641615748405457}
{"epoch": 6, "train_loss": 1.9813527564207714, "val_loss": 1.9037418762842815, "best_epoch": 6, "best_val_loss": 1.9037418762842815}
{"epoch": 7, "train_loss": 1.9066710273424785, "val_loss": 1.8436179757118225, "best_epoch": 7, "best_val_loss": 1.8436179757118225}
{"epoch": 8, "train_loss": 1.8334493140379589, "val_loss": 1.7866148551305134, "best_epoch": 8, "best_val_loss": 1.7866148551305134}
{"epoch": 9, "train_loss": 1.7926085193951924, "val_loss": 1.7669270634651184, "best_epoch": 9, "best_val_loss": 1.7669270634651184}
{"epoch": 10, "train_loss": 1.7690739532311757, "val_loss": 1.722118854522705, "best_epoch": 10, "best_val_loss": 1.722118854522705}
{"epoch": 11, "train_loss": 1.751207043727239, "val_loss": 1.7031615773836772, "best_epoch": 11, "best_val_loss": 1.7031615773836772}
{"epoch": 12, "train_loss": 1.736800918976466, "val_loss": 1.7103839715321858, "best_epoch": 11, "best_val_loss": 1.7031615773836772}
{"epoch": 13, "train_loss": 1.7272470096747081, "val_loss": 1.716272234916687, "best_epoch": 11, "best_val_loss": 1.7031615773836772}
{"epoch": 14, "train_loss": 1.6939358015855153, "val_loss": 1.7382755080858867, "best_epoch": 11, "best_val_loss": 1.7031615773836772}
{"epoch": 15, "train_loss": 1.6880497137705486, "val_loss": 1.7208218773206074, "best_epoch": 11, "best_val_loss": 1.7031615773836772}
{"epoch": 16, "train_loss": 1.6758292118708293, "val_loss": 1.7208427985509236, "best_epoch": 11, "best_val_loss": 1.7031615773836772}
{"epoch": 17, "train_loss": 1.6675428450107574, "val_loss": 1.767405351003011, "best_epoch": 11, "best_val_loss": 1.7031615773836772}
{"epoch": 18, "train_loss": 1.6570112605889638, "val_loss": 1.7364697655042012, "best_epoch": 11, "best_val_loss": 1.7031615773836772}
{"epoch": 19, "train_loss": 1.6588949660460155, "val_loss": 1.7177115480105083, "best_epoch": 11, "best_val_loss": 1.7031615773836772}
{"epoch": 20, "train_loss": 1.6567887365818024, "val_loss": 1.7447122534116108, "best_epoch": 11, "best_val_loss": 1.7031615773836772}
{"epoch": 21, "train_loss": 1.653724839289983, "val_loss": 1.7644259730974834, "best_epoch": 11, "best_val_loss": 1.7031615773836772}
{"epoch": 22, "train_loss": 1.6438797116279602, "val_loss": 1.7725157936414082, "best_epoch": 11, "best_val_loss": 1.7031615773836772}
{"epoch": 23, "train_loss": 1.6393378178278606, "val_loss": 1.7558758854866028, "best_epoch": 11, "best_val_loss": 1.7031615773836772}
{"epoch": 24, "train_loss": 1.6354852616786957, "val_loss": 1.760085900624593, "best_epoch": 11, "best_val_loss": 1.7031615773836772}
{"epoch": 25, "train_loss": 1.6335467894872029, "val_loss": 1.7563305894533794, "best_epoch": 11, "best_val_loss": 1.7031615773836772}
{"epoch": 26, "train_loss": 1.6356541415055592, "val_loss": 1.752375026543935, "best_epoch": 11, "best_val_loss": 1.7031615773836772}
{"epoch": 27, "train_loss": 1.631637066602707, "val_loss": 1.748790939648946, "best_epoch": 11, "best_val_loss": 1.7031615773836772}
{"epoch": 28, "train_loss": 1.6306501825650532, "val_loss": 1.7558429042498271, "best_epoch": 11, "best_val_loss": 1.7031615773836772}
{"epoch": 29, "train_loss": 1.6292455395062764, "val_loss": 1.7577888369560242, "best_epoch": 11, "best_val_loss": 1.7031615773836772}
{"epoch": 30, "train_loss": 1.6280568838119507, "val_loss": 1.7551906903584797, "best_epoch": 11, "best_val_loss": 1.7031615773836772}
