{"total_training_time": 8.230628490447998, "train_loss": [null, 2.304230014483134, 2.1797220508257547, 2.127712696790695, 2.08010466893514, 2.0358421305815377, 1.9813527564207714, 1.9066710273424785, 1.8334493140379589, 1.7926085193951924, 1.7690739532311757, 1.751207043727239, 1.736800918976466, 1.7272470096747081, 1.6939358015855153, 1.6880497137705486, 1.6758292118708293, 1.6675428450107574, 1.6570112605889638, 1.6588949660460155, 1.6567887365818024, 1.653724839289983, 1.6438797116279602, 1.6393378178278606, 1.6354852616786957, 1.6335467894872029, 1.6356541415055592, 1.631637066602707, 1.6306501825650532, 1.6292455395062764, 1.6280568838119507, 1.6271862785021465], "val_loss": [2.334271232287089, 2.1821696758270264, 2.085684915383657, 2.0523628393809, 2.000234226385752, 1.9641615748405457, 1.9037418762842815, 1.8436179757118225, 1.7866148551305134, 1.7669270634651184, 1.722118854522705, 1.7031615773836772, 1.7103839715321858, 1.716272234916687, 1.7382755080858867, 1.7208218773206074, 1.7208427985509236, 1.767405351003011, 1.7364697655042012, 1.7177115480105083, 1.7447122534116108, 1.7644259730974834, 1.7725157936414082, 1.7558758854866028, 1.760085900624593, 1.7563305894533794, 1.752375026543935, 1.748790939648946, 1.7558429042498271, 1.7577888369560242, 1.7551906903584797, 1.7586747010548909], "best_validation_epoch": 11}