{"epoch": 0, "train_loss": null, "val_loss": 2.787761096443449, "best_epoch": 0, "best_val_loss": 2.787761096443449}
{"epoch": 1, "train_loss": 1.0344366209847586, "val_loss": 0.6026096631373677, "best_epoch": 1, "best_val_loss": 0.6026096631373677}
{"epoch": 2, "train_loss": 0.5240791193076543, "val_loss": 0.4678209679467337, "best_epoch": 2, "best_val_loss": 0.4678209679467337}
{"epoch": 3, "train_loss": 0.4607543387583324, "val_loss": 0.45026527983801706, "best_epoch": 3, "best_val_loss": 0.45026527983801706}
{"epoch": 4, "train_loss": 0.43768617383071357, "val_loss": 0.42752620205283165, "best_epoch": 4, "best_val_loss": 0.42752620205283165}
{"epoch": 5, "train_loss": 0.4219856257949557, "val_loss": 0.41787602433136534, "best_epoch": 5, "best_val_loss": 0.41787602433136534}
{"epoch": 6, "train_loss": 0.4144977867603302, "val_loss": 0.41609187690275057, "best_epoch": 6, "best_val_loss": 0.41609187690275057}
{"epoch": 7, "train_loss": 0.40678424196583884, "val_loss": 0.40832159561770304, "best_epoch": 7, "best_val_loss": 0.40832159561770304}
{"epoch": 8, "train_loss": 0.40134565702506475, "val_loss": 0.4088647062225001, "best_epoch": 7, "best_val_loss": 0.40832159561770304}
{"epoch": 9, "train_loss": 0.3985600995165961, "val_loss": 0.40664689775024143, "best_epoch": 9, "best_val_loss": 0.40664689775024143}
{"epoch": 10, "train_loss": 0.39832822127001627, "val_loss": 0.40229389124682974, "best_epoch": 10, "best_val_loss": 0.40229389124682974}
{"epoch": 11, "train_loss": 0.3924701567207064, "val_loss": 0.40477708567466053, "best_epoch": 10, "best_val_loss": 0.40229389124682974}
{"epoch": 12, "train_loss": 0.39232771013464246, "val_loss": 0.39531500531094416, "best_epoch": 12, "best_val_loss": 0.39531500531094416}
{"epoch": 13, "train_loss": 0.38784363652978626, "val_loss": 0.39632386341691017, "best_epoch": 12, "best_val_loss": 0.39531500531094416}
{"epoch": 14, "train_loss": 0.3855301733527865, "val_loss": 0.39203312673739027, "best_epoch": 14, "best_val_loss": 0.39203312673739027}
{"epoch": 15, "train_loss": 0.3835291956152235, "val_loss": 0.3916307102356638, "best_epoch": 15, "best_val_loss": 0.3916307102356638}
{"epoch": 16, "train_loss": 0.3818068870476314, "val_loss": 0.39432912319898605, "best_epoch": 15, "best_val_loss": 0.3916307102356638}
{"epoch": 17, "train_loss": 0.3812468149832317, "val_loss": 0.39005912254963604, "best_epoch": 17, "best_val_loss": 0.39005912254963604}
{"epoch": 18, "train_loss": 0.3772486197096961, "val_loss": 0.3847313140119825, "best_epoch": 18, "best_val_loss": 0.3847313140119825}
{"epoch": 19, "train_loss": 0.3764034275497709, "val_loss": 0.3880893130387579, "best_epoch": 18, "best_val_loss": 0.3847313140119825}
{"epoch": 20, "train_loss": 0.3749154942376273, "val_loss": 0.3886569802250181, "best_epoch": 18, "best_val_loss": 0.3847313140119825}
{"epoch": 21, "train_loss": 0.3770936433758054, "val_loss": 0.38556551188230515, "best_epoch": 18, "best_val_loss": 0.3847313140119825}
{"epoch": 22, "train_loss": 0.3725286585944039, "val_loss": 0.3831482550927571, "best_epoch": 22, "best_val_loss": 0.3831482550927571}
{"epoch": 23, "train_loss": 0.3725671253034047, "val_loss": 0.3868655429354736, "best_epoch": 22, "best_val_loss": 0.3831482550927571}
{"epoch": 24, "train_loss": 0.3708651512861252, "val_loss": 0.3853643350303173, "best_epoch": 22, "best_val_loss": 0.3831482550927571}
{"epoch": 25, "train_loss": 0.370150602715356, "val_loss": 0.38159122318029404, "best_epoch": 25, "best_val_loss": 0.38159122318029404}
{"epoch": 26, "train_loss": 0.3711588906390326, "val_loss": 0.3845155079449926, "best_epoch": 25, "best_val_loss": 0.38159122318029404}
{"epoch": 27, "train_loss": 0.36939786757741655, "val_loss": 0.38284741235630854, "best_epoch": 25, "best_val_loss": 0.38159122318029404}
{"epoch": 28, "train_loss": 0.37049240001610345, "val_loss": 0.38682334976536886, "best_epoch": 25, "best_val_loss": 0.38159122318029404}
{"epoch": 29, "train_loss": 0.3689609263624464, "val_loss": 0.3845308454973357, "best_epoch": 25, "best_val_loss": 0.38159122318029404}
{"epoch": 30, "train_loss": 0.37017852451120103, "val_loss": 0.39094584967408863, "best_epoch": 25, "best_val_loss": 0.38159122318029404}
{"epoch": 31, "train_loss": 0.3716064717088427, "val_loss": 0.3870026208460331, "best_epoch": 25, "best_val_loss": 0.38159122318029404}
{"epoch": 32, "train_loss": 0.3698592982121876, "val_loss": 0.38339356066925184, "best_epoch": 25, "best_val_loss": 0.38159122318029404}
{"epoch": 33, "train_loss": 0.3706706362111228, "val_loss": 0.390513048108135, "best_epoch": 25, "best_val_loss": 0.38159122318029404}
{"epoch": 34, "train_loss": 0.37062873542308805, "val_loss": 0.3823326086359365, "best_epoch": 25, "best_val_loss": 0.38159122318029404}
{"epoch": 35, "train_loss": 0.3681474890027727, "val_loss": 0.38265065582735197, "best_epoch": 25, "best_val_loss": 0.38159122318029404}
{"epoch": 36, "train_loss": 0.36871666525091445, "val_loss": 0.3835604579320976, "best_epoch": 25, "best_val_loss": 0.38159122318029404}
{"epoch": 37, "train_loss": 0.3609768271446228, "val_loss": 0.3750729864197118, "best_epoch": 37, "best_val_loss": 0.3750729864197118}
{"epoch": 38, "train_loss": 0.36083254260676245, "val_loss": 0.3760798121137278, "best_epoch": 37, "best_val_loss": 0.3750729864197118}
{"epoch": 39, "train_loss": 0.3589045000927789, "val_loss": 0.37797321911369053, "best_epoch": 37, "best_val_loss": 0.3750729864197118}
{"epoch": 40, "train_loss": 0.3607678575175149, "val_loss": 0.3758659692747252, "best_epoch": 37, "best_val_loss": 0.3750729864197118}
{"epoch": 41, "train_loss": 0.3596230455807277, "val_loss": 0.3763208506362779, "best_epoch": 37, "best_val_loss": 0.3750729864197118}
{"epoch": 42, "train_loss": 0.3589355711426054, "val_loss": 0.37948673218488693, "best_epoch": 37, "best_val_loss": 0.3750729864197118}
{"epoch": 43, "train_loss": 0.3592527687549591, "val_loss": 0.37905524032456533, "best_epoch": 37, "best_val_loss": 0.3750729864197118}
{"epoch": 44, "train_loss": 0.3595854367528643, "val_loss": 0.37957287792648586, "best_epoch": 37, "best_val_loss": 0.3750729864197118}
{"epoch": 45, "train_loss": 0.35763076714106967, "val_loss": 0.3754206028367792, "best_epoch": 37, "best_val_loss": 0.3750729864197118}
{"epoch": 46, "train_loss": 0.3576532155275345, "val_loss": 0.3767550917608397, "best_epoch": 37, "best_val_loss": 0.3750729864197118}
{"epoch": 47, "train_loss": 0.3573775738477707, "val_loss": 0.37758716089384897, "best_epoch": 37, "best_val_loss": 0.3750729864197118}
{"epoch": 48, "train_loss": 0.35769454198224204, "val_loss": 0.37470643169113566, "best_epoch": 48, "best_val_loss": 0.37470643169113566}
{"epoch": 49, "train_loss": 0.3580299760614123, "val_loss": 0.37573335639068056, "best_epoch": 48, "best_val_loss": 0.37470643169113566}
{"epoch": 50, "train_loss": 0.3582003819090979, "val_loss": 0.37530354782938957, "best_epoch": 48, "best_val_loss": 0.37470643169113566}
