{"total_training_time": 39.06803584098816, "train_loss": [null, 1.0344366209847586, 0.5240791193076543, 0.4607543387583324, 0.43768617383071357, 0.4219856257949557, 0.4144977867603302, 0.40678424196583884, 0.40134565702506475, 0.3985600995165961, 0.39832822127001627, 0.3924701567207064, 0.39232771013464246, 0.38784363652978626, 0.3855301733527865, 0.3835291956152235, 0.3818068870476314, 0.3812468149832317, 0.3772486197096961, 0.3764034275497709, 0.3749154942376273, 0.3770936433758054, 0.3725286585944039, 0.3725671253034047, 0.3708651512861252, 0.370150602715356, 0.3711588906390326, 0.36939786757741655, 0.37049240001610345, 0.3689609263624464, 0.37017852451120103, 0.3716064717088427, 0.3698592982121876, 0.3706706362111228, 0.37062873542308805, 0.3681474890027727, 0.36871666525091445, 0.3609768271446228, 0.36083254260676245, 0.3589045000927789, 0.3607678575175149, 0.3596230455807277, 0.3589355711426054, 0.3592527687549591, 0.3595854367528643, 0.35763076714106967, 0.3576532155275345, 0.3573775738477707, 0.35769454198224204, 0.3580299760614123, 0.3582003819090979], "val_loss": [2.787761096443449, 0.6026096631373677, 0.4678209679467337, 0.45026527983801706, 0.42752620205283165, 0.41787602433136534, 0.41609187690275057, 0.40832159561770304, 0.4088647062225001, 0.40664689775024143, 0.40229389124682974, 0.40477708567466053, 0.39531500531094416, 0.39632386341691017, 0.39203312673739027, 0.3916307102356638, 0.39432912319898605, 0.39005912254963604, 0.3847313140119825, 0.3880893130387579, 0.3886569802250181, 0.38556551188230515, 0.3831482550927571, 0.3868655429354736, 0.3853643350303173, 0.38159122318029404, 0.3845155079449926, 0.38284741235630854, 0.38682334976536886, 0.3845308454973357, 0.39094584967408863, 0.3870026208460331, 0.38339356066925184, 0.390513048108135, 0.3823326086359365, 0.38265065582735197, 0.3835604579320976, 0.3750729864197118, 0.3760798121137278, 0.37797321911369053, 0.3758659692747252, 0.3763208506362779, 0.37948673218488693, 0.37905524032456533, 0.37957287792648586, 0.3754206028367792, 0.3767550917608397, 0.37758716089384897, 0.37470643169113566, 0.37573335639068056, 0.37530354782938957], "best_validation_epoch": 48}