{"total_training_time": 4.538663864135742, "train_loss": [null, 0.87784843146801, 0.7480548222859701, 0.7342958648999532, 0.710509846607844, 0.6982778459787369, 0.6887497156858444, 0.6824244658152262, 0.6767357985178629, 0.6684604386488596, 0.6608550647894541, 0.6528477619091669, 0.6411131670077642, 0.6277073423067728, 0.617833082874616, 0.6085170308748881], "val_loss": [0.9655623833338419, 0.766142467657725, 0.7457776168982188, 0.7176287968953451, 0.6930280129114786, 0.6913109719753265, 0.6879076957702637, 0.6843371093273163, 0.6790018280347189, 0.6680491964022318, 0.6584073503812155, 0.6487202048301697, 0.6421061158180237, 0.6329243183135986, 0.638434906800588, 0.627544512351354], "best_validation_epoch": 15}