{"epoch": 0, "train_loss": null, "val_loss": 1.911080817381541, "best_epoch": 0, "best_val_loss": 1.911080817381541}
{"epoch": 1, "train_loss": 1.420764257510503, "val_loss": 1.1171181400616963, "best_epoch": 1, "best_val_loss": 1.1171181400616963}
{"epoch": 2, "train_loss": 1.0428946663935978, "val_loss": 0.949880431095759, "best_epoch": 2, "best_val_loss": 0.949880431095759}
{"epoch": 3, "train_loss": 0.9424702674150467, "val_loss": 0.9448405702908834, "best_epoch": 3, "best_val_loss": 0.9448405702908834}
{"epoch": 4, "train_loss": 0.9381059209505717, "val_loss": 0.939194937547048, "best_epoch": 4, "best_val_loss": 0.939194937547048}
{"epoch": 5, "train_loss": 0.9203044176101685, "val_loss": 0.9233605861663818, "best_epoch": 5, "best_val_loss": 0.9233605861663818}
{"epoch": 6, "train_loss": 0.9109227856000265, "val_loss": 0.9167590439319611, "best_epoch": 6, "best_val_loss": 0.9167590439319611}
{"epoch": 7, "train_loss": 0.9044186919927597, "val_loss": 0.9133103489875793, "best_epoch": 7, "best_val_loss": 0.9133103489875793}
{"epoch": 8, "train_loss": 0.8983744929234186, "val_loss": 0.9105800688266754, "best_epoch": 8, "best_val_loss": 0.9105800688266754}
{"epoch": 9, "train_loss": 0.8881825705369314, "val_loss": 0.8998867372671763, "best_epoch": 9, "best_val_loss": 0.8998867372671763}
{"epoch": 10, "train_loss": 0.8771898647149404, "val_loss": 0.8899846275647482, "best_epoch": 10, "best_val_loss": 0.8899846275647482}
{"epoch": 11, "train_loss": 0.853717510898908, "val_loss": 0.8453405499458313, "best_epoch": 11, "best_val_loss": 0.8453405499458313}
{"epoch": 12, "train_loss": 0.7898712952931722, "val_loss": 0.8059651156266531, "best_epoch": 12, "best_val_loss": 0.8059651156266531}
{"epoch": 13, "train_loss": 0.7749820401271185, "val_loss": 0.7597644627094269, "best_epoch": 13, "best_val_loss": 0.7597644627094269}
{"epoch": 14, "train_loss": 0.7415444950262705, "val_loss": 0.7382212380568186, "best_epoch": 14, "best_val_loss": 0.7382212380568186}
{"epoch": 15, "train_loss": 0.7308428337176641, "val_loss": 0.7284251650174459, "best_epoch": 15, "best_val_loss": 0.7284251650174459}
{"epoch": 16, "train_loss": 0.7236123432715734, "val_loss": 0.7218659222126007, "best_epoch": 16, "best_val_loss": 0.7218659222126007}
{"epoch": 17, "train_loss": 0.7171152681112289, "val_loss": 0.7217725813388824, "best_epoch": 17, "best_val_loss": 0.7217725813388824}
{"epoch": 18, "train_loss": 0.7107257495323817, "val_loss": 0.723101019859314, "best_epoch": 17, "best_val_loss": 0.7217725813388824}
{"epoch": 19, "train_loss": 0.7122883598009745, "val_loss": 0.7151527007420858, "best_epoch": 19, "best_val_loss": 0.7151527007420858}
{"epoch": 20, "train_loss": 0.7028983483711878, "val_loss": 0.7231588264306387, "best_epoch": 19, "best_val_loss": 0.7151527007420858}
{"epoch": 21, "train_loss": 0.699955940246582, "val_loss": 0.7159919341405233, "best_epoch": 19, "best_val_loss": 0.7151527007420858}
{"epoch": 22, "train_loss": 0.6929020782311758, "val_loss": 0.7161694566408793, "best_epoch": 19, "best_val_loss": 0.7151527007420858}
{"epoch": 23, "train_loss": 0.6895005454619726, "val_loss": 0.7151755491892496, "best_epoch": 19, "best_val_loss": 0.7151527007420858}
{"epoch": 24, "train_loss": 0.6878394683202108, "val_loss": 0.7171928485234579, "best_epoch": 19, "best_val_loss": 0.7151527007420858}
{"epoch": 25, "train_loss": 0.6898271441459656, "val_loss": 0.7116019427776337, "best_epoch": 25, "best_val_loss": 0.7116019427776337}
{"epoch": 26, "train_loss": 0.6856933236122131, "val_loss": 0.7103681067625681, "best_epoch": 26, "best_val_loss": 0.7103681067625681}
{"epoch": 27, "train_loss": 0.6838462253411611, "val_loss": 0.7163927555084229, "best_epoch": 26, "best_val_loss": 0.7103681067625681}
{"epoch": 28, "train_loss": 0.6852851311365763, "val_loss": 0.7120841145515442, "best_epoch": 26, "best_val_loss": 0.7103681067625681}
{"epoch": 29, "train_loss": 0.6833552221457163, "val_loss": 0.7191364169120789, "best_epoch": 26, "best_val_loss": 0.7103681067625681}
{"epoch": 30, "train_loss": 0.6877421488364538, "val_loss": 0.7094004054864248, "best_epoch": 30, "best_val_loss": 0.7094004054864248}
{"epoch": 31, "train_loss": 0.6788031856218973, "val_loss": 0.7080642779668173, "best_epoch": 31, "best_val_loss": 0.7080642779668173}
{"epoch": 32, "train_loss": 0.6832215885321299, "val_loss": 0.7081048687299093, "best_epoch": 31, "best_val_loss": 0.7080642779668173}
{"epoch": 33, "train_loss": 0.6798212031523386, "val_loss": 0.7056330045064291, "best_epoch": 33, "best_val_loss": 0.7056330045064291}
{"epoch": 34, "train_loss": 0.6789607753356298, "val_loss": 0.7100601096947988, "best_epoch": 33, "best_val_loss": 0.7056330045064291}
{"epoch": 35, "train_loss": 0.6755618453025818, "val_loss": 0.7079846262931824, "best_epoch": 33, "best_val_loss": 0.7056330045064291}
{"epoch": 36, "train_loss": 0.6766331344842911, "val_loss": 0.704911082983017, "best_epoch": 36, "best_val_loss": 0.704911082983017}
{"epoch": 37, "train_loss": 0.6746582239866257, "val_loss": 0.7073312699794769, "best_epoch": 36, "best_val_loss": 0.704911082983017}
{"epoch": 38, "train_loss": 0.6745390544335047, "val_loss": 0.7067992488543192, "best_epoch": 36, "best_val_loss": 0.704911082983017}
{"epoch": 39, "train_loss": 0.673039068778356, "val_loss": 0.7116008102893829, "best_epoch": 36, "best_val_loss": 0.704911082983017}
{"epoch": 40, "train_loss": 0.6745462616284689, "val_loss": 0.7052154541015625, "best_epoch": 36, "best_val_loss": 0.704911082983017}
{"epoch": 41, "train_loss": 0.6729621390501658, "val_loss": 0.7112061182657877, "best_epoch": 36, "best_val_loss": 0.704911082983017}
{"epoch": 42, "train_loss": 0.6740706662336985, "val_loss": 0.7007792989412943, "best_epoch": 42, "best_val_loss": 0.7007792989412943}
{"epoch": 43, "train_loss": 0.6705856323242188, "val_loss": 0.707316001256307, "best_epoch": 42, "best_val_loss": 0.7007792989412943}
{"epoch": 44, "train_loss": 0.6729958355426788, "val_loss": 0.7101418475310007, "best_epoch": 42, "best_val_loss": 0.7007792989412943}
{"epoch": 45, "train_loss": 0.6699837396542231, "val_loss": 0.7057542304197947, "best_epoch": 42, "best_val_loss": 0.7007792989412943}
{"epoch": 46, "train_loss": 0.6677497873703638, "val_loss": 0.7033490041891733, "best_epoch": 42, "best_val_loss": 0.7007792989412943}
{"epoch": 47, "train_loss": 0.6654423226912817, "val_loss": 0.7031510670979818, "best_epoch": 42, "best_val_loss": 0.7007792989412943}
{"epoch": 48, "train_loss": 0.6649840573469797, "val_loss": 0.6999867061773936, "best_epoch": 48, "best_val_loss": 0.6999867061773936}
{"epoch": 49, "train_loss": 0.6628221422433853, "val_loss": 0.7035611867904663, "best_epoch": 48, "best_val_loss": 0.6999867061773936}
{"epoch": 50, "train_loss": 0.6655925462643305, "val_loss": 0.7030384043852488, "best_epoch": 48, "best_val_loss": 0.6999867061773936}
