{"total_training_time": 12.57482099533081, "train_loss": [null, 1.420764257510503, 1.0428946663935978, 0.9424702674150467, 0.9381059209505717, 0.9203044176101685, 0.9109227856000265, 0.9044186919927597, 0.8983744929234186, 0.8881825705369314, 0.8771898647149404, 0.853717510898908, 0.7898712952931722, 0.7749820401271185, 0.7415444950262705, 0.7308428337176641, 0.7236123432715734, 0.7171152681112289, 0.7107257495323817, 0.7122883598009745, 0.7028983483711878, 0.699955940246582, 0.6929020782311758, 0.6895005454619726, 0.6878394683202108, 0.6898271441459656, 0.6856933236122131, 0.6838462253411611, 0.6852851311365763, 0.6833552221457163, 0.6877421488364538, 0.6788031856218973, 0.6832215885321299, 0.6798212031523386, 0.6789607753356298, 0.6755618453025818, 0.6766331344842911, 0.6746582239866257, 0.6745390544335047, 0.673039068778356, 0.6745462616284689, 0.6729621390501658, 0.6740706662336985, 0.6705856323242188, 0.6729958355426788, 0.6699837396542231, 0.6677497873703638, 0.6654423226912817, 0.6649840573469797, 0.6628221422433853, 0.6655925462643305], "val_loss": [1.911080817381541, 1.1171181400616963, 0.949880431095759, 0.9448405702908834, 0.939194937547048, 0.9233605861663818, 0.9167590439319611, 0.9133103489875793, 0.9105800688266754, 0.8998867372671763, 0.8899846275647482, 0.8453405499458313, 0.8059651156266531, 0.7597644627094269, 0.7382212380568186, 0.7284251650174459, 0.7218659222126007, 0.7217725813388824, 0.723101019859314, 0.7151527007420858, 0.7231588264306387, 0.7159919341405233, 0.7161694566408793, 0.7151755491892496, 0.7171928485234579, 0.7116019427776337, 0.7103681067625681, 0.7163927555084229, 0.7120841145515442, 0.7191364169120789, 0.7094004054864248, 0.7080642779668173, 0.7081048687299093, 0.7056330045064291, 0.7100601096947988, 0.7079846262931824, 0.704911082983017, 0.7073312699794769, 0.7067992488543192, 0.7116008102893829, 0.7052154541015625, 0.7112061182657877, 0.7007792989412943, 0.707316001256307, 0.7101418475310007, 0.7057542304197947, 0.7033490041891733, 0.7031510670979818, 0.6999867061773936, 0.7035611867904663, 0.7030384043852488], "best_validation_epoch": 48}