{"epoch": 0, "train_loss": null, "val_loss": 2.5671810309092202, "best_epoch": 0, "best_val_loss": 2.5671810309092202}
{"epoch": 1, "train_loss": 2.3628963033358255, "val_loss": 2.162254810333252, "best_epoch": 1, "best_val_loss": 2.162254810333252}
{"epoch": 2, "train_loss": 2.0773287216822305, "val_loss": 1.9983966946601868, "best_epoch": 2, "best_val_loss": 1.9983966946601868}
{"epoch": 3, "train_loss": 1.9919367929299672, "val_loss": 1.9509170850118, "best_epoch": 3, "best_val_loss": 1.9509170850118}
{"epoch": 4, "train_loss": 1.927302787701289, "val_loss": 1.9111860394477844, "best_epoch": 4, "best_val_loss": 1.9111860394477844}
{"epoch": 5, "train_loss": 1.879342536131541, "val_loss": 1.8891143600145976, "best_epoch": 5, "best_val_loss": 1.8891143600145976}
{"epoch": 6, "train_loss": 1.8520859877268474, "val_loss": 1.8576603531837463, "best_epoch": 6, "best_val_loss": 1.8576603531837463}
{"epoch": 7, "train_loss": 1.8058755298455555, "val_loss": 1.8492556810379028, "best_epoch": 7, "best_val_loss": 1.8492556810379028}
{"epoch": 8, "train_loss": 1.7810374597708385, "val_loss": 1.82648632923762, "best_epoch": 8, "best_val_loss": 1.82648632923762}
{"epoch": 9, "train_loss": 1.7693817615509033, "val_loss": 1.8233236869176228, "best_epoch": 9, "best_val_loss": 1.8233236869176228}
{"epoch": 10, "train_loss": 1.7633274495601654, "val_loss": 1.8230475385983784, "best_epoch": 10, "best_val_loss": 1.8230475385983784}
{"epoch": 11, "train_loss": 1.7600537637869518, "val_loss": 1.821899950504303, "best_epoch": 11, "best_val_loss": 1.821899950504303}
{"epoch": 12, "train_loss": 1.7580232620239258, "val_loss": 1.8213961521784465, "best_epoch": 12, "best_val_loss": 1.8213961521784465}
{"epoch": 13, "train_loss": 1.756563385327657, "val_loss": 1.8211092750231426, "best_epoch": 13, "best_val_loss": 1.8211092750231426}
{"epoch": 14, "train_loss": 1.7554167409737904, "val_loss": 1.8206608096758525, "best_epoch": 14, "best_val_loss": 1.8206608096758525}
{"epoch": 15, "train_loss": 1.7544439435005188, "val_loss": 1.8200698494911194, "best_epoch": 15, "best_val_loss": 1.8200698494911194}
{"epoch": 16, "train_loss": 1.7536641756693523, "val_loss": 1.8192274570465088, "best_epoch": 16, "best_val_loss": 1.8192274570465088}
{"epoch": 17, "train_loss": 1.7529887060324352, "val_loss": 1.8182369073232014, "best_epoch": 17, "best_val_loss": 1.8182369073232014}
{"epoch": 18, "train_loss": 1.7523619731267293, "val_loss": 1.8173001209894817, "best_epoch": 18, "best_val_loss": 1.8173001209894817}
{"epoch": 19, "train_loss": 1.7517704963684082, "val_loss": 1.8164782524108887, "best_epoch": 19, "best_val_loss": 1.8164782524108887}
{"epoch": 20, "train_loss": 1.7512107888857524, "val_loss": 1.8158314228057861, "best_epoch": 20, "best_val_loss": 1.8158314228057861}
{"epoch": 21, "train_loss": 1.7507302165031433, "val_loss": 1.8153642018636067, "best_epoch": 21, "best_val_loss": 1.8153642018636067}
{"epoch": 22, "train_loss": 1.750274509191513, "val_loss": 1.814994215965271, "best_epoch": 22, "best_val_loss": 1.814994215965271}
{"epoch": 23, "train_loss": 1.7498559951782227, "val_loss": 1.8146781921386719, "best_epoch": 23, "best_val_loss": 1.8146781921386719}
{"epoch": 24, "train_loss": 1.74949312210083, "val_loss": 1.8144242366154988, "best_epoch": 24, "best_val_loss": 1.8144242366154988}
{"epoch": 25, "train_loss": 1.7492258648077648, "val_loss": 1.8142040967941284, "best_epoch": 25, "best_val_loss": 1.8142040967941284}
{"epoch": 26, "train_loss": 1.7490163246790569, "val_loss": 1.8139990369478862, "best_epoch": 26, "best_val_loss": 1.8139990369478862}
{"epoch": 27, "train_loss": 1.7488193015257518, "val_loss": 1.8138077060381572, "best_epoch": 27, "best_val_loss": 1.8138077060381572}
{"epoch": 28, "train_loss": 1.748643825451533, "val_loss": 1.8136349121729534, "best_epoch": 28, "best_val_loss": 1.8136349121729534}
{"epoch": 29, "train_loss": 1.7484938899676006, "val_loss": 1.8134776751200359, "best_epoch": 29, "best_val_loss": 1.8134776751200359}
{"epoch": 30, "train_loss": 1.7483627597490947, "val_loss": 1.8133490482966106, "best_epoch": 30, "best_val_loss": 1.8133490482966106}
{"epoch": 31, "train_loss": 1.7482468982537587, "val_loss": 1.8132178386052449, "best_epoch": 31, "best_val_loss": 1.8132178386052449}
{"epoch": 32, "train_loss": 1.7481435040632884, "val_loss": 1.8131016095479329, "best_epoch": 32, "best_val_loss": 1.8131016095479329}
{"epoch": 33, "train_loss": 1.748049408197403, "val_loss": 1.812997003396352, "best_epoch": 33, "best_val_loss": 1.812997003396352}
{"epoch": 34, "train_loss": 1.7479684154192607, "val_loss": 1.812903384367625, "best_epoch": 34, "best_val_loss": 1.812903384367625}
{"epoch": 35, "train_loss": 1.7478909591833751, "val_loss": 1.812813897927602, "best_epoch": 35, "best_val_loss": 1.812813897927602}
{"epoch": 36, "train_loss": 1.7478191653887432, "val_loss": 1.8127291003863018, "best_epoch": 36, "best_val_loss": 1.8127291003863018}
{"epoch": 37, "train_loss": 1.7477558851242065, "val_loss": 1.8126553694407146, "best_epoch": 37, "best_val_loss": 1.8126553694407146}
{"epoch": 38, "train_loss": 1.7476966679096222, "val_loss": 1.8125933806101482, "best_epoch": 38, "best_val_loss": 1.8125933806101482}
{"epoch": 39, "train_loss": 1.747641255458196, "val_loss": 1.8125317494074504, "best_epoch": 39, "best_val_loss": 1.8125317494074504}
{"epoch": 40, "train_loss": 1.747589151064555, "val_loss": 1.8124748468399048, "best_epoch": 40, "best_val_loss": 1.8124748468399048}
{"epoch": 41, "train_loss": 1.7475396990776062, "val_loss": 1.8124281366666157, "best_epoch": 41, "best_val_loss": 1.8124281366666157}
{"epoch": 42, "train_loss": 1.7474929789702098, "val_loss": 1.8123846252759297, "best_epoch": 42, "best_val_loss": 1.8123846252759297}
{"epoch": 43, "train_loss": 1.7474266390005748, "val_loss": 1.8123558362325032, "best_epoch": 43, "best_val_loss": 1.8123558362325032}
{"epoch": 44, "train_loss": 1.7473059793313344, "val_loss": 1.812369207541148, "best_epoch": 43, "best_val_loss": 1.8123558362325032}
{"epoch": 45, "train_loss": 1.746925284465154, "val_loss": 1.8125889499982197, "best_epoch": 43, "best_val_loss": 1.8123558362325032}
{"epoch": 46, "train_loss": 1.7466603418191273, "val_loss": 1.8128183086713154, "best_epoch": 43, "best_val_loss": 1.8123558362325032}
{"epoch": 47, "train_loss": 1.7465418775876362, "val_loss": 1.812935511271159, "best_epoch": 43, "best_val_loss": 1.8123558362325032}
{"epoch": 48, "train_loss": 1.7464635372161865, "val_loss": 1.812852382659912, "best_epoch": 43, "best_val_loss": 1.8123558362325032}
{"epoch": 49, "train_loss": 1.7463984787464142, "val_loss": 1.8128097454706829, "best_epoch": 43, "best_val_loss": 1.8123558362325032}
{"epoch": 50, "train_loss": 1.7463460365931194, "val_loss": 1.8127714196840923, "best_epoch": 43, "best_val_loss": 1.8123558362325032}
