{"total_training_time": 7.6202781200408936, "train_loss": [null, 2.3628963033358255, 2.0773287216822305, 1.9919367929299672, 1.927302787701289, 1.879342536131541, 1.8520859877268474, 1.8058755298455555, 1.7810374597708385, 1.7693817615509033, 1.7633274495601654, 1.7600537637869518, 1.7580232620239258, 1.756563385327657, 1.7554167409737904, 1.7544439435005188, 1.7536641756693523, 1.7529887060324352, 1.7523619731267293, 1.7517704963684082, 1.7512107888857524, 1.7507302165031433, 1.750274509191513, 1.7498559951782227, 1.74949312210083, 1.7492258648077648, 1.7490163246790569, 1.7488193015257518, 1.748643825451533, 1.7484938899676006, 1.7483627597490947, 1.7482468982537587, 1.7481435040632884, 1.748049408197403, 1.7479684154192607, 1.7478909591833751, 1.7478191653887432, 1.7477558851242065, 1.7476966679096222, 1.747641255458196, 1.747589151064555, 1.7475396990776062, 1.7474929789702098, 1.7474266390005748, 1.7473059793313344, 1.746925284465154, 1.7466603418191273, 1.7465418775876362, 1.7464635372161865, 1.7463984787464142, 1.7463460365931194], "val_loss": [2.5671810309092202, 2.162254810333252, 1.9983966946601868, 1.9509170850118, 1.9111860394477844, 1.8891143600145976, 1.8576603531837463, 1.8492556810379028, 1.82648632923762, 1.8233236869176228, 1.8230475385983784, 1.821899950504303, 1.8213961521784465, 1.8211092750231426, 1.8206608096758525, 1.8200698494911194, 1.8192274570465088, 1.8182369073232014, 1.8173001209894817, 1.8164782524108887, 1.8158314228057861, 1.8153642018636067, 1.814994215965271, 1.8146781921386719, 1.8144242366154988, 1.8142040967941284, 1.8139990369478862, 1.8138077060381572, 1.8136349121729534, 1.8134776751200359, 1.8133490482966106, 1.8132178386052449, 1.8131016095479329, 1.812997003396352, 1.812903384367625, 1.812813897927602, 1.8127291003863018, 1.8126553694407146, 1.8125933806101482, 1.8125317494074504, 1.8124748468399048, 1.8124281366666157, 1.8123846252759297, 1.8123558362325032, 1.812369207541148, 1.8125889499982197, 1.8128183086713154, 1.812935511271159, 1.812852382659912, 1.8128097454706829, 1.8127714196840923], "best_validation_epoch": 43}