{"epoch": 0, "train_loss": null, "val_loss": 0.9756148358186086, "best_epoch": 0, "best_val_loss": 0.9756148358186086}
{"epoch": 1, "train_loss": 0.9050831397374471, "val_loss": 0.7870298425356547, "best_epoch": 1, "best_val_loss": 0.7870298425356547}
{"epoch": 2, "train_loss": 0.6726054946581522, "val_loss": 0.49253441393375397, "best_epoch": 2, "best_val_loss": 0.49253441393375397}
{"epoch": 3, "train_loss": 0.37372537950674695, "val_loss": 0.25964975853761035, "best_epoch": 3, "best_val_loss": 0.25964975853761035}
{"epoch": 4, "train_loss": 0.1891961054255565, "val_loss": 0.14580777008086443, "best_epoch": 4, "best_val_loss": 0.14580777008086443}
{"epoch": 5, "train_loss": 0.11810077936388552, "val_loss": 0.11690091566803555, "best_epoch": 5, "best_val_loss": 0.11690091566803555}
{"epoch": 6, "train_loss": 0.09825535411558424, "val_loss": 0.09966170492892464, "best_epoch": 6, "best_val_loss": 0.09966170492892464}
{"epoch": 7, "train_loss": 0.07945160399928379, "val_loss": 0.08079452199550967, "best_epoch": 7, "best_val_loss": 0.08079452199550967}
{"epoch": 8, "train_loss": 0.06784652547988419, "val_loss": 0.07475511530356016, "best_epoch": 8, "best_val_loss": 0.07475511530356016}
{"epoch": 9, "train_loss": 0.06435521918804928, "val_loss": 0.07197422115132213, "best_epoch": 9, "best_val_loss": 0.07197422115132213}
{"epoch": 10, "train_loss": 0.06267742523535465, "val_loss": 0.07051149445275466, "best_epoch": 10, "best_val_loss": 0.07051149445275466}
{"epoch": 11, "train_loss": 0.061784634683135664, "val_loss": 0.06971560262657779, "best_epoch": 11, "best_val_loss": 0.06971560262657779}
{"epoch": 12, "train_loss": 0.06125319789498462, "val_loss": 0.06928818369730531, "best_epoch": 12, "best_val_loss": 0.06928818369730531}
{"epoch": 13, "train_loss": 0.060897839266544906, "val_loss": 0.069036737496693, "best_epoch": 13, "best_val_loss": 0.069036737496693}
{"epoch": 14, "train_loss": 0.06063847015684587, "val_loss": 0.06887428923558521, "best_epoch": 14, "best_val_loss": 0.06887428923558521}
{"epoch": 15, "train_loss": 0.06043579028604048, "val_loss": 0.06876178263094819, "best_epoch": 15, "best_val_loss": 0.06876178263094819}
{"epoch": 16, "train_loss": 0.0602716610301286, "val_loss": 0.0686698637085404, "best_epoch": 16, "best_val_loss": 0.0686698637085404}
{"epoch": 17, "train_loss": 0.060135649798515566, "val_loss": 0.06859267379210603, "best_epoch": 17, "best_val_loss": 0.06859267379210603}
{"epoch": 18, "train_loss": 0.06002125142367731, "val_loss": 0.06852816759298246, "best_epoch": 18, "best_val_loss": 0.06852816759298246}
{"epoch": 19, "train_loss": 0.059922811820797506, "val_loss": 0.06846506481209265, "best_epoch": 19, "best_val_loss": 0.06846506481209265}
{"epoch": 20, "train_loss": 0.059838003261878235, "val_loss": 0.06840823512417653, "best_epoch": 20, "best_val_loss": 0.06840823512417653}
{"epoch": 21, "train_loss": 0.059763514342800285, "val_loss": 0.06834771063222433, "best_epoch": 21, "best_val_loss": 0.06834771063222433}
{"epoch": 22, "train_loss": 0.05969670243212022, "val_loss": 0.06827481870277552, "best_epoch": 22, "best_val_loss": 0.06827481870277552}
{"epoch": 23, "train_loss": 0.05963157847387871, "val_loss": 0.06814653733332914, "best_epoch": 23, "best_val_loss": 0.06814653733332914}
{"epoch": 24, "train_loss": 0.059515979353212366, "val_loss": 0.06777454647332586, "best_epoch": 24, "best_val_loss": 0.06777454647332586}
{"epoch": 25, "train_loss": 0.05906097350937974, "val_loss": 0.06773023551068036, "best_epoch": 25, "best_val_loss": 0.06773023551068036}
{"epoch": 26, "train_loss": 0.058972202724059265, "val_loss": 0.06792338055068588, "best_epoch": 25, "best_val_loss": 0.06773023551068036}
{"epoch": 27, "train_loss": 0.05891637601143884, "val_loss": 0.06801784006226323, "best_epoch": 25, "best_val_loss": 0.06773023551068036}
{"epoch": 28, "train_loss": 0.05887771511910008, "val_loss": 0.06801898541137537, "best_epoch": 25, "best_val_loss": 0.06773023551068036}
{"epoch": 29, "train_loss": 0.05884460589974575, "val_loss": 0.0679960281346818, "best_epoch": 25, "best_val_loss": 0.06773023551068036}
{"epoch": 30, "train_loss": 0.0588148018253681, "val_loss": 0.06796852099432726, "best_epoch": 25, "best_val_loss": 0.06773023551068036}
{"epoch": 31, "train_loss": 0.058788019390703994, "val_loss": 0.06794208695221944, "best_epoch": 25, "best_val_loss": 0.06773023551068036}
{"epoch": 32, "train_loss": 0.0587633301677973, "val_loss": 0.06791694249477587, "best_epoch": 25, "best_val_loss": 0.06773023551068036}
{"epoch": 33, "train_loss": 0.058741294487541985, "val_loss": 0.06789209073516152, "best_epoch": 25, "best_val_loss": 0.06773023551068036}
{"epoch": 34, "train_loss": 0.05872089736870597, "val_loss": 0.06786787229672579, "best_epoch": 25, "best_val_loss": 0.06773023551068036}
{"epoch": 35, "train_loss": 0.05870219668789408, "val_loss": 0.06784387662931597, "best_epoch": 25, "best_val_loss": 0.06773023551068036}
{"epoch": 36, "train_loss": 0.05868480116350838, "val_loss": 0.06782044181030263, "best_epoch": 25, "best_val_loss": 0.06773023551068036}
{"epoch": 37, "train_loss": 0.05867225602802743, "val_loss": 0.06780908323404826, "best_epoch": 25, "best_val_loss": 0.06773023551068036}
{"epoch": 38, "train_loss": 0.05866451916123575, "val_loss": 0.0677980885211582, "best_epoch": 25, "best_val_loss": 0.06773023551068036}
{"epoch": 39, "train_loss": 0.05865710269063129, "val_loss": 0.06778709796405262, "best_epoch": 25, "best_val_loss": 0.06773023551068036}
{"epoch": 40, "train_loss": 0.05864990435566142, "val_loss": 0.06777633292646594, "best_epoch": 25, "best_val_loss": 0.06773023551068036}
{"epoch": 41, "train_loss": 0.05864290378879863, "val_loss": 0.06776548323614406, "best_epoch": 25, "best_val_loss": 0.06773023551068036}
{"epoch": 42, "train_loss": 0.05863604822601095, "val_loss": 0.06775492412149713, "best_epoch": 25, "best_val_loss": 0.06773023551068036}
{"epoch": 43, "train_loss": 0.05862944986741544, "val_loss": 0.06774454041806166, "best_epoch": 25, "best_val_loss": 0.06773023551068036}
{"epoch": 44, "train_loss": 0.05862303455827108, "val_loss": 0.06773418281591148, "best_epoch": 25, "best_val_loss": 0.06773023551068036}
{"epoch": 45, "train_loss": 0.058616773689512534, "val_loss": 0.06772407620519516, "best_epoch": 45, "best_val_loss": 0.06772407620519516}
{"epoch": 46, "train_loss": 0.05861069483338118, "val_loss": 0.0677140129688875, "best_epoch": 46, "best_val_loss": 0.0677140129688875}
{"epoch": 47, "train_loss": 0.05860472209375681, "val_loss": 0.06770438045289968, "best_epoch": 47, "best_val_loss": 0.06770438045289968}
{"epoch": 48, "train_loss": 0.05859907533006966, "val_loss": 0.0676946670879867, "best_epoch": 48, "best_val_loss": 0.0676946670879867}
{"epoch": 49, "train_loss": 0.05859354014713366, "val_loss": 0.06768498831358254, "best_epoch": 49, "best_val_loss": 0.06768498831358254}
{"epoch": 50, "train_loss": 0.058587968245168064, "val_loss": 0.06767605327634858, "best_epoch": 50, "best_val_loss": 0.06767605327634858}
