{"total_training_time": 7.122952461242676, "train_loss": [null, 0.9050831397374471, 0.6726054946581522, 0.37372537950674695, 0.1891961054255565, 0.11810077936388552, 0.09825535411558424, 0.07945160399928379, 0.06784652547988419, 0.06435521918804928, 0.06267742523535465, 0.061784634683135664, 0.06125319789498462, 0.060897839266544906, 0.06063847015684587, 0.06043579028604048, 0.0602716610301286, 0.060135649798515566, 0.06002125142367731, 0.059922811820797506, 0.059838003261878235, 0.059763514342800285, 0.05969670243212022, 0.05963157847387871, 0.059515979353212366, 0.05906097350937974, 0.058972202724059265, 0.05891637601143884, 0.05887771511910008, 0.05884460589974575, 0.0588148018253681, 0.058788019390703994, 0.0587633301677973, 0.058741294487541985, 0.05872089736870597, 0.05870219668789408, 0.05868480116350838, 0.05867225602802743, 0.05866451916123575, 0.05865710269063129, 0.05864990435566142, 0.05864290378879863, 0.05863604822601095, 0.05862944986741544, 0.05862303455827108, 0.058616773689512534, 0.05861069483338118, 0.05860472209375681, 0.05859907533006966, 0.05859354014713366, 0.058587968245168064], "val_loss": [0.9756148358186086, 0.7870298425356547, 0.49253441393375397, 0.25964975853761035, 0.14580777008086443, 0.11690091566803555, 0.09966170492892464, 0.08079452199550967, 0.07475511530356016, 0.07197422115132213, 0.07051149445275466, 0.06971560262657779, 0.06928818369730531, 0.069036737496693, 0.06887428923558521, 0.06876178263094819, 0.0686698637085404, 0.06859267379210603, 0.06852816759298246, 0.06846506481209265, 0.06840823512417653, 0.06834771063222433, 0.06827481870277552, 0.06814653733332914, 0.06777454647332586, 0.06773023551068036, 0.06792338055068588, 0.06801784006226323, 0.06801898541137537, 0.0679960281346818, 0.06796852099432726, 0.06794208695221944, 0.06791694249477587, 0.06789209073516152, 0.06786787229672579, 0.06784387662931597, 0.06782044181030263, 0.06780908323404826, 0.0677980885211582, 0.06778709796405262, 0.06777633292646594, 0.06776548323614406, 0.06775492412149713, 0.06774454041806166, 0.06773418281591148, 0.06772407620519516, 0.0677140129688875, 0.06770438045289968, 0.0676946670879867, 0.06768498831358254, 0.06767605327634858], "best_validation_epoch": 50}