{"epoch": 0, "train_loss": null, "val_loss": 1.7025941809018452, "best_epoch": 0, "best_val_loss": 1.7025941809018452}
{"epoch": 1, "train_loss": 1.3926563759644826, "val_loss": 1.2220450242360432, "best_epoch": 1, "best_val_loss": 1.2220450242360432}
{"epoch": 2, "train_loss": 1.2249085406462352, "val_loss": 1.20468004544576, "best_epoch": 2, "best_val_loss": 1.20468004544576}
{"epoch": 3, "train_loss": 1.2076446612675984, "val_loss": 1.1904767751693726, "best_epoch": 3, "best_val_loss": 1.1904767751693726}
{"epoch": 4, "train_loss": 1.1660022338231404, "val_loss": 1.1820480426152546, "best_epoch": 4, "best_val_loss": 1.1820480426152546}
{"epoch": 5, "train_loss": 1.1284765700499217, "val_loss": 1.1809828281402588, "best_epoch": 5, "best_val_loss": 1.1809828281402588}
{"epoch": 6, "train_loss": 1.1250877976417542, "val_loss": 1.1647492448488872, "best_epoch": 6, "best_val_loss": 1.1647492448488872}
{"epoch": 7, "train_loss": 1.0841268599033356, "val_loss": 1.114468236764272, "best_epoch": 7, "best_val_loss": 1.114468236764272}
{"epoch": 8, "train_loss": 1.0538455098867416, "val_loss": 1.1234606107076008, "best_epoch": 7, "best_val_loss": 1.114468236764272}
{"epoch": 9, "train_loss": 1.0284322947263718, "val_loss": 1.1315109133720398, "best_epoch": 7, "best_val_loss": 1.114468236764272}
{"epoch": 10, "train_loss": 0.9995698233445486, "val_loss": 1.1487740874290466, "best_epoch": 7, "best_val_loss": 1.114468236764272}
{"epoch": 11, "train_loss": 0.9413808832565943, "val_loss": 1.1647358338038127, "best_epoch": 7, "best_val_loss": 1.114468236764272}
{"epoch": 12, "train_loss": 0.9205801685651144, "val_loss": 1.1661906043688457, "best_epoch": 7, "best_val_loss": 1.114468236764272}
{"epoch": 13, "train_loss": 0.9103476951519648, "val_loss": 1.1372220416863759, "best_epoch": 7, "best_val_loss": 1.114468236764272}
{"epoch": 14, "train_loss": 0.8946812550226847, "val_loss": 1.0946194728215535, "best_epoch": 14, "best_val_loss": 1.0946194728215535}
{"epoch": 15, "train_loss": 0.8839885592460632, "val_loss": 1.087794562180837, "best_epoch": 15, "best_val_loss": 1.087794562180837}
{"epoch": 16, "train_loss": 0.8732447524865469, "val_loss": 1.0894192159175873, "best_epoch": 15, "best_val_loss": 1.087794562180837}
{"epoch": 17, "train_loss": 0.8670301288366318, "val_loss": 1.093619426091512, "best_epoch": 15, "best_val_loss": 1.087794562180837}
{"epoch": 18, "train_loss": 0.8640951116879781, "val_loss": 1.0726434191068013, "best_epoch": 18, "best_val_loss": 1.0726434191068013}
{"epoch": 19, "train_loss": 0.8536234299341837, "val_loss": 1.0564459164937336, "best_epoch": 19, "best_val_loss": 1.0564459164937336}
{"epoch": 20, "train_loss": 0.8442757278680801, "val_loss": 1.0438076853752136, "best_epoch": 20, "best_val_loss": 1.0438076853752136}
{"epoch": 21, "train_loss": 0.8390956173340479, "val_loss": 1.0492168366909027, "best_epoch": 20, "best_val_loss": 1.0438076853752136}
{"epoch": 22, "train_loss": 0.8389651328325272, "val_loss": 1.0321794748306274, "best_epoch": 22, "best_val_loss": 1.0321794748306274}
{"epoch": 23, "train_loss": 0.8313553829987844, "val_loss": 1.0257622202237446, "best_epoch": 23, "best_val_loss": 1.0257622202237446}
{"epoch": 24, "train_loss": 0.8263572057088217, "val_loss": 1.027345597743988, "best_epoch": 23, "best_val_loss": 1.0257622202237446}
{"epoch": 25, "train_loss": 0.8229972968498865, "val_loss": 1.0275802115599315, "best_epoch": 23, "best_val_loss": 1.0257622202237446}
{"epoch": 26, "train_loss": 0.8244039018948873, "val_loss": 1.0302628775437672, "best_epoch": 23, "best_val_loss": 1.0257622202237446}
{"epoch": 27, "train_loss": 0.822159563501676, "val_loss": 1.0312890609105427, "best_epoch": 23, "best_val_loss": 1.0257622202237446}
{"epoch": 28, "train_loss": 0.8181959788004557, "val_loss": 1.030567189057668, "best_epoch": 23, "best_val_loss": 1.0257622202237446}
{"epoch": 29, "train_loss": 0.8178494970003763, "val_loss": 1.0296366810798645, "best_epoch": 23, "best_val_loss": 1.0257622202237446}
{"epoch": 30, "train_loss": 0.8160070031881332, "val_loss": 1.0358032484849293, "best_epoch": 23, "best_val_loss": 1.0257622202237446}
{"epoch": 31, "train_loss": 0.8133016725381216, "val_loss": 1.0244964361190796, "best_epoch": 31, "best_val_loss": 1.0244964361190796}
{"epoch": 32, "train_loss": 0.8126595864693323, "val_loss": 1.0352110465367634, "best_epoch": 31, "best_val_loss": 1.0244964361190796}
{"epoch": 33, "train_loss": 0.8132481624682745, "val_loss": 1.0305330852667491, "best_epoch": 31, "best_val_loss": 1.0244964361190796}
{"epoch": 34, "train_loss": 0.8139305611451467, "val_loss": 1.043199251095454, "best_epoch": 31, "best_val_loss": 1.0244964361190796}
{"epoch": 35, "train_loss": 0.8154203097025553, "val_loss": 1.0264129638671875, "best_epoch": 31, "best_val_loss": 1.0244964361190796}
{"epoch": 36, "train_loss": 0.8125120451052984, "val_loss": 1.0421390036741893, "best_epoch": 31, "best_val_loss": 1.0244964361190796}
{"epoch": 37, "train_loss": 0.812896728515625, "val_loss": 1.0393731494744618, "best_epoch": 31, "best_val_loss": 1.0244964361190796}
{"epoch": 38, "train_loss": 0.8220236450433731, "val_loss": 1.0356478691101074, "best_epoch": 31, "best_val_loss": 1.0244964361190796}
{"epoch": 39, "train_loss": 0.8062393168608347, "val_loss": 1.0355630318323772, "best_epoch": 31, "best_val_loss": 1.0244964361190796}
{"epoch": 40, "train_loss": 0.8058110624551773, "val_loss": 1.0289499362309773, "best_epoch": 31, "best_val_loss": 1.0244964361190796}
{"epoch": 41, "train_loss": 0.8074516803026199, "val_loss": 1.0382053454717, "best_epoch": 31, "best_val_loss": 1.0244964361190796}
{"epoch": 42, "train_loss": 0.808952659368515, "val_loss": 1.0285542011260986, "best_epoch": 31, "best_val_loss": 1.0244964361190796}
{"epoch": 43, "train_loss": 0.8041282892227173, "val_loss": 1.0251216888427734, "best_epoch": 31, "best_val_loss": 1.0244964361190796}
{"epoch": 44, "train_loss": 0.8015094647804896, "val_loss": 1.0240367849667866, "best_epoch": 44, "best_val_loss": 1.0240367849667866}
{"epoch": 45, "train_loss": 0.8020811329285303, "val_loss": 1.0246688326199849, "best_epoch": 44, "best_val_loss": 1.0240367849667866}
{"epoch": 46, "train_loss": 0.8015472044547399, "val_loss": 1.0244911412398021, "best_epoch": 44, "best_val_loss": 1.0240367849667866}
{"epoch": 47, "train_loss": 0.8005784998337427, "val_loss": 1.024459143479665, "best_epoch": 44, "best_val_loss": 1.0240367849667866}
{"epoch": 48, "train_loss": 0.8012804289658865, "val_loss": 1.0265259345372517, "best_epoch": 44, "best_val_loss": 1.0240367849667866}
{"epoch": 49, "train_loss": 0.8008202165365219, "val_loss": 1.0255656441052754, "best_epoch": 44, "best_val_loss": 1.0240367849667866}
{"epoch": 50, "train_loss": 0.7998825361331304, "val_loss": 1.0251691540082295, "best_epoch": 44, "best_val_loss": 1.0240367849667866}
