{"total_training_time": 11.976269006729126, "train_loss": [null, 1.3926563759644826, 1.2249085406462352, 1.2076446612675984, 1.1660022338231404, 1.1284765700499217, 1.1250877976417542, 1.0841268599033356, 1.0538455098867416, 1.0284322947263718, 0.9995698233445486, 0.9413808832565943, 0.9205801685651144, 0.9103476951519648, 0.8946812550226847, 0.8839885592460632, 0.8732447524865469, 0.8670301288366318, 0.8640951116879781, 0.8536234299341837, 0.8442757278680801, 0.8390956173340479, 0.8389651328325272, 0.8313553829987844, 0.8263572057088217, 0.8229972968498865, 0.8244039018948873, 0.822159563501676, 0.8181959788004557, 0.8178494970003763, 0.8160070031881332, 0.8133016725381216, 0.8126595864693323, 0.8132481624682745, 0.8139305611451467, 0.8154203097025553, 0.8125120451052984, 0.812896728515625, 0.8220236450433731, 0.8062393168608347, 0.8058110624551773, 0.8074516803026199, 0.808952659368515, 0.8041282892227173, 0.8015094647804896, 0.8020811329285303, 0.8015472044547399, 0.8005784998337427, 0.8012804289658865, 0.8008202165365219, 0.7998825361331304], "val_loss": [1.7025941809018452, 1.2220450242360432, 1.20468004544576, 1.1904767751693726, 1.1820480426152546, 1.1809828281402588, 1.1647492448488872, 1.114468236764272, 1.1234606107076008, 1.1315109133720398, 1.1487740874290466, 1.1647358338038127, 1.1661906043688457, 1.1372220416863759, 1.0946194728215535, 1.087794562180837, 1.0894192159175873, 1.093619426091512, 1.0726434191068013, 1.0564459164937336, 1.0438076853752136, 1.0492168366909027, 1.0321794748306274, 1.0257622202237446, 1.027345597743988, 1.0275802115599315, 1.0302628775437672, 1.0312890609105427, 1.030567189057668, 1.0296366810798645, 1.0358032484849293, 1.0244964361190796, 1.0352110465367634, 1.0305330852667491, 1.043199251095454, 1.0264129638671875, 1.0421390036741893, 1.0393731494744618, 1.0356478691101074, 1.0355630318323772, 1.0289499362309773, 1.0382053454717, 1.0285542011260986, 1.0251216888427734, 1.0240367849667866, 1.0246688326199849, 1.0244911412398021, 1.024459143479665, 1.0265259345372517, 1.0255656441052754, 1.0251691540082295], "best_validation_epoch": 44}