{"epoch": 0, "train_loss": null, "val_loss": 2.423990329106649, "best_epoch": 0, "best_val_loss": 2.423990329106649}
{"epoch": 1, "train_loss": 2.3042072653770447, "val_loss": 2.126871128877004, "best_epoch": 1, "best_val_loss": 2.126871128877004}
{"epoch": 2, "train_loss": 2.0644433299700418, "val_loss": 1.9338799317677815, "best_epoch": 2, "best_val_loss": 1.9338799317677815}
{"epoch": 3, "train_loss": 1.8825646936893463, "val_loss": 1.6758877038955688, "best_epoch": 3, "best_val_loss": 1.6758877038955688}
{"epoch": 4, "train_loss": 1.640261987845103, "val_loss": 1.584050456682841, "best_epoch": 4, "best_val_loss": 1.584050456682841}
{"epoch": 5, "train_loss": 1.628231982390086, "val_loss": 1.515667160352071, "best_epoch": 5, "best_val_loss": 1.515667160352071}
{"epoch": 6, "train_loss": 1.4682528177897136, "val_loss": 1.112311104933421, "best_epoch": 6, "best_val_loss": 1.112311104933421}
{"epoch": 7, "train_loss": 1.1581912835439045, "val_loss": 0.9629566967487335, "best_epoch": 7, "best_val_loss": 0.9629566967487335}
{"epoch": 8, "train_loss": 0.9519909818967184, "val_loss": 0.9442588190237681, "best_epoch": 8, "best_val_loss": 0.9442588190237681}
{"epoch": 9, "train_loss": 0.9391000817219416, "val_loss": 0.9370905607938766, "best_epoch": 9, "best_val_loss": 0.9370905607938766}
{"epoch": 10, "train_loss": 0.9320556769768397, "val_loss": 0.9301204631725947, "best_epoch": 10, "best_val_loss": 0.9301204631725947}
{"epoch": 11, "train_loss": 0.9245902101198832, "val_loss": 0.9235639522473017, "best_epoch": 11, "best_val_loss": 0.9235639522473017}
{"epoch": 12, "train_loss": 0.9183794508377711, "val_loss": 0.9189366648594538, "best_epoch": 12, "best_val_loss": 0.9189366648594538}
{"epoch": 13, "train_loss": 0.9141913081208864, "val_loss": 0.9163000533978144, "best_epoch": 13, "best_val_loss": 0.9163000533978144}
{"epoch": 14, "train_loss": 0.9118420133988062, "val_loss": 0.9151496837536494, "best_epoch": 14, "best_val_loss": 0.9151496837536494}
{"epoch": 15, "train_loss": 0.9108148217201233, "val_loss": 0.9148615549008051, "best_epoch": 15, "best_val_loss": 0.9148615549008051}
{"epoch": 16, "train_loss": 0.9105353057384491, "val_loss": 0.9149007747570673, "best_epoch": 15, "best_val_loss": 0.9148615549008051}
{"epoch": 17, "train_loss": 0.9105331848065058, "val_loss": 0.914954885840416, "best_epoch": 15, "best_val_loss": 0.9148615549008051}
{"epoch": 18, "train_loss": 0.9105591252446175, "val_loss": 0.9149510810772578, "best_epoch": 15, "best_val_loss": 0.9148615549008051}
{"epoch": 19, "train_loss": 0.9105595325430235, "val_loss": 0.9149216463168462, "best_epoch": 15, "best_val_loss": 0.9148615549008051}
{"epoch": 20, "train_loss": 0.9105464667081833, "val_loss": 0.9148935824632645, "best_epoch": 15, "best_val_loss": 0.9148615549008051}
{"epoch": 21, "train_loss": 0.9105304777622223, "val_loss": 0.9148728599150976, "best_epoch": 15, "best_val_loss": 0.9148615549008051}
{"epoch": 22, "train_loss": 0.9105148067077001, "val_loss": 0.9148570448160172, "best_epoch": 22, "best_val_loss": 0.9148570448160172}
{"epoch": 23, "train_loss": 0.9104999278982481, "val_loss": 0.9148426999648412, "best_epoch": 23, "best_val_loss": 0.9148426999648412}
{"epoch": 24, "train_loss": 0.9104853545626005, "val_loss": 0.9148274411757787, "best_epoch": 24, "best_val_loss": 0.9148274411757787}
{"epoch": 25, "train_loss": 0.9104701355099678, "val_loss": 0.9148105432589849, "best_epoch": 25, "best_val_loss": 0.9148105432589849}
{"epoch": 26, "train_loss": 0.9104538410902023, "val_loss": 0.9147918969392776, "best_epoch": 26, "best_val_loss": 0.9147918969392776}
{"epoch": 27, "train_loss": 0.9104263360301653, "val_loss": 0.9147809495528539, "best_epoch": 27, "best_val_loss": 0.9147809495528539}
{"epoch": 28, "train_loss": 0.9104172587394714, "val_loss": 0.9147689292828242, "best_epoch": 28, "best_val_loss": 0.9147689292828242}
{"epoch": 29, "train_loss": 0.9104073544343313, "val_loss": 0.9147567301988602, "best_epoch": 29, "best_val_loss": 0.9147567301988602}
{"epoch": 30, "train_loss": 0.9103968242804209, "val_loss": 0.9147444764773051, "best_epoch": 30, "best_val_loss": 0.9147444764773051}
