{"total_training_time": 11.160140991210938, "train_loss": [null, 2.3042072653770447, 2.0644433299700418, 1.8825646936893463, 1.640261987845103, 1.628231982390086, 1.4682528177897136, 1.1581912835439045, 0.9519909818967184, 0.9391000817219416, 0.9320556769768397, 0.9245902101198832, 0.9183794508377711, 0.9141913081208864, 0.9118420133988062, 0.9108148217201233, 0.9105353057384491, 0.9105331848065058, 0.9105591252446175, 0.9105595325430235, 0.9105464667081833, 0.9105304777622223, 0.9105148067077001, 0.9104999278982481, 0.9104853545626005, 0.9104701355099678, 0.9104538410902023, 0.9104263360301653, 0.9104172587394714, 0.9104073544343313, 0.9103968242804209], "val_loss": [2.423990329106649, 2.126871128877004, 1.9338799317677815, 1.6758877038955688, 1.584050456682841, 1.515667160352071, 1.112311104933421, 0.9629566967487335, 0.9442588190237681, 0.9370905607938766, 0.9301204631725947, 0.9235639522473017, 0.9189366648594538, 0.9163000533978144, 0.9151496837536494, 0.9148615549008051, 0.9149007747570673, 0.914954885840416, 0.9149510810772578, 0.9149216463168462, 0.9148935824632645, 0.9148728599150976, 0.9148570448160172, 0.9148426999648412, 0.9148274411757787, 0.9148105432589849, 0.9147918969392776, 0.9147809495528539, 0.9147689292828242, 0.9147567301988602, 0.9147444764773051], "best_validation_epoch": 30}