{"epoch": 0, "train_loss": null, "val_loss": 3.526870091756185, "best_epoch": 0, "best_val_loss": 3.526870091756185}
{"epoch": 1, "train_loss": 3.0548726518948874, "val_loss": 2.6982588370641074, "best_epoch": 1, "best_val_loss": 2.6982588370641074}
{"epoch": 2, "train_loss": 2.5985089341799417, "val_loss": 2.469851533571879, "best_epoch": 2, "best_val_loss": 2.469851533571879}
{"epoch": 3, "train_loss": 2.329073131084442, "val_loss": 2.2052095333735147, "best_epoch": 3, "best_val_loss": 2.2052095333735147}
{"epoch": 4, "train_loss": 2.1531901160875955, "val_loss": 2.0884244640668235, "best_epoch": 4, "best_val_loss": 2.0884244640668235}
{"epoch": 5, "train_loss": 2.0563920537630715, "val_loss": 2.031511823336283, "best_epoch": 5, "best_val_loss": 2.031511823336283}
{"epoch": 6, "train_loss": 1.9975109994411469, "val_loss": 2.0037505626678467, "best_epoch": 6, "best_val_loss": 2.0037505626678467}
{"epoch": 7, "train_loss": 1.9601939916610718, "val_loss": 1.9825666149457295, "best_epoch": 7, "best_val_loss": 1.9825666149457295}
{"epoch": 8, "train_loss": 1.9398479064305623, "val_loss": 1.9713297684987385, "best_epoch": 8, "best_val_loss": 1.9713297684987385}
{"epoch": 9, "train_loss": 1.9228418171405792, "val_loss": 1.9671693245569866, "best_epoch": 9, "best_val_loss": 1.9671693245569866}
{"epoch": 10, "train_loss": 1.9107008278369904, "val_loss": 1.962151547273, "best_epoch": 10, "best_val_loss": 1.962151547273}
{"epoch": 11, "train_loss": 1.9013051788012187, "val_loss": 1.9575348496437073, "best_epoch": 11, "best_val_loss": 1.9575348496437073}
{"epoch": 12, "train_loss": 1.892213374376297, "val_loss": 1.9523744384447734, "best_epoch": 12, "best_val_loss": 1.9523744384447734}
{"epoch": 13, "train_loss": 1.886550744374593, "val_loss": 1.950169066588084, "best_epoch": 13, "best_val_loss": 1.950169066588084}
{"epoch": 14, "train_loss": 1.8832052946090698, "val_loss": 1.948762019475301, "best_epoch": 14, "best_val_loss": 1.948762019475301}
{"epoch": 15, "train_loss": 1.8804709215958912, "val_loss": 1.9495149652163188, "best_epoch": 14, "best_val_loss": 1.948762019475301}
{"epoch": 16, "train_loss": 1.8788549105326335, "val_loss": 1.9452371994654338, "best_epoch": 16, "best_val_loss": 1.9452371994654338}
{"epoch": 17, "train_loss": 1.8761375844478607, "val_loss": 1.943114658196767, "best_epoch": 17, "best_val_loss": 1.943114658196767}
{"epoch": 18, "train_loss": 1.8746349215507507, "val_loss": 1.9401543736457825, "best_epoch": 18, "best_val_loss": 1.9401543736457825}
{"epoch": 19, "train_loss": 1.8729152182737987, "val_loss": 1.937568684418996, "best_epoch": 19, "best_val_loss": 1.937568684418996}
{"epoch": 20, "train_loss": 1.8720909555753071, "val_loss": 1.9350624084472656, "best_epoch": 20, "best_val_loss": 1.9350624084472656}
{"epoch": 21, "train_loss": 1.870108703772227, "val_loss": 1.9307597676912944, "best_epoch": 21, "best_val_loss": 1.9307597676912944}
{"epoch": 22, "train_loss": 1.8676510453224182, "val_loss": 1.92948716878891, "best_epoch": 22, "best_val_loss": 1.92948716878891}
{"epoch": 23, "train_loss": 1.8664973080158234, "val_loss": 1.9280198613802593, "best_epoch": 23, "best_val_loss": 1.9280198613802593}
{"epoch": 24, "train_loss": 1.866037279367447, "val_loss": 1.9277049899101257, "best_epoch": 24, "best_val_loss": 1.9277049899101257}
{"epoch": 25, "train_loss": 1.8656298120816548, "val_loss": 1.9268131057421367, "best_epoch": 25, "best_val_loss": 1.9268131057421367}
{"epoch": 26, "train_loss": 1.8652161459128063, "val_loss": 1.9265936811765034, "best_epoch": 26, "best_val_loss": 1.9265936811765034}
{"epoch": 27, "train_loss": 1.8649348417917888, "val_loss": 1.9257986942927043, "best_epoch": 27, "best_val_loss": 1.9257986942927043}
{"epoch": 28, "train_loss": 1.864578386147817, "val_loss": 1.9253993431727092, "best_epoch": 28, "best_val_loss": 1.9253993431727092}
{"epoch": 29, "train_loss": 1.8643436829249065, "val_loss": 1.9250729084014893, "best_epoch": 29, "best_val_loss": 1.9250729084014893}
{"epoch": 30, "train_loss": 1.8641417423884075, "val_loss": 1.924783726533254, "best_epoch": 30, "best_val_loss": 1.924783726533254}
{"epoch": 31, "train_loss": 1.8640472491582234, "val_loss": 1.924543519814809, "best_epoch": 31, "best_val_loss": 1.924543519814809}
{"epoch": 32, "train_loss": 1.8638409674167633, "val_loss": 1.924228310585022, "best_epoch": 32, "best_val_loss": 1.924228310585022}
{"epoch": 33, "train_loss": 1.8637695213158925, "val_loss": 1.9239006439844768, "best_epoch": 33, "best_val_loss": 1.9239006439844768}
{"epoch": 34, "train_loss": 1.8635825018088024, "val_loss": 1.9236706097920735, "best_epoch": 34, "best_val_loss": 1.9236706097920735}
{"epoch": 35, "train_loss": 1.8634141584237416, "val_loss": 1.9234611789385478, "best_epoch": 35, "best_val_loss": 1.9234611789385478}
{"epoch": 36, "train_loss": 1.8633417189121246, "val_loss": 1.9232536753018696, "best_epoch": 36, "best_val_loss": 1.9232536753018696}
{"epoch": 37, "train_loss": 1.8632196585337322, "val_loss": 1.9231428503990173, "best_epoch": 37, "best_val_loss": 1.9231428503990173}
{"epoch": 38, "train_loss": 1.8631533583005269, "val_loss": 1.9229757984479268, "best_epoch": 38, "best_val_loss": 1.9229757984479268}
{"epoch": 39, "train_loss": 1.8630964855353038, "val_loss": 1.9227474927902222, "best_epoch": 39, "best_val_loss": 1.9227474927902222}
{"epoch": 40, "train_loss": 1.8629694481690724, "val_loss": 1.922679881254832, "best_epoch": 40, "best_val_loss": 1.922679881254832}
{"epoch": 41, "train_loss": 1.862923949956894, "val_loss": 1.9225295782089233, "best_epoch": 41, "best_val_loss": 1.9225295782089233}
{"epoch": 42, "train_loss": 1.8628482619921367, "val_loss": 1.9224126140276592, "best_epoch": 42, "best_val_loss": 1.9224126140276592}
{"epoch": 43, "train_loss": 1.8627852201461792, "val_loss": 1.9222912192344666, "best_epoch": 43, "best_val_loss": 1.9222912192344666}
{"epoch": 44, "train_loss": 1.8627193073431652, "val_loss": 1.9222049514452617, "best_epoch": 44, "best_val_loss": 1.9222049514452617}
{"epoch": 45, "train_loss": 1.8626733720302582, "val_loss": 1.9220983584721882, "best_epoch": 45, "best_val_loss": 1.9220983584721882}
{"epoch": 46, "train_loss": 1.8626141250133514, "val_loss": 1.9220333099365234, "best_epoch": 46, "best_val_loss": 1.9220333099365234}
{"epoch": 47, "train_loss": 1.8625795344511669, "val_loss": 1.9219550689061482, "best_epoch": 47, "best_val_loss": 1.9219550689061482}
{"epoch": 48, "train_loss": 1.8625309665997822, "val_loss": 1.921864648660024, "best_epoch": 48, "best_val_loss": 1.921864648660024}
{"epoch": 49, "train_loss": 1.862497051556905, "val_loss": 1.921813726425171, "best_epoch": 49, "best_val_loss": 1.921813726425171}
{"epoch": 50, "train_loss": 1.862454225619634, "val_loss": 1.9217577775319417, "best_epoch": 50, "best_val_loss": 1.9217577775319417}
