{"total_training_time": 7.575059652328491, "train_loss": [null, 3.0548726518948874, 2.5985089341799417, 2.329073131084442, 2.1531901160875955, 2.0563920537630715, 1.9975109994411469, 1.9601939916610718, 1.9398479064305623, 1.9228418171405792, 1.9107008278369904, 1.9013051788012187, 1.892213374376297, 1.886550744374593, 1.8832052946090698, 1.8804709215958912, 1.8788549105326335, 1.8761375844478607, 1.8746349215507507, 1.8729152182737987, 1.8720909555753071, 1.870108703772227, 1.8676510453224182, 1.8664973080158234, 1.866037279367447, 1.8656298120816548, 1.8652161459128063, 1.8649348417917888, 1.864578386147817, 1.8643436829249065, 1.8641417423884075, 1.8640472491582234, 1.8638409674167633, 1.8637695213158925, 1.8635825018088024, 1.8634141584237416, 1.8633417189121246, 1.8632196585337322, 1.8631533583005269, 1.8630964855353038, 1.8629694481690724, 1.862923949956894, 1.8628482619921367, 1.8627852201461792, 1.8627193073431652, 1.8626733720302582, 1.8626141250133514, 1.8625795344511669, 1.8625309665997822, 1.862497051556905, 1.862454225619634], "val_loss": [3.526870091756185, 2.6982588370641074, 2.469851533571879, 2.2052095333735147, 2.0884244640668235, 2.031511823336283, 2.0037505626678467, 1.9825666149457295, 1.9713297684987385, 1.9671693245569866, 1.962151547273, 1.9575348496437073, 1.9523744384447734, 1.950169066588084, 1.948762019475301, 1.9495149652163188, 1.9452371994654338, 1.943114658196767, 1.9401543736457825, 1.937568684418996, 1.9350624084472656, 1.9307597676912944, 1.92948716878891, 1.9280198613802593, 1.9277049899101257, 1.9268131057421367, 1.9265936811765034, 1.9257986942927043, 1.9253993431727092, 1.9250729084014893, 1.924783726533254, 1.924543519814809, 1.924228310585022, 1.9239006439844768, 1.9236706097920735, 1.9234611789385478, 1.9232536753018696, 1.9231428503990173, 1.9229757984479268, 1.9227474927902222, 1.922679881254832, 1.9225295782089233, 1.9224126140276592, 1.9222912192344666, 1.9222049514452617, 1.9220983584721882, 1.9220333099365234, 1.9219550689061482, 1.921864648660024, 1.921813726425171, 1.9217577775319417], "best_validation_epoch": 50}