{"epoch": 0, "train_loss": null, "val_loss": 1.3325608174006145, "best_epoch": 0, "best_val_loss": 1.3325608174006145}
{"epoch": 1, "train_loss": 1.227557857831319, "val_loss": 1.1126171946525574, "best_epoch": 1, "best_val_loss": 1.1126171946525574}
{"epoch": 2, "train_loss": 1.0517326245705287, "val_loss": 1.0895890692869823, "best_epoch": 2, "best_val_loss": 1.0895890692869823}
{"epoch": 3, "train_loss": 0.9932352304458618, "val_loss": 1.055790364742279, "best_epoch": 3, "best_val_loss": 1.055790364742279}
{"epoch": 4, "train_loss": 0.9544226378202438, "val_loss": 1.060807466506958, "best_epoch": 3, "best_val_loss": 1.055790364742279}
{"epoch": 5, "train_loss": 0.929447149236997, "val_loss": 1.0575862328211467, "best_epoch": 3, "best_val_loss": 1.055790364742279}
{"epoch": 6, "train_loss": 0.9076998482147852, "val_loss": 1.0389136373996735, "best_epoch": 6, "best_val_loss": 1.0389136373996735}
{"epoch": 7, "train_loss": 0.8857158770163854, "val_loss": 1.0071454445521038, "best_epoch": 7, "best_val_loss": 1.0071454445521038}
{"epoch": 8, "train_loss": 0.8693190564711889, "val_loss": 1.0000181992848713, "best_epoch": 8, "best_val_loss": 1.0000181992848713}
{"epoch": 9, "train_loss": 0.858955313762029, "val_loss": 0.9760072231292725, "best_epoch": 9, "best_val_loss": 0.9760072231292725}
{"epoch": 10, "train_loss": 0.8365995784600576, "val_loss": 0.9652701218922933, "best_epoch": 10, "best_val_loss": 0.9652701218922933}
{"epoch": 11, "train_loss": 0.8223219315210978, "val_loss": 0.9755576352278391, "best_epoch": 10, "best_val_loss": 0.9652701218922933}
{"epoch": 12, "train_loss": 0.8166037897268931, "val_loss": 0.9821362098058065, "best_epoch": 10, "best_val_loss": 0.9652701218922933}
{"epoch": 13, "train_loss": 0.8083658119042715, "val_loss": 0.9739242394765218, "best_epoch": 10, "best_val_loss": 0.9652701218922933}
{"epoch": 14, "train_loss": 0.8110147267580032, "val_loss": 0.958917111158371, "best_epoch": 14, "best_val_loss": 0.958917111158371}
{"epoch": 15, "train_loss": 0.7883677333593369, "val_loss": 0.9274172484874725, "best_epoch": 15, "best_val_loss": 0.9274172484874725}
{"epoch": 16, "train_loss": 0.7688292314608892, "val_loss": 0.9206288655598959, "best_epoch": 16, "best_val_loss": 0.9206288655598959}
{"epoch": 17, "train_loss": 0.7663946400086085, "val_loss": 0.9293188154697418, "best_epoch": 16, "best_val_loss": 0.9206288655598959}
{"epoch": 18, "train_loss": 0.7773144990205765, "val_loss": 0.9350932737191519, "best_epoch": 16, "best_val_loss": 0.9206288655598959}
{"epoch": 19, "train_loss": 0.7575910091400146, "val_loss": 0.8896993199984232, "best_epoch": 19, "best_val_loss": 0.8896993199984232}
{"epoch": 20, "train_loss": 0.7431253691514333, "val_loss": 0.9097608923912048, "best_epoch": 19, "best_val_loss": 0.8896993199984232}
{"epoch": 21, "train_loss": 0.7418199777603149, "val_loss": 0.8851541678110758, "best_epoch": 21, "best_val_loss": 0.8851541678110758}
{"epoch": 22, "train_loss": 0.7219830105702082, "val_loss": 0.8825968205928802, "best_epoch": 22, "best_val_loss": 0.8825968205928802}
{"epoch": 23, "train_loss": 0.7122782170772552, "val_loss": 0.8766841689745585, "best_epoch": 23, "best_val_loss": 0.8766841689745585}
{"epoch": 24, "train_loss": 0.7086452742417654, "val_loss": 0.8765934805075327, "best_epoch": 24, "best_val_loss": 0.8765934805075327}
{"epoch": 25, "train_loss": 0.7013764530420303, "val_loss": 0.8637076318264008, "best_epoch": 25, "best_val_loss": 0.8637076318264008}
