{"total_training_time": 7.511488676071167, "train_loss": [null, 1.227557857831319, 1.0517326245705287, 0.9932352304458618, 0.9544226378202438, 0.929447149236997, 0.9076998482147852, 0.8857158770163854, 0.8693190564711889, 0.858955313762029, 0.8365995784600576, 0.8223219315210978, 0.8166037897268931, 0.8083658119042715, 0.8110147267580032, 0.7883677333593369, 0.7688292314608892, 0.7663946400086085, 0.7773144990205765, 0.7575910091400146, 0.7431253691514333, 0.7418199777603149, 0.7219830105702082, 0.7122782170772552, 0.7086452742417654, 0.7013764530420303], "val_loss": [1.3325608174006145, 1.1126171946525574, 1.0895890692869823, 1.055790364742279, 1.060807466506958, 1.0575862328211467, 1.0389136373996735, 1.0071454445521038, 1.0000181992848713, 0.9760072231292725, 0.9652701218922933, 0.9755576352278391, 0.9821362098058065, 0.9739242394765218, 0.958917111158371, 0.9274172484874725, 0.9206288655598959, 0.9293188154697418, 0.9350932737191519, 0.8896993199984232, 0.9097608923912048, 0.8851541678110758, 0.8825968205928802, 0.8766841689745585, 0.8765934805075327, 0.8637076318264008], "best_validation_epoch": 25}