{"total_training_time": 4.655663013458252, "train_loss": [null, 2.3262338439623513, 2.2733696897824607, 2.042752265930176, 1.8722363114356995, 1.8227340976397197, 1.815281520287196, 1.8083711663881938, 1.7901703615983326, 1.7430363098780315, 1.7446986834208171, 1.741738498210907, 1.737176090478897, 1.6760109066963196, 1.6628800829251607, 1.6659830212593079], "val_loss": [2.3365979194641113, 2.324095884958903, 2.1647898157437644, 1.9331399003664653, 1.841459055741628, 1.8319618900616963, 1.824299971262614, 1.820868730545044, 1.7634831468264263, 1.757696310679118, 1.7617013653119404, 1.7550114393234253, 1.7296695907910664, 1.6581392884254456, 1.6597758928934734, 1.6575942635536194], "best_validation_epoch": 15}