{"epoch": 0, "train_loss": null, "val_loss": 0.9167838295300802, "best_epoch": 0, "best_val_loss": 0.9167838295300802}
{"epoch": 1, "train_loss": 0.4634122097243865, "val_loss": 0.07258236532409985, "best_epoch": 1, "best_val_loss": 0.07258236532409985}
{"epoch": 2, "train_loss": 0.11942206198970477, "val_loss": 0.12473032251000404, "best_epoch": 1, "best_val_loss": 0.07258236532409985}
{"epoch": 3, "train_loss": 0.08375221397727728, "val_loss": 0.05536517687141895, "best_epoch": 3, "best_val_loss": 0.05536517687141895}
{"epoch": 4, "train_loss": 0.04756746767088771, "val_loss": 0.03384825587272644, "best_epoch": 4, "best_val_loss": 0.03384825587272644}
{"epoch": 5, "train_loss": 0.023362509285410244, "val_loss": 0.012876353847483793, "best_epoch": 5, "best_val_loss": 0.012876353847483793}
{"epoch": 6, "train_loss": 0.00988146550177286, "val_loss": 0.006528309895657003, "best_epoch": 6, "best_val_loss": 0.006528309895657003}
{"epoch": 7, "train_loss": 0.004338312137406319, "val_loss": 0.0035830649624889097, "best_epoch": 7, "best_val_loss": 0.0035830649624889097}
{"epoch": 8, "train_loss": 0.002576891400773699, "val_loss": 0.0027351689835389457, "best_epoch": 8, "best_val_loss": 0.0027351689835389457}
{"epoch": 9, "train_loss": 0.0015255053634367262, "val_loss": 0.0013987319737983246, "best_epoch": 9, "best_val_loss": 0.0013987319737983246}
{"epoch": 10, "train_loss": 0.0011589813875616528, "val_loss": 0.0008659304003231227, "best_epoch": 10, "best_val_loss": 0.0008659304003231227}
{"epoch": 11, "train_loss": 0.0019920547977865985, "val_loss": 0.0008292174510036906, "best_epoch": 11, "best_val_loss": 0.0008292174510036906}
{"epoch": 12, "train_loss": 0.0014585588166179757, "val_loss": 0.0017100967234000564, "best_epoch": 11, "best_val_loss": 0.0008292174510036906}
{"epoch": 13, "train_loss": 0.0012320291959137346, "val_loss": 0.0007660448706398407, "best_epoch": 13, "best_val_loss": 0.0007660448706398407}
{"epoch": 14, "train_loss": 0.0012141826446168125, "val_loss": 0.0011083641244719427, "best_epoch": 13, "best_val_loss": 0.0007660448706398407}
{"epoch": 15, "train_loss": 0.0006295045701942096, "val_loss": 0.0008197478794803222, "best_epoch": 13, "best_val_loss": 0.0007660448706398407}
{"epoch": 16, "train_loss": 0.0005298974429024383, "val_loss": 0.0002773131976330963, "best_epoch": 16, "best_val_loss": 0.0002773131976330963}
{"epoch": 17, "train_loss": 0.0007689546425050745, "val_loss": 0.0002981772656009222, "best_epoch": 16, "best_val_loss": 0.0002773131976330963}
{"epoch": 18, "train_loss": 0.00042629939222630736, "val_loss": 0.000488675432279706, "best_epoch": 16, "best_val_loss": 0.0002773131976330963}
{"epoch": 19, "train_loss": 0.0011995120342665662, "val_loss": 0.00198360689682886, "best_epoch": 16, "best_val_loss": 0.0002773131976330963}
{"epoch": 20, "train_loss": 0.0007355869862900969, "val_loss": 0.0005199334603579094, "best_epoch": 16, "best_val_loss": 0.0002773131976330963}
{"epoch": 21, "train_loss": 0.0007519971331930719, "val_loss": 0.001561346425053974, "best_epoch": 16, "best_val_loss": 0.0002773131976330963}
{"epoch": 22, "train_loss": 0.0014436393103096634, "val_loss": 0.0023384481901302934, "best_epoch": 16, "best_val_loss": 0.0002773131976330963}
{"epoch": 23, "train_loss": 0.0019933691849776856, "val_loss": 0.0011901076262195904, "best_epoch": 16, "best_val_loss": 0.0002773131976330963}
{"epoch": 24, "train_loss": 0.0010611212831766654, "val_loss": 0.0011655106112205733, "best_epoch": 16, "best_val_loss": 0.0002773131976330963}
{"epoch": 25, "train_loss": 0.0010033991808692615, "val_loss": 0.0006373833263448129, "best_epoch": 16, "best_val_loss": 0.0002773131976330963}
{"epoch": 26, "train_loss": 0.000994780937617179, "val_loss": 0.001507547761624058, "best_epoch": 16, "best_val_loss": 0.0002773131976330963}
{"epoch": 27, "train_loss": 0.0008946207405339616, "val_loss": 0.0005445004450545335, "best_epoch": 16, "best_val_loss": 0.0002773131976330963}
{"epoch": 28, "train_loss": 0.0005981780996080488, "val_loss": 0.0003105234985317414, "best_epoch": 16, "best_val_loss": 0.0002773131976330963}
{"epoch": 29, "train_loss": 0.00029581511140956235, "val_loss": 0.0002609021297151533, "best_epoch": 29, "best_val_loss": 0.0002609021297151533}
{"epoch": 30, "train_loss": 0.0003504649733561867, "val_loss": 0.0005026491853641346, "best_epoch": 29, "best_val_loss": 0.0002609021297151533}
{"epoch": 31, "train_loss": 0.00041766440457043547, "val_loss": 0.0003617719824736317, "best_epoch": 29, "best_val_loss": 0.0002609021297151533}
{"epoch": 32, "train_loss": 0.0005835808090826807, "val_loss": 0.00042235764461414266, "best_epoch": 29, "best_val_loss": 0.0002609021297151533}
{"epoch": 33, "train_loss": 0.0005257036342906455, "val_loss": 0.000788784702308476, "best_epoch": 29, "best_val_loss": 0.0002609021297151533}
{"epoch": 34, "train_loss": 0.0006135271905804984, "val_loss": 0.0007101542626818021, "best_epoch": 29, "best_val_loss": 0.0002609021297151533}
{"epoch": 35, "train_loss": 0.0005031958001685174, "val_loss": 0.000711901307416459, "best_epoch": 29, "best_val_loss": 0.0002609021297151533}
{"epoch": 36, "train_loss": 0.00046032603131607175, "val_loss": 0.00027369838547504816, "best_epoch": 29, "best_val_loss": 0.0002609021297151533}
{"epoch": 37, "train_loss": 0.00019566915458805548, "val_loss": 0.000196536061897253, "best_epoch": 37, "best_val_loss": 0.000196536061897253}
{"epoch": 38, "train_loss": 0.000203981698480978, "val_loss": 0.0001302738989276501, "best_epoch": 38, "best_val_loss": 0.0001302738989276501}
{"epoch": 39, "train_loss": 0.00025510089290037286, "val_loss": 0.0003263964705790083, "best_epoch": 38, "best_val_loss": 0.0001302738989276501}
{"epoch": 40, "train_loss": 0.00030480482382699847, "val_loss": 0.0005989603911681721, "best_epoch": 38, "best_val_loss": 0.0001302738989276501}
{"epoch": 41, "train_loss": 0.0005533289076993242, "val_loss": 0.0010859845497179776, "best_epoch": 38, "best_val_loss": 0.0001302738989276501}
{"epoch": 42, "train_loss": 0.000690441370049181, "val_loss": 0.0001942532095805897, "best_epoch": 38, "best_val_loss": 0.0001302738989276501}
{"epoch": 43, "train_loss": 0.00018556196361411517, "val_loss": 0.00021204958708646396, "best_epoch": 38, "best_val_loss": 0.0001302738989276501}
{"epoch": 44, "train_loss": 0.00018846881782034566, "val_loss": 0.0001581650746326583, "best_epoch": 38, "best_val_loss": 0.0001302738989276501}
{"epoch": 45, "train_loss": 0.0002861602467116124, "val_loss": 0.00026433071373806644, "best_epoch": 38, "best_val_loss": 0.0001302738989276501}
{"epoch": 46, "train_loss": 0.0003227413641676928, "val_loss": 0.0005920940505651137, "best_epoch": 38, "best_val_loss": 0.0001302738989276501}
{"epoch": 47, "train_loss": 0.00044947464145176735, "val_loss": 0.00023444393931034332, "best_epoch": 38, "best_val_loss": 0.0001302738989276501}
{"epoch": 48, "train_loss": 0.0003307093029434327, "val_loss": 0.0004980822510939712, "best_epoch": 38, "best_val_loss": 0.0001302738989276501}
{"epoch": 49, "train_loss": 0.0004720049037132412, "val_loss": 0.0003993687278125435, "best_epoch": 38, "best_val_loss": 0.0001302738989276501}
{"epoch": 50, "train_loss": 0.0002589221488354572, "val_loss": 0.0001794193206781832, "best_epoch": 38, "best_val_loss": 0.0001302738989276501}
