{"total_training_time": 7.071765184402466, "train_loss": [null, 0.4634122097243865, 0.11942206198970477, 0.08375221397727728, 0.04756746767088771, 0.023362509285410244, 0.00988146550177286, 0.004338312137406319, 0.002576891400773699, 0.0015255053634367262, 0.0011589813875616528, 0.0019920547977865985, 0.0014585588166179757, 0.0012320291959137346, 0.0012141826446168125, 0.0006295045701942096, 0.0005298974429024383, 0.0007689546425050745, 0.00042629939222630736, 0.0011995120342665662, 0.0007355869862900969, 0.0007519971331930719, 0.0014436393103096634, 0.0019933691849776856, 0.0010611212831766654, 0.0010033991808692615, 0.000994780937617179, 0.0008946207405339616, 0.0005981780996080488, 0.00029581511140956235, 0.0003504649733561867, 0.00041766440457043547, 0.0005835808090826807, 0.0005257036342906455, 0.0006135271905804984, 0.0005031958001685174, 0.00046032603131607175, 0.00019566915458805548, 0.000203981698480978, 0.00025510089290037286, 0.00030480482382699847, 0.0005533289076993242, 0.000690441370049181, 0.00018556196361411517, 0.00018846881782034566, 0.0002861602467116124, 0.0003227413641676928, 0.00044947464145176735, 0.0003307093029434327, 0.0004720049037132412, 0.0002589221488354572], "val_loss": [0.9167838295300802, 0.07258236532409985, 0.12473032251000404, 0.05536517687141895, 0.03384825587272644, 0.012876353847483793, 0.006528309895657003, 0.0035830649624889097, 0.0027351689835389457, 0.0013987319737983246, 0.0008659304003231227, 0.0008292174510036906, 0.0017100967234000564, 0.0007660448706398407, 0.0011083641244719427, 0.0008197478794803222, 0.0002773131976330963, 0.0002981772656009222, 0.000488675432279706, 0.00198360689682886, 0.0005199334603579094, 0.001561346425053974, 0.0023384481901302934, 0.0011901076262195904, 0.0011655106112205733, 0.0006373833263448129, 0.001507547761624058, 0.0005445004450545335, 0.0003105234985317414, 0.0002609021297151533, 0.0005026491853641346, 0.0003617719824736317, 0.00042235764461414266, 0.000788784702308476, 0.0007101542626818021, 0.000711901307416459, 0.00027369838547504816, 0.000196536061897253, 0.0001302738989276501, 0.0003263964705790083, 0.0005989603911681721, 0.0010859845497179776, 0.0001942532095805897, 0.00021204958708646396, 0.0001581650746326583, 0.00026433071373806644, 0.0005920940505651137, 0.00023444393931034332, 0.0004980822510939712, 0.0003993687278125435, 0.0001794193206781832], "best_validation_epoch": 38}