{"epoch": 0, "train_loss": null, "val_loss": 0.8205198049545288, "best_epoch": 0, "best_val_loss": 0.8205198049545288}
{"epoch": 1, "train_loss": 0.8311803489923477, "val_loss": 0.8274027109146118, "best_epoch": 1, "best_val_loss": 0.8274027109146118}
{"epoch": 2, "train_loss": 0.8175818671782812, "val_loss": 0.8323508600393931, "best_epoch": 1, "best_val_loss": 0.8274027109146118}
{"epoch": 3, "train_loss": 0.843728189667066, "val_loss": 0.8048220773537954, "best_epoch": 3, "best_val_loss": 0.8048220773537954}
{"epoch": 4, "train_loss": 0.8297237157821655, "val_loss": 0.8052517175674438, "best_epoch": 3, "best_val_loss": 0.8048220773537954}
{"epoch": 5, "train_loss": 0.841703842083613, "val_loss": 0.8081385890642802, "best_epoch": 3, "best_val_loss": 0.8048220773537954}
{"epoch": 6, "train_loss": 0.8152337372303009, "val_loss": 0.8367722233136495, "best_epoch": 3, "best_val_loss": 0.8048220773537954}
{"epoch": 7, "train_loss": 0.8304329017798106, "val_loss": 0.8289544383684794, "best_epoch": 3, "best_val_loss": 0.8048220773537954}
{"epoch": 8, "train_loss": 0.8423420091470083, "val_loss": 0.8228698174158732, "best_epoch": 3, "best_val_loss": 0.8048220773537954}
{"epoch": 9, "train_loss": 0.8358009060223898, "val_loss": 0.8641651074091593, "best_epoch": 3, "best_val_loss": 0.8048220773537954}
{"epoch": 10, "train_loss": 0.8385408918062845, "val_loss": 0.8380251129468282, "best_epoch": 3, "best_val_loss": 0.8048220773537954}
