{"epoch": 0, "train_loss": null, "val_loss": 0.8015438318252563, "best_epoch": 0, "best_val_loss": 0.8015438318252563}
{"epoch": 1, "train_loss": 0.7862639427185059, "val_loss": 0.8083738585313162, "best_epoch": 1, "best_val_loss": 0.8083738585313162}
{"epoch": 2, "train_loss": 0.752721885840098, "val_loss": 0.8458050191402435, "best_epoch": 1, "best_val_loss": 0.8083738585313162}
{"epoch": 3, "train_loss": 0.7691885332266489, "val_loss": 0.8302344977855682, "best_epoch": 1, "best_val_loss": 0.8083738585313162}
{"epoch": 4, "train_loss": 0.7670889496803284, "val_loss": 0.7614438235759735, "best_epoch": 4, "best_val_loss": 0.7614438235759735}
{"epoch": 5, "train_loss": 0.7351314425468445, "val_loss": 0.8516241113344828, "best_epoch": 4, "best_val_loss": 0.7614438235759735}
{"epoch": 6, "train_loss": 0.7828606764475504, "val_loss": 0.8052642047405243, "best_epoch": 4, "best_val_loss": 0.7614438235759735}
{"epoch": 7, "train_loss": 0.7215199023485184, "val_loss": 0.8169272740681967, "best_epoch": 4, "best_val_loss": 0.7614438235759735}
{"epoch": 8, "train_loss": 0.7655372569958369, "val_loss": 0.8254901766777039, "best_epoch": 4, "best_val_loss": 0.7614438235759735}
{"epoch": 9, "train_loss": 0.7607904424269994, "val_loss": 0.8042695422967275, "best_epoch": 4, "best_val_loss": 0.7614438235759735}
{"epoch": 10, "train_loss": 0.7691938579082489, "val_loss": 0.8412991563479105, "best_epoch": 4, "best_val_loss": 0.7614438235759735}
{"epoch": 11, "train_loss": 0.801445429523786, "val_loss": 0.8318227032820383, "best_epoch": 4, "best_val_loss": 0.7614438235759735}
{"epoch": 12, "train_loss": 0.7631452729304632, "val_loss": 0.8241439759731293, "best_epoch": 4, "best_val_loss": 0.7614438235759735}
{"epoch": 13, "train_loss": 0.7311657865842184, "val_loss": 0.8403509855270386, "best_epoch": 4, "best_val_loss": 0.7614438235759735}
{"epoch": 14, "train_loss": 0.7788802186648051, "val_loss": 0.8470101753870646, "best_epoch": 4, "best_val_loss": 0.7614438235759735}
{"epoch": 15, "train_loss": 0.8001051992177963, "val_loss": 0.7925657133261362, "best_epoch": 4, "best_val_loss": 0.7614438235759735}
{"epoch": 16, "train_loss": 0.7807541737953821, "val_loss": 0.8266552885373434, "best_epoch": 4, "best_val_loss": 0.7614438235759735}
{"epoch": 17, "train_loss": 0.7701893597841263, "val_loss": 0.837756504615148, "best_epoch": 4, "best_val_loss": 0.7614438235759735}
{"epoch": 18, "train_loss": 0.7803704788287481, "val_loss": 0.8674697081247965, "best_epoch": 4, "best_val_loss": 0.7614438235759735}
{"epoch": 19, "train_loss": 0.7557381341854731, "val_loss": 0.8471782406171163, "best_epoch": 4, "best_val_loss": 0.7614438235759735}
{"epoch": 20, "train_loss": 0.7467017869154612, "val_loss": 0.8426383932431539, "best_epoch": 4, "best_val_loss": 0.7614438235759735}
