{"total_training_time": 149.6432638168335, "train_loss": [null, 0.8311803489923477, 0.8175818671782812, 0.843728189667066, 0.8297237157821655, 0.841703842083613, 0.8152337372303009, 0.8304329017798106, 0.8423420091470083, 0.8358009060223898, 0.8385408918062845], "val_loss": [0.8205198049545288, 0.8274027109146118, 0.8323508600393931, 0.8048220773537954, 0.8052517175674438, 0.8081385890642802, 0.8367722233136495, 0.8289544383684794, 0.8228698174158732, 0.8641651074091593, 0.8380251129468282], "best_validation_epoch": 3}