{"total_training_time": 74.56299209594727, "train_loss": [null, 0.7862639427185059, 0.752721885840098, 0.7691885332266489, 0.7670889496803284, 0.7351314425468445, 0.7828606764475504, 0.7215199023485184, 0.7655372569958369, 0.7607904424269994, 0.7691938579082489, 0.801445429523786, 0.7631452729304632, 0.7311657865842184, 0.7788802186648051, 0.8001051992177963, 0.7807541737953821, 0.7701893597841263, 0.7803704788287481, 0.7557381341854731, 0.7467017869154612], "val_loss": [0.8015438318252563, 0.8083738585313162, 0.8458050191402435, 0.8302344977855682, 0.7614438235759735, 0.8516241113344828, 0.8052642047405243, 0.8169272740681967, 0.8254901766777039, 0.8042695422967275, 0.8412991563479105, 0.8318227032820383, 0.8241439759731293, 0.8403509855270386, 0.8470101753870646, 0.7925657133261362, 0.8266552885373434, 0.837756504615148, 0.8674697081247965, 0.8471782406171163, 0.8426383932431539], "best_validation_epoch": 4}