{"epoch": 0, "train_loss": null, "val_loss": 0.8289997478326162, "best_epoch": 0, "best_val_loss": 0.8289997478326162}
{"epoch": 1, "train_loss": 0.7401787241299947, "val_loss": 0.6586486299832662, "best_epoch": 1, "best_val_loss": 0.6586486299832662}
{"epoch": 2, "train_loss": 0.6630888134241104, "val_loss": 0.6285485426584879, "best_epoch": 2, "best_val_loss": 0.6285485426584879}
{"epoch": 3, "train_loss": 0.6337109406789144, "val_loss": 0.6114806830883026, "best_epoch": 3, "best_val_loss": 0.6114806830883026}
{"epoch": 4, "train_loss": 0.6122221599022547, "val_loss": 0.6113686760266622, "best_epoch": 4, "best_val_loss": 0.6113686760266622}
{"epoch": 5, "train_loss": 0.598729411760966, "val_loss": 0.598973274230957, "best_epoch": 5, "best_val_loss": 0.598973274230957}
{"epoch": 6, "train_loss": 0.5843093022704124, "val_loss": 0.5986806054910024, "best_epoch": 6, "best_val_loss": 0.5986806054910024}
{"epoch": 7, "train_loss": 0.5687414233883222, "val_loss": 0.602146327495575, "best_epoch": 6, "best_val_loss": 0.5986806054910024}
{"epoch": 8, "train_loss": 0.5547450060645739, "val_loss": 0.6041248788436254, "best_epoch": 6, "best_val_loss": 0.5986806054910024}
{"epoch": 9, "train_loss": 0.5401091848810514, "val_loss": 0.605703185002009, "best_epoch": 6, "best_val_loss": 0.5986806054910024}
{"epoch": 10, "train_loss": 0.5273691068092982, "val_loss": 0.6128317068020502, "best_epoch": 6, "best_val_loss": 0.5986806054910024}
{"epoch": 11, "train_loss": 0.5032180522878965, "val_loss": 0.613960474729538, "best_epoch": 6, "best_val_loss": 0.5986806054910024}
{"epoch": 12, "train_loss": 0.4890860840678215, "val_loss": 0.5997922172149023, "best_epoch": 6, "best_val_loss": 0.5986806054910024}
{"epoch": 13, "train_loss": 0.4782097712159157, "val_loss": 0.5984136064847311, "best_epoch": 13, "best_val_loss": 0.5984136064847311}
{"epoch": 14, "train_loss": 0.46961912016073865, "val_loss": 0.5972945243120193, "best_epoch": 14, "best_val_loss": 0.5972945243120193}
{"epoch": 15, "train_loss": 0.4630035882194837, "val_loss": 0.5920256823301315, "best_epoch": 15, "best_val_loss": 0.5920256823301315}
{"epoch": 16, "train_loss": 0.45786000539859134, "val_loss": 0.5971717834472656, "best_epoch": 15, "best_val_loss": 0.5920256823301315}
{"epoch": 17, "train_loss": 0.4523797109723091, "val_loss": 0.5828306923309962, "best_epoch": 17, "best_val_loss": 0.5828306923309962}
{"epoch": 18, "train_loss": 0.4448752949635188, "val_loss": 0.567456861337026, "best_epoch": 18, "best_val_loss": 0.567456861337026}
{"epoch": 19, "train_loss": 0.43992263575394946, "val_loss": 0.5726622194051743, "best_epoch": 18, "best_val_loss": 0.567456861337026}
{"epoch": 20, "train_loss": 0.4348446726799011, "val_loss": 0.5789692650238673, "best_epoch": 18, "best_val_loss": 0.567456861337026}
{"epoch": 21, "train_loss": 0.4311259686946869, "val_loss": 0.5695923715829849, "best_epoch": 18, "best_val_loss": 0.567456861337026}
{"epoch": 22, "train_loss": 0.42684966574112576, "val_loss": 0.553918237487475, "best_epoch": 22, "best_val_loss": 0.553918237487475}
{"epoch": 23, "train_loss": 0.4199856072664261, "val_loss": 0.5518971830606461, "best_epoch": 23, "best_val_loss": 0.5518971830606461}
{"epoch": 24, "train_loss": 0.41609157621860504, "val_loss": 0.554791142543157, "best_epoch": 23, "best_val_loss": 0.5518971830606461}
{"epoch": 25, "train_loss": 0.4128451670209567, "val_loss": 0.554943268497785, "best_epoch": 23, "best_val_loss": 0.5518971830606461}
{"epoch": 26, "train_loss": 0.41335772971312207, "val_loss": 0.5524274458487829, "best_epoch": 23, "best_val_loss": 0.5518971830606461}
{"epoch": 27, "train_loss": 0.4057299842437108, "val_loss": 0.5399968375762304, "best_epoch": 27, "best_val_loss": 0.5399968375762304}
{"epoch": 28, "train_loss": 0.4021485125025113, "val_loss": 0.5373825331528982, "best_epoch": 28, "best_val_loss": 0.5373825331528982}
{"epoch": 29, "train_loss": 0.3990682139992714, "val_loss": 0.5363940596580505, "best_epoch": 29, "best_val_loss": 0.5363940596580505}
{"epoch": 30, "train_loss": 0.3970480188727379, "val_loss": 0.5451830873886744, "best_epoch": 29, "best_val_loss": 0.5363940596580505}
{"epoch": 31, "train_loss": 0.3981653302907944, "val_loss": 0.5321319401264191, "best_epoch": 31, "best_val_loss": 0.5321319401264191}
{"epoch": 32, "train_loss": 0.39244815210501355, "val_loss": 0.5296961565812429, "best_epoch": 32, "best_val_loss": 0.5296961565812429}
{"epoch": 33, "train_loss": 0.3908709983030955, "val_loss": 0.53177909553051, "best_epoch": 32, "best_val_loss": 0.5296961565812429}
{"epoch": 34, "train_loss": 0.38949327419201535, "val_loss": 0.5296902358531952, "best_epoch": 34, "best_val_loss": 0.5296902358531952}
{"epoch": 35, "train_loss": 0.3859483376145363, "val_loss": 0.5298513571421305, "best_epoch": 34, "best_val_loss": 0.5296902358531952}
{"epoch": 36, "train_loss": 0.3870285352071126, "val_loss": 0.5335283925135931, "best_epoch": 34, "best_val_loss": 0.5296902358531952}
{"epoch": 37, "train_loss": 0.3858504419525464, "val_loss": 0.5301200250784556, "best_epoch": 34, "best_val_loss": 0.5296902358531952}
{"epoch": 38, "train_loss": 0.38318287829558056, "val_loss": 0.5355901718139648, "best_epoch": 34, "best_val_loss": 0.5296902358531952}
{"epoch": 39, "train_loss": 0.3842899600664775, "val_loss": 0.5356513659159342, "best_epoch": 34, "best_val_loss": 0.5296902358531952}
{"epoch": 40, "train_loss": 0.3847534582018852, "val_loss": 0.5308445394039154, "best_epoch": 34, "best_val_loss": 0.5296902358531952}
{"epoch": 41, "train_loss": 0.38261056194702786, "val_loss": 0.5307523955901464, "best_epoch": 34, "best_val_loss": 0.5296902358531952}
{"epoch": 42, "train_loss": 0.3833255122105281, "val_loss": 0.5401380310455958, "best_epoch": 34, "best_val_loss": 0.5296902358531952}
{"epoch": 43, "train_loss": 0.3795951008796692, "val_loss": 0.5296960324048996, "best_epoch": 34, "best_val_loss": 0.5296902358531952}
{"epoch": 44, "train_loss": 0.37750475605328876, "val_loss": 0.5311469087998072, "best_epoch": 34, "best_val_loss": 0.5296902358531952}
{"epoch": 45, "train_loss": 0.374812975525856, "val_loss": 0.5301886747280756, "best_epoch": 34, "best_val_loss": 0.5296902358531952}
{"epoch": 46, "train_loss": 0.37288500120242435, "val_loss": 0.5325901309649149, "best_epoch": 34, "best_val_loss": 0.5296902358531952}
{"epoch": 47, "train_loss": 0.3726325258612633, "val_loss": 0.5308582484722137, "best_epoch": 34, "best_val_loss": 0.5296902358531952}
{"epoch": 48, "train_loss": 0.37206195294857025, "val_loss": 0.5325115273396174, "best_epoch": 34, "best_val_loss": 0.5296902358531952}
{"epoch": 49, "train_loss": 0.3719313715895017, "val_loss": 0.5277579675118128, "best_epoch": 49, "best_val_loss": 0.5277579675118128}
{"epoch": 50, "train_loss": 0.37127528091271716, "val_loss": 0.530018096168836, "best_epoch": 49, "best_val_loss": 0.5277579675118128}
