{"total_training_time": 11.71602177619934, "train_loss": [null, 0.7401787241299947, 0.6630888134241104, 0.6337109406789144, 0.6122221599022547, 0.598729411760966, 0.5843093022704124, 0.5687414233883222, 0.5547450060645739, 0.5401091848810514, 0.5273691068092982, 0.5032180522878965, 0.4890860840678215, 0.4782097712159157, 0.46961912016073865, 0.4630035882194837, 0.45786000539859134, 0.4523797109723091, 0.4448752949635188, 0.43992263575394946, 0.4348446726799011, 0.4311259686946869, 0.42684966574112576, 0.4199856072664261, 0.41609157621860504, 0.4128451670209567, 0.41335772971312207, 0.4057299842437108, 0.4021485125025113, 0.3990682139992714, 0.3970480188727379, 0.3981653302907944, 0.39244815210501355, 0.3908709983030955, 0.38949327419201535, 0.3859483376145363, 0.3870285352071126, 0.3858504419525464, 0.38318287829558056, 0.3842899600664775, 0.3847534582018852, 0.38261056194702786, 0.3833255122105281, 0.3795951008796692, 0.37750475605328876, 0.374812975525856, 0.37288500120242435, 0.3726325258612633, 0.37206195294857025, 0.3719313715895017, 0.37127528091271716], "val_loss": [0.8289997478326162, 0.6586486299832662, 0.6285485426584879, 0.6114806830883026, 0.6113686760266622, 0.598973274230957, 0.5986806054910024, 0.602146327495575, 0.6041248788436254, 0.605703185002009, 0.6128317068020502, 0.613960474729538, 0.5997922172149023, 0.5984136064847311, 0.5972945243120193, 0.5920256823301315, 0.5971717834472656, 0.5828306923309962, 0.567456861337026, 0.5726622194051743, 0.5789692650238673, 0.5695923715829849, 0.553918237487475, 0.5518971830606461, 0.554791142543157, 0.554943268497785, 0.5524274458487829, 0.5399968375762304, 0.5373825331528982, 0.5363940596580505, 0.5451830873886744, 0.5321319401264191, 0.5296961565812429, 0.53177909553051, 0.5296902358531952, 0.5298513571421305, 0.5335283925135931, 0.5301200250784556, 0.5355901718139648, 0.5356513659159342, 0.5308445394039154, 0.5307523955901464, 0.5401380310455958, 0.5296960324048996, 0.5311469087998072, 0.5301886747280756, 0.5325901309649149, 0.5308582484722137, 0.5325115273396174, 0.5277579675118128, 0.530018096168836], "best_validation_epoch": 49}