{"epoch": 0, "train_loss": null, "val_loss": 2.5535758336385093, "best_epoch": 0, "best_val_loss": 2.5535758336385093}
{"epoch": 1, "train_loss": 2.523349702358246, "val_loss": 2.4737825791041055, "best_epoch": 1, "best_val_loss": 2.4737825791041055}
{"epoch": 2, "train_loss": 2.4514395793279014, "val_loss": 2.4089686075846353, "best_epoch": 2, "best_val_loss": 2.4089686075846353}
{"epoch": 3, "train_loss": 2.3949196537335715, "val_loss": 2.351181149482727, "best_epoch": 3, "best_val_loss": 2.351181149482727}
{"epoch": 4, "train_loss": 2.339278062184652, "val_loss": 2.3095146814982095, "best_epoch": 4, "best_val_loss": 2.3095146814982095}
{"epoch": 5, "train_loss": 2.295713464419047, "val_loss": 2.28637687365214, "best_epoch": 5, "best_val_loss": 2.28637687365214}
{"epoch": 6, "train_loss": 2.2672115564346313, "val_loss": 2.273879607518514, "best_epoch": 6, "best_val_loss": 2.273879607518514}
{"epoch": 7, "train_loss": 2.2454190651575723, "val_loss": 2.2716405391693115, "best_epoch": 7, "best_val_loss": 2.2716405391693115}
{"epoch": 8, "train_loss": 2.214698831240336, "val_loss": 2.2798492511113486, "best_epoch": 7, "best_val_loss": 2.2716405391693115}
{"epoch": 9, "train_loss": 2.161705960830053, "val_loss": 2.2699888149897256, "best_epoch": 9, "best_val_loss": 2.2699888149897256}
{"epoch": 10, "train_loss": 2.122114658355713, "val_loss": 2.23268453280131, "best_epoch": 10, "best_val_loss": 2.23268453280131}
{"epoch": 11, "train_loss": 2.1033894220987954, "val_loss": 2.2079678972562156, "best_epoch": 11, "best_val_loss": 2.2079678972562156}
{"epoch": 12, "train_loss": 2.081777423620224, "val_loss": 2.1901360154151917, "best_epoch": 12, "best_val_loss": 2.1901360154151917}
{"epoch": 13, "train_loss": 2.0593059162298837, "val_loss": 2.170353730519613, "best_epoch": 13, "best_val_loss": 2.170353730519613}
{"epoch": 14, "train_loss": 2.044596662123998, "val_loss": 2.144846181074778, "best_epoch": 14, "best_val_loss": 2.144846181074778}
{"epoch": 15, "train_loss": 2.032081733147303, "val_loss": 2.116535027821859, "best_epoch": 15, "best_val_loss": 2.116535027821859}
{"epoch": 16, "train_loss": 2.01090673605601, "val_loss": 2.0915350715319314, "best_epoch": 16, "best_val_loss": 2.0915350715319314}
{"epoch": 17, "train_loss": 1.8807361125946045, "val_loss": 1.9815613826115925, "best_epoch": 17, "best_val_loss": 1.9815613826115925}
{"epoch": 18, "train_loss": 1.3655847956736882, "val_loss": 0.9230988224347433, "best_epoch": 18, "best_val_loss": 0.9230988224347433}
{"epoch": 19, "train_loss": 0.8704975793759028, "val_loss": 0.8860222697257996, "best_epoch": 19, "best_val_loss": 0.8860222697257996}
{"epoch": 20, "train_loss": 0.8435103992621104, "val_loss": 0.9365603824456533, "best_epoch": 19, "best_val_loss": 0.8860222697257996}
{"epoch": 21, "train_loss": 0.828186422586441, "val_loss": 0.9664905468622843, "best_epoch": 19, "best_val_loss": 0.8860222697257996}
{"epoch": 22, "train_loss": 0.8261473029851913, "val_loss": 0.9909513195355734, "best_epoch": 19, "best_val_loss": 0.8860222697257996}
{"epoch": 23, "train_loss": 0.8289650281270345, "val_loss": 0.9525406062602997, "best_epoch": 19, "best_val_loss": 0.8860222697257996}
{"epoch": 24, "train_loss": 0.8133249431848526, "val_loss": 0.8947520156701406, "best_epoch": 19, "best_val_loss": 0.8860222697257996}
{"epoch": 25, "train_loss": 0.8017445305983225, "val_loss": 0.9108991324901581, "best_epoch": 19, "best_val_loss": 0.8860222697257996}
{"epoch": 26, "train_loss": 0.7945699344078699, "val_loss": 0.8840963840484619, "best_epoch": 26, "best_val_loss": 0.8840963840484619}
{"epoch": 27, "train_loss": 0.7782464300592741, "val_loss": 0.8633958448966345, "best_epoch": 27, "best_val_loss": 0.8633958448966345}
{"epoch": 28, "train_loss": 0.7677065804600716, "val_loss": 0.8466927309830984, "best_epoch": 28, "best_val_loss": 0.8466927309830984}
{"epoch": 29, "train_loss": 0.7589307054877281, "val_loss": 0.814238891005516, "best_epoch": 29, "best_val_loss": 0.814238891005516}
{"epoch": 30, "train_loss": 0.753082082917293, "val_loss": 0.795958012342453, "best_epoch": 30, "best_val_loss": 0.795958012342453}
{"epoch": 31, "train_loss": 0.7502151181300482, "val_loss": 0.7933181126912435, "best_epoch": 31, "best_val_loss": 0.7933181126912435}
{"epoch": 32, "train_loss": 0.7470606366793314, "val_loss": 0.7974017759164175, "best_epoch": 31, "best_val_loss": 0.7933181126912435}
{"epoch": 33, "train_loss": 0.7443365578850111, "val_loss": 0.794391135374705, "best_epoch": 31, "best_val_loss": 0.7933181126912435}
{"epoch": 34, "train_loss": 0.7422620666523775, "val_loss": 0.7917189995447794, "best_epoch": 34, "best_val_loss": 0.7917189995447794}
{"epoch": 35, "train_loss": 0.7407856620848179, "val_loss": 0.7902113745609919, "best_epoch": 35, "best_val_loss": 0.7902113745609919}
{"epoch": 36, "train_loss": 0.7395526667435964, "val_loss": 0.7881870369116465, "best_epoch": 36, "best_val_loss": 0.7881870369116465}
{"epoch": 37, "train_loss": 0.7385212928056717, "val_loss": 0.7856027285257975, "best_epoch": 37, "best_val_loss": 0.7856027285257975}
{"epoch": 38, "train_loss": 0.7376090822120508, "val_loss": 0.7830172379811605, "best_epoch": 38, "best_val_loss": 0.7830172379811605}
{"epoch": 39, "train_loss": 0.7367992016176382, "val_loss": 0.7803621043761572, "best_epoch": 39, "best_val_loss": 0.7803621043761572}
{"epoch": 40, "train_loss": 0.7360740924874941, "val_loss": 0.7775948445002238, "best_epoch": 40, "best_val_loss": 0.7775948445002238}
{"epoch": 41, "train_loss": 0.7354094386100769, "val_loss": 0.7747985025246938, "best_epoch": 41, "best_val_loss": 0.7747985025246938}
{"epoch": 42, "train_loss": 0.7348067673544089, "val_loss": 0.771978830297788, "best_epoch": 42, "best_val_loss": 0.771978830297788}
{"epoch": 43, "train_loss": 0.734256791571776, "val_loss": 0.7692223191261292, "best_epoch": 43, "best_val_loss": 0.7692223191261292}
{"epoch": 44, "train_loss": 0.7337542635699114, "val_loss": 0.7664866844813029, "best_epoch": 44, "best_val_loss": 0.7664866844813029}
{"epoch": 45, "train_loss": 0.7332862640420595, "val_loss": 0.7638378391663233, "best_epoch": 45, "best_val_loss": 0.7638378391663233}
{"epoch": 46, "train_loss": 0.732860516756773, "val_loss": 0.7613758246103922, "best_epoch": 46, "best_val_loss": 0.7613758246103922}
{"epoch": 47, "train_loss": 0.7324699722230434, "val_loss": 0.7589897215366364, "best_epoch": 47, "best_val_loss": 0.7589897215366364}
{"epoch": 48, "train_loss": 0.7321111808220545, "val_loss": 0.7566430419683456, "best_epoch": 48, "best_val_loss": 0.7566430419683456}
{"epoch": 49, "train_loss": 0.7317792437970638, "val_loss": 0.7544384549061457, "best_epoch": 49, "best_val_loss": 0.7544384549061457}
{"epoch": 50, "train_loss": 0.7314732273419698, "val_loss": 0.7522876113653183, "best_epoch": 50, "best_val_loss": 0.7522876113653183}
