{"total_training_time": 19.285639762878418, "train_loss": [null, 2.523349702358246, 2.4514395793279014, 2.3949196537335715, 2.339278062184652, 2.295713464419047, 2.2672115564346313, 2.2454190651575723, 2.214698831240336, 2.161705960830053, 2.122114658355713, 2.1033894220987954, 2.081777423620224, 2.0593059162298837, 2.044596662123998, 2.032081733147303, 2.01090673605601, 1.8807361125946045, 1.3655847956736882, 0.8704975793759028, 0.8435103992621104, 0.828186422586441, 0.8261473029851913, 0.8289650281270345, 0.8133249431848526, 0.8017445305983225, 0.7945699344078699, 0.7782464300592741, 0.7677065804600716, 0.7589307054877281, 0.753082082917293, 0.7502151181300482, 0.7470606366793314, 0.7443365578850111, 0.7422620666523775, 0.7407856620848179, 0.7395526667435964, 0.7385212928056717, 0.7376090822120508, 0.7367992016176382, 0.7360740924874941, 0.7354094386100769, 0.7348067673544089, 0.734256791571776, 0.7337542635699114, 0.7332862640420595, 0.732860516756773, 0.7324699722230434, 0.7321111808220545, 0.7317792437970638, 0.7314732273419698], "val_loss": [2.5535758336385093, 2.4737825791041055, 2.4089686075846353, 2.351181149482727, 2.3095146814982095, 2.28637687365214, 2.273879607518514, 2.2716405391693115, 2.2798492511113486, 2.2699888149897256, 2.23268453280131, 2.2079678972562156, 2.1901360154151917, 2.170353730519613, 2.144846181074778, 2.116535027821859, 2.0915350715319314, 1.9815613826115925, 0.9230988224347433, 0.8860222697257996, 0.9365603824456533, 0.9664905468622843, 0.9909513195355734, 0.9525406062602997, 0.8947520156701406, 0.9108991324901581, 0.8840963840484619, 0.8633958448966345, 0.8466927309830984, 0.814238891005516, 0.795958012342453, 0.7933181126912435, 0.7974017759164175, 0.794391135374705, 0.7917189995447794, 0.7902113745609919, 0.7881870369116465, 0.7856027285257975, 0.7830172379811605, 0.7803621043761572, 0.7775948445002238, 0.7747985025246938, 0.771978830297788, 0.7692223191261292, 0.7664866844813029, 0.7638378391663233, 0.7613758246103922, 0.7589897215366364, 0.7566430419683456, 0.7544384549061457, 0.7522876113653183], "best_validation_epoch": 50}