{"epoch": 0, "train_loss": null, "val_loss": 0.9725973804791769, "best_epoch": 0, "best_val_loss": 0.9725973804791769}
{"epoch": 1, "train_loss": 0.9384294052918752, "val_loss": 0.8921712140242258, "best_epoch": 1, "best_val_loss": 0.8921712140242258}
{"epoch": 2, "train_loss": 0.8652827590703964, "val_loss": 0.8247695962587992, "best_epoch": 2, "best_val_loss": 0.8247695962587992}
{"epoch": 3, "train_loss": 0.8044818888107935, "val_loss": 0.7625674406687418, "best_epoch": 3, "best_val_loss": 0.7625674406687418}
{"epoch": 4, "train_loss": 0.7526085575421652, "val_loss": 0.7153554956118265, "best_epoch": 4, "best_val_loss": 0.7153554956118265}
{"epoch": 5, "train_loss": 0.7262927989164988, "val_loss": 0.7023675541083018, "best_epoch": 5, "best_val_loss": 0.7023675541083018}
{"epoch": 6, "train_loss": 0.7115077823400497, "val_loss": 0.6983452141284943, "best_epoch": 6, "best_val_loss": 0.6983452141284943}
{"epoch": 7, "train_loss": 0.7054742674032847, "val_loss": 0.6956420441468557, "best_epoch": 7, "best_val_loss": 0.6956420441468557}
{"epoch": 8, "train_loss": 0.7032986879348755, "val_loss": 0.6949703693389893, "best_epoch": 8, "best_val_loss": 0.6949703693389893}
{"epoch": 9, "train_loss": 0.7023306339979172, "val_loss": 0.6945787568887075, "best_epoch": 9, "best_val_loss": 0.6945787568887075}
{"epoch": 10, "train_loss": 0.7017523845036825, "val_loss": 0.6951708992322286, "best_epoch": 9, "best_val_loss": 0.6945787568887075}
{"epoch": 11, "train_loss": 0.7020673106114069, "val_loss": 0.694422980149587, "best_epoch": 11, "best_val_loss": 0.694422980149587}
{"epoch": 12, "train_loss": 0.7016951342423757, "val_loss": 0.6946803331375122, "best_epoch": 11, "best_val_loss": 0.694422980149587}
{"epoch": 13, "train_loss": 0.7017303059498469, "val_loss": 0.6944502095381418, "best_epoch": 11, "best_val_loss": 0.694422980149587}
{"epoch": 14, "train_loss": 0.701535294453303, "val_loss": 0.6949527164300283, "best_epoch": 11, "best_val_loss": 0.694422980149587}
{"epoch": 15, "train_loss": 0.7019899785518646, "val_loss": 0.6945787270863851, "best_epoch": 11, "best_val_loss": 0.694422980149587}
{"epoch": 16, "train_loss": 0.7016852746407191, "val_loss": 0.6942313512166342, "best_epoch": 16, "best_val_loss": 0.6942313512166342}
{"epoch": 17, "train_loss": 0.701614131530126, "val_loss": 0.6947591404120127, "best_epoch": 16, "best_val_loss": 0.6942313512166342}
{"epoch": 18, "train_loss": 0.7017194132010142, "val_loss": 0.6945198078950247, "best_epoch": 16, "best_val_loss": 0.6942313512166342}
{"epoch": 19, "train_loss": 0.7015375147263209, "val_loss": 0.6949902375539144, "best_epoch": 16, "best_val_loss": 0.6942313512166342}
{"epoch": 20, "train_loss": 0.7019996792078018, "val_loss": 0.69456880291303, "best_epoch": 16, "best_val_loss": 0.6942313512166342}
{"epoch": 21, "train_loss": 0.7016863922278086, "val_loss": 0.6942488153775533, "best_epoch": 16, "best_val_loss": 0.6942313512166342}
{"epoch": 22, "train_loss": 0.7016147325436274, "val_loss": 0.6947418252627054, "best_epoch": 16, "best_val_loss": 0.6942313512166342}
{"epoch": 23, "train_loss": 0.7017209728558859, "val_loss": 0.6944993237654368, "best_epoch": 16, "best_val_loss": 0.6942313512166342}
{"epoch": 24, "train_loss": 0.7015375246604284, "val_loss": 0.6949765483538309, "best_epoch": 16, "best_val_loss": 0.6942313512166342}
{"epoch": 25, "train_loss": 0.7020001461108526, "val_loss": 0.6945866346359253, "best_epoch": 16, "best_val_loss": 0.6942313512166342}
{"epoch": 26, "train_loss": 0.7016871819893519, "val_loss": 0.6942629416783651, "best_epoch": 16, "best_val_loss": 0.6942313512166342}
{"epoch": 27, "train_loss": 0.701615090171496, "val_loss": 0.6947320898373922, "best_epoch": 16, "best_val_loss": 0.6942313512166342}
{"epoch": 28, "train_loss": 0.7010366221268972, "val_loss": 0.6942522426446279, "best_epoch": 16, "best_val_loss": 0.6942313512166342}
{"epoch": 29, "train_loss": 0.7005115846792856, "val_loss": 0.6943575839201609, "best_epoch": 16, "best_val_loss": 0.6942313512166342}
{"epoch": 30, "train_loss": 0.7008423606554667, "val_loss": 0.6945996085802714, "best_epoch": 16, "best_val_loss": 0.6942313512166342}
{"epoch": 31, "train_loss": 0.7011558463176092, "val_loss": 0.6941845417022705, "best_epoch": 31, "best_val_loss": 0.6941845417022705}
{"epoch": 32, "train_loss": 0.7007959634065628, "val_loss": 0.6945528984069824, "best_epoch": 31, "best_val_loss": 0.6941845417022705}
{"epoch": 33, "train_loss": 0.7008276581764221, "val_loss": 0.694299171368281, "best_epoch": 31, "best_val_loss": 0.6941845417022705}
{"epoch": 34, "train_loss": 0.7007986704508463, "val_loss": 0.6946384708086649, "best_epoch": 31, "best_val_loss": 0.6941845417022705}
{"epoch": 35, "train_loss": 0.7012073000272115, "val_loss": 0.6945936381816864, "best_epoch": 31, "best_val_loss": 0.6941845417022705}
{"epoch": 36, "train_loss": 0.7009223798910776, "val_loss": 0.6942238509654999, "best_epoch": 31, "best_val_loss": 0.6941845417022705}
{"epoch": 37, "train_loss": 0.7008305191993713, "val_loss": 0.6945476432641348, "best_epoch": 31, "best_val_loss": 0.6941845417022705}
{"epoch": 38, "train_loss": 0.7009139557679495, "val_loss": 0.6946400503317515, "best_epoch": 31, "best_val_loss": 0.6941845417022705}
{"epoch": 39, "train_loss": 0.70081860323747, "val_loss": 0.6942385733127594, "best_epoch": 31, "best_val_loss": 0.6941845417022705}
{"epoch": 40, "train_loss": 0.7005544751882553, "val_loss": 0.6944614052772522, "best_epoch": 31, "best_val_loss": 0.6941845417022705}
{"epoch": 41, "train_loss": 0.7007807393868765, "val_loss": 0.6942970554033915, "best_epoch": 31, "best_val_loss": 0.6941845417022705}
{"epoch": 42, "train_loss": 0.7005535860856374, "val_loss": 0.6944199403127035, "best_epoch": 31, "best_val_loss": 0.6941845417022705}
{"epoch": 43, "train_loss": 0.7007743964592615, "val_loss": 0.6943231523036957, "best_epoch": 31, "best_val_loss": 0.6941845417022705}
{"epoch": 44, "train_loss": 0.7005553096532822, "val_loss": 0.6943931778271993, "best_epoch": 31, "best_val_loss": 0.6941845417022705}
{"epoch": 45, "train_loss": 0.7007711976766586, "val_loss": 0.6943453351656595, "best_epoch": 31, "best_val_loss": 0.6941845417022705}
{"epoch": 46, "train_loss": 0.7004843105872472, "val_loss": 0.6942871510982513, "best_epoch": 31, "best_val_loss": 0.6941845417022705}
{"epoch": 47, "train_loss": 0.7005270818869272, "val_loss": 0.6942399342854818, "best_epoch": 31, "best_val_loss": 0.6941845417022705}
{"epoch": 48, "train_loss": 0.7005169739325842, "val_loss": 0.6941658655802408, "best_epoch": 48, "best_val_loss": 0.6941658655802408}
{"epoch": 49, "train_loss": 0.7004855771859487, "val_loss": 0.6943409939606985, "best_epoch": 48, "best_val_loss": 0.6941658655802408}
{"epoch": 50, "train_loss": 0.700467566649119, "val_loss": 0.6942657232284546, "best_epoch": 48, "best_val_loss": 0.6941658655802408}
