{"total_training_time": 11.035187244415283, "train_loss": [null, 0.9384294052918752, 0.8652827590703964, 0.8044818888107935, 0.7526085575421652, 0.7262927989164988, 0.7115077823400497, 0.7054742674032847, 0.7032986879348755, 0.7023306339979172, 0.7017523845036825, 0.7020673106114069, 0.7016951342423757, 0.7017303059498469, 0.701535294453303, 0.7019899785518646, 0.7016852746407191, 0.701614131530126, 0.7017194132010142, 0.7015375147263209, 0.7019996792078018, 0.7016863922278086, 0.7016147325436274, 0.7017209728558859, 0.7015375246604284, 0.7020001461108526, 0.7016871819893519, 0.701615090171496, 0.7010366221268972, 0.7005115846792856, 0.7008423606554667, 0.7011558463176092, 0.7007959634065628, 0.7008276581764221, 0.7007986704508463, 0.7012073000272115, 0.7009223798910776, 0.7008305191993713, 0.7009139557679495, 0.70081860323747, 0.7005544751882553, 0.7007807393868765, 0.7005535860856374, 0.7007743964592615, 0.7005553096532822, 0.7007711976766586, 0.7004843105872472, 0.7005270818869272, 0.7005169739325842, 0.7004855771859487, 0.700467566649119], "val_loss": [0.9725973804791769, 0.8921712140242258, 0.8247695962587992, 0.7625674406687418, 0.7153554956118265, 0.7023675541083018, 0.6983452141284943, 0.6956420441468557, 0.6949703693389893, 0.6945787568887075, 0.6951708992322286, 0.694422980149587, 0.6946803331375122, 0.6944502095381418, 0.6949527164300283, 0.6945787270863851, 0.6942313512166342, 0.6947591404120127, 0.6945198078950247, 0.6949902375539144, 0.69456880291303, 0.6942488153775533, 0.6947418252627054, 0.6944993237654368, 0.6949765483538309, 0.6945866346359253, 0.6942629416783651, 0.6947320898373922, 0.6942522426446279, 0.6943575839201609, 0.6945996085802714, 0.6941845417022705, 0.6945528984069824, 0.694299171368281, 0.6946384708086649, 0.6945936381816864, 0.6942238509654999, 0.6945476432641348, 0.6946400503317515, 0.6942385733127594, 0.6944614052772522, 0.6942970554033915, 0.6944199403127035, 0.6943231523036957, 0.6943931778271993, 0.6943453351656595, 0.6942871510982513, 0.6942399342854818, 0.6941658655802408, 0.6943409939606985, 0.6942657232284546], "best_validation_epoch": 48}