{"epoch": 0, "train_loss": null, "val_loss": 2.179440458615621, "best_epoch": 0, "best_val_loss": 2.179440458615621}
{"epoch": 1, "train_loss": 2.1322984099388123, "val_loss": 1.9975440502166748, "best_epoch": 1, "best_val_loss": 1.9975440502166748}
{"epoch": 2, "train_loss": 1.9767852922280629, "val_loss": 1.89095139503479, "best_epoch": 2, "best_val_loss": 1.89095139503479}
{"epoch": 3, "train_loss": 1.9027164081732433, "val_loss": 1.8601463635762532, "best_epoch": 3, "best_val_loss": 1.8601463635762532}
{"epoch": 4, "train_loss": 1.8752883970737457, "val_loss": 1.8451659282048543, "best_epoch": 4, "best_val_loss": 1.8451659282048543}
{"epoch": 5, "train_loss": 1.865114152431488, "val_loss": 1.839604119459788, "best_epoch": 5, "best_val_loss": 1.839604119459788}
{"epoch": 6, "train_loss": 1.8592818280061085, "val_loss": 1.8372104962666829, "best_epoch": 6, "best_val_loss": 1.8372104962666829}
{"epoch": 7, "train_loss": 1.855701704819997, "val_loss": 1.8354989290237427, "best_epoch": 7, "best_val_loss": 1.8354989290237427}
{"epoch": 8, "train_loss": 1.8541280925273895, "val_loss": 1.8345333139101665, "best_epoch": 8, "best_val_loss": 1.8345333139101665}
{"epoch": 9, "train_loss": 1.8528712888558705, "val_loss": 1.8338053822517395, "best_epoch": 9, "best_val_loss": 1.8338053822517395}
{"epoch": 10, "train_loss": 1.8521034916241963, "val_loss": 1.8330917954444885, "best_epoch": 10, "best_val_loss": 1.8330917954444885}
{"epoch": 11, "train_loss": 1.851674238840739, "val_loss": 1.832631250222524, "best_epoch": 11, "best_val_loss": 1.832631250222524}
{"epoch": 12, "train_loss": 1.8507692118485768, "val_loss": 1.830816109975179, "best_epoch": 12, "best_val_loss": 1.830816109975179}
{"epoch": 13, "train_loss": 1.8502601087093353, "val_loss": 1.8296970923741658, "best_epoch": 13, "best_val_loss": 1.8296970923741658}
{"epoch": 14, "train_loss": 1.849999080101649, "val_loss": 1.8293644388516743, "best_epoch": 14, "best_val_loss": 1.8293644388516743}
{"epoch": 15, "train_loss": 1.8497331142425537, "val_loss": 1.8291471600532532, "best_epoch": 15, "best_val_loss": 1.8291471600532532}
{"epoch": 16, "train_loss": 1.849539836247762, "val_loss": 1.8289106289545696, "best_epoch": 16, "best_val_loss": 1.8289106289545696}
{"epoch": 17, "train_loss": 1.8494134942690532, "val_loss": 1.8287234902381897, "best_epoch": 17, "best_val_loss": 1.8287234902381897}
{"epoch": 18, "train_loss": 1.8492779632409413, "val_loss": 1.8285579482714336, "best_epoch": 18, "best_val_loss": 1.8285579482714336}
{"epoch": 19, "train_loss": 1.849194864432017, "val_loss": 1.8284040490786235, "best_epoch": 19, "best_val_loss": 1.8284040490786235}
{"epoch": 20, "train_loss": 1.8490920464197795, "val_loss": 1.8282808264096577, "best_epoch": 20, "best_val_loss": 1.8282808264096577}
{"epoch": 21, "train_loss": 1.8490311602751415, "val_loss": 1.8281580408414204, "best_epoch": 21, "best_val_loss": 1.8281580408414204}
{"epoch": 22, "train_loss": 1.8489577174186707, "val_loss": 1.8280586401621501, "best_epoch": 22, "best_val_loss": 1.8280586401621501}
{"epoch": 23, "train_loss": 1.8489065766334534, "val_loss": 1.8279526631037395, "best_epoch": 23, "best_val_loss": 1.8279526631037395}
{"epoch": 24, "train_loss": 1.848847319682439, "val_loss": 1.827868103981018, "best_epoch": 24, "best_val_loss": 1.827868103981018}
{"epoch": 25, "train_loss": 1.848809500535329, "val_loss": 1.8277788956960042, "best_epoch": 25, "best_val_loss": 1.8277788956960042}
{"epoch": 26, "train_loss": 1.8487630585829418, "val_loss": 1.8277100721995037, "best_epoch": 26, "best_val_loss": 1.8277100721995037}
{"epoch": 27, "train_loss": 1.8487311601638794, "val_loss": 1.8276333610216777, "best_epoch": 27, "best_val_loss": 1.8276333610216777}
{"epoch": 28, "train_loss": 1.8486921687920888, "val_loss": 1.8275768359502156, "best_epoch": 28, "best_val_loss": 1.8275768359502156}
{"epoch": 29, "train_loss": 1.8486682176589966, "val_loss": 1.8275107741355896, "best_epoch": 29, "best_val_loss": 1.8275107741355896}
{"epoch": 30, "train_loss": 1.8486353953679402, "val_loss": 1.8274603486061096, "best_epoch": 30, "best_val_loss": 1.8274603486061096}
{"epoch": 31, "train_loss": 1.8486126561959584, "val_loss": 1.827415943145752, "best_epoch": 31, "best_val_loss": 1.827415943145752}
{"epoch": 32, "train_loss": 1.8483461042245228, "val_loss": 1.8276126980781555, "best_epoch": 31, "best_val_loss": 1.827415943145752}
{"epoch": 33, "train_loss": 1.8339404265085857, "val_loss": 1.836744765440623, "best_epoch": 31, "best_val_loss": 1.827415943145752}
{"epoch": 34, "train_loss": 1.8346566557884216, "val_loss": 1.8364088535308838, "best_epoch": 31, "best_val_loss": 1.827415943145752}
{"epoch": 35, "train_loss": 1.8345627188682556, "val_loss": 1.8360679944356282, "best_epoch": 31, "best_val_loss": 1.827415943145752}
{"epoch": 36, "train_loss": 1.8345135649045308, "val_loss": 1.835885763168335, "best_epoch": 31, "best_val_loss": 1.827415943145752}
{"epoch": 37, "train_loss": 1.834467609723409, "val_loss": 1.8356064160664876, "best_epoch": 31, "best_val_loss": 1.827415943145752}
{"epoch": 38, "train_loss": 1.8299252390861511, "val_loss": 1.8277430733044941, "best_epoch": 31, "best_val_loss": 1.827415943145752}
{"epoch": 39, "train_loss": 1.8233558932940166, "val_loss": 1.8260919849077861, "best_epoch": 39, "best_val_loss": 1.8260919849077861}
{"epoch": 40, "train_loss": 1.8221846222877502, "val_loss": 1.8263657093048096, "best_epoch": 39, "best_val_loss": 1.8260919849077861}
{"epoch": 41, "train_loss": 1.821425239245097, "val_loss": 1.8264668782552083, "best_epoch": 39, "best_val_loss": 1.8260919849077861}
{"epoch": 42, "train_loss": 1.8215615848700206, "val_loss": 1.8263272444407146, "best_epoch": 39, "best_val_loss": 1.8260919849077861}
{"epoch": 43, "train_loss": 1.8213917911052704, "val_loss": 1.8260936538378398, "best_epoch": 39, "best_val_loss": 1.8260919849077861}
{"epoch": 44, "train_loss": 1.8212486803531647, "val_loss": 1.8260571757952373, "best_epoch": 44, "best_val_loss": 1.8260571757952373}
{"epoch": 45, "train_loss": 1.821216384569804, "val_loss": 1.8260122140248616, "best_epoch": 45, "best_val_loss": 1.8260122140248616}
{"epoch": 46, "train_loss": 1.8212207059065502, "val_loss": 1.8259360392888386, "best_epoch": 46, "best_val_loss": 1.8259360392888386}
{"epoch": 47, "train_loss": 1.8211848835150402, "val_loss": 1.8259100119272869, "best_epoch": 47, "best_val_loss": 1.8259100119272869}
{"epoch": 48, "train_loss": 1.821170300245285, "val_loss": 1.8258851369222004, "best_epoch": 48, "best_val_loss": 1.8258851369222004}
{"epoch": 49, "train_loss": 1.8211598992347717, "val_loss": 1.8258610169092815, "best_epoch": 49, "best_val_loss": 1.8258610169092815}
{"epoch": 50, "train_loss": 1.8211463689804077, "val_loss": 1.8258425792058308, "best_epoch": 50, "best_val_loss": 1.8258425792058308}
