{"total_training_time": 7.277244806289673, "train_loss": [null, 2.1322984099388123, 1.9767852922280629, 1.9027164081732433, 1.8752883970737457, 1.865114152431488, 1.8592818280061085, 1.855701704819997, 1.8541280925273895, 1.8528712888558705, 1.8521034916241963, 1.851674238840739, 1.8507692118485768, 1.8502601087093353, 1.849999080101649, 1.8497331142425537, 1.849539836247762, 1.8494134942690532, 1.8492779632409413, 1.849194864432017, 1.8490920464197795, 1.8490311602751415, 1.8489577174186707, 1.8489065766334534, 1.848847319682439, 1.848809500535329, 1.8487630585829418, 1.8487311601638794, 1.8486921687920888, 1.8486682176589966, 1.8486353953679402, 1.8486126561959584, 1.8483461042245228, 1.8339404265085857, 1.8346566557884216, 1.8345627188682556, 1.8345135649045308, 1.834467609723409, 1.8299252390861511, 1.8233558932940166, 1.8221846222877502, 1.821425239245097, 1.8215615848700206, 1.8213917911052704, 1.8212486803531647, 1.821216384569804, 1.8212207059065502, 1.8211848835150402, 1.821170300245285, 1.8211598992347717, 1.8211463689804077], "val_loss": [2.179440458615621, 1.9975440502166748, 1.89095139503479, 1.8601463635762532, 1.8451659282048543, 1.839604119459788, 1.8372104962666829, 1.8354989290237427, 1.8345333139101665, 1.8338053822517395, 1.8330917954444885, 1.832631250222524, 1.830816109975179, 1.8296970923741658, 1.8293644388516743, 1.8291471600532532, 1.8289106289545696, 1.8287234902381897, 1.8285579482714336, 1.8284040490786235, 1.8282808264096577, 1.8281580408414204, 1.8280586401621501, 1.8279526631037395, 1.827868103981018, 1.8277788956960042, 1.8277100721995037, 1.8276333610216777, 1.8275768359502156, 1.8275107741355896, 1.8274603486061096, 1.827415943145752, 1.8276126980781555, 1.836744765440623, 1.8364088535308838, 1.8360679944356282, 1.835885763168335, 1.8356064160664876, 1.8277430733044941, 1.8260919849077861, 1.8263657093048096, 1.8264668782552083, 1.8263272444407146, 1.8260936538378398, 1.8260571757952373, 1.8260122140248616, 1.8259360392888386, 1.8259100119272869, 1.8258851369222004, 1.8258610169092815, 1.8258425792058308], "best_validation_epoch": 50}