{"epoch": 0, "train_loss": null, "val_loss": 2.7717370986938477, "best_epoch": 0, "best_val_loss": 2.7717370986938477}
{"epoch": 1, "train_loss": 2.588493605454763, "val_loss": 2.444934288660685, "best_epoch": 1, "best_val_loss": 2.444934288660685}
{"epoch": 2, "train_loss": 2.405933598677317, "val_loss": 2.256215453147888, "best_epoch": 2, "best_val_loss": 2.256215453147888}
{"epoch": 3, "train_loss": 2.2628981868426004, "val_loss": 2.1474434534708657, "best_epoch": 3, "best_val_loss": 2.1474434534708657}
{"epoch": 4, "train_loss": 2.1935493846734366, "val_loss": 2.093252638975779, "best_epoch": 4, "best_val_loss": 2.093252638975779}
{"epoch": 5, "train_loss": 2.1427017649014792, "val_loss": 2.043149948120117, "best_epoch": 5, "best_val_loss": 2.043149948120117}
{"epoch": 6, "train_loss": 2.0908331175645194, "val_loss": 1.996678312619527, "best_epoch": 6, "best_val_loss": 1.996678312619527}
{"epoch": 7, "train_loss": 2.032265822092692, "val_loss": 1.9446551005045574, "best_epoch": 7, "best_val_loss": 1.9446551005045574}
{"epoch": 8, "train_loss": 1.9487123688062031, "val_loss": 1.8543424208958943, "best_epoch": 8, "best_val_loss": 1.8543424208958943}
{"epoch": 9, "train_loss": 1.7748405436674755, "val_loss": 1.7677999933560689, "best_epoch": 9, "best_val_loss": 1.7677999933560689}
{"epoch": 10, "train_loss": 1.6860261857509613, "val_loss": 1.690159519513448, "best_epoch": 10, "best_val_loss": 1.690159519513448}
{"epoch": 11, "train_loss": 1.6137479941050212, "val_loss": 1.6449768543243408, "best_epoch": 11, "best_val_loss": 1.6449768543243408}
{"epoch": 12, "train_loss": 1.5703879296779633, "val_loss": 1.6297659079233806, "best_epoch": 12, "best_val_loss": 1.6297659079233806}
{"epoch": 13, "train_loss": 1.5581554273764293, "val_loss": 1.6122321486473083, "best_epoch": 13, "best_val_loss": 1.6122321486473083}
{"epoch": 14, "train_loss": 1.550962209701538, "val_loss": 1.6013319492340088, "best_epoch": 14, "best_val_loss": 1.6013319492340088}
{"epoch": 15, "train_loss": 1.4148086607456207, "val_loss": 1.5390445192654927, "best_epoch": 15, "best_val_loss": 1.5390445192654927}
{"epoch": 16, "train_loss": 1.373737707734108, "val_loss": 1.381923069556554, "best_epoch": 16, "best_val_loss": 1.381923069556554}
{"epoch": 17, "train_loss": 1.2134435375531514, "val_loss": 1.208663026491801, "best_epoch": 17, "best_val_loss": 1.208663026491801}
{"epoch": 18, "train_loss": 1.1834065864483516, "val_loss": 1.1897929112116497, "best_epoch": 18, "best_val_loss": 1.1897929112116497}
{"epoch": 19, "train_loss": 1.1677844474713008, "val_loss": 1.1609967748324077, "best_epoch": 19, "best_val_loss": 1.1609967748324077}
{"epoch": 20, "train_loss": 1.14477077126503, "val_loss": 1.1510718762874603, "best_epoch": 20, "best_val_loss": 1.1510718762874603}
{"epoch": 21, "train_loss": 1.1393548498551052, "val_loss": 1.1482347349325817, "best_epoch": 21, "best_val_loss": 1.1482347349325817}
{"epoch": 22, "train_loss": 1.1379519253969193, "val_loss": 1.1477880279223125, "best_epoch": 22, "best_val_loss": 1.1477880279223125}
{"epoch": 23, "train_loss": 1.1373888353506725, "val_loss": 1.1476695835590363, "best_epoch": 23, "best_val_loss": 1.1476695835590363}
{"epoch": 24, "train_loss": 1.1371625115474064, "val_loss": 1.1473446389039357, "best_epoch": 24, "best_val_loss": 1.1473446389039357}
{"epoch": 25, "train_loss": 1.136922945578893, "val_loss": 1.1471667885780334, "best_epoch": 25, "best_val_loss": 1.1471667885780334}
{"epoch": 26, "train_loss": 1.1367450257142384, "val_loss": 1.1470638116200764, "best_epoch": 26, "best_val_loss": 1.1470638116200764}
{"epoch": 27, "train_loss": 1.1366198708613713, "val_loss": 1.1469565629959106, "best_epoch": 27, "best_val_loss": 1.1469565629959106}
{"epoch": 28, "train_loss": 1.136517624060313, "val_loss": 1.1468610962231953, "best_epoch": 28, "best_val_loss": 1.1468610962231953}
{"epoch": 29, "train_loss": 1.1364168922106426, "val_loss": 1.1467826068401337, "best_epoch": 29, "best_val_loss": 1.1467826068401337}
{"epoch": 30, "train_loss": 1.1363247434298198, "val_loss": 1.146712491909663, "best_epoch": 30, "best_val_loss": 1.146712491909663}
{"epoch": 31, "train_loss": 1.136245494087537, "val_loss": 1.1466491917769115, "best_epoch": 31, "best_val_loss": 1.1466491917769115}
{"epoch": 32, "train_loss": 1.1361726919809978, "val_loss": 1.1465919017791748, "best_epoch": 32, "best_val_loss": 1.1465919017791748}
{"epoch": 33, "train_loss": 1.1361043999592464, "val_loss": 1.146539698044459, "best_epoch": 33, "best_val_loss": 1.146539698044459}
{"epoch": 34, "train_loss": 1.1360419144233067, "val_loss": 1.1464918851852417, "best_epoch": 34, "best_val_loss": 1.1464918851852417}
{"epoch": 35, "train_loss": 1.1359842071930568, "val_loss": 1.1464476585388184, "best_epoch": 35, "best_val_loss": 1.1464476585388184}
{"epoch": 36, "train_loss": 1.1359304289023082, "val_loss": 1.1464065213998158, "best_epoch": 36, "best_val_loss": 1.1464065213998158}
{"epoch": 37, "train_loss": 1.135880207022031, "val_loss": 1.1463682254155476, "best_epoch": 37, "best_val_loss": 1.1463682254155476}
{"epoch": 38, "train_loss": 1.135833352804184, "val_loss": 1.1463323831558228, "best_epoch": 38, "best_val_loss": 1.1463323831558228}
{"epoch": 39, "train_loss": 1.1357895036538441, "val_loss": 1.1462986866633098, "best_epoch": 39, "best_val_loss": 1.1462986866633098}
{"epoch": 40, "train_loss": 1.1357483913501103, "val_loss": 1.1462668776512146, "best_epoch": 40, "best_val_loss": 1.1462668776512146}
{"epoch": 41, "train_loss": 1.1357098023096721, "val_loss": 1.1462368269761403, "best_epoch": 41, "best_val_loss": 1.1462368269761403}
{"epoch": 42, "train_loss": 1.1356735328833263, "val_loss": 1.1462083061536152, "best_epoch": 42, "best_val_loss": 1.1462083061536152}
{"epoch": 43, "train_loss": 1.1356393347183864, "val_loss": 1.1461812059084575, "best_epoch": 43, "best_val_loss": 1.1461812059084575}
{"epoch": 44, "train_loss": 1.135607088605563, "val_loss": 1.1461554268995922, "best_epoch": 44, "best_val_loss": 1.1461554268995922}
{"epoch": 45, "train_loss": 1.1355766654014587, "val_loss": 1.1461307803789775, "best_epoch": 45, "best_val_loss": 1.1461307803789775}
{"epoch": 46, "train_loss": 1.1355479657649994, "val_loss": 1.1461072166760762, "best_epoch": 46, "best_val_loss": 1.1461072166760762}
{"epoch": 47, "train_loss": 1.1355207363764446, "val_loss": 1.1460845470428467, "best_epoch": 47, "best_val_loss": 1.1460845470428467}
{"epoch": 48, "train_loss": 1.1354949374993641, "val_loss": 1.1460628509521484, "best_epoch": 48, "best_val_loss": 1.1460628509521484}
{"epoch": 49, "train_loss": 1.1354703307151794, "val_loss": 1.1460419098536174, "best_epoch": 49, "best_val_loss": 1.1460419098536174}
{"epoch": 50, "train_loss": 1.1354469656944275, "val_loss": 1.1460218330224354, "best_epoch": 50, "best_val_loss": 1.1460218330224354}
