{"total_training_time": 19.113227367401123, "train_loss": [null, 2.588493605454763, 2.405933598677317, 2.2628981868426004, 2.1935493846734366, 2.1427017649014792, 2.0908331175645194, 2.032265822092692, 1.9487123688062031, 1.7748405436674755, 1.6860261857509613, 1.6137479941050212, 1.5703879296779633, 1.5581554273764293, 1.550962209701538, 1.4148086607456207, 1.373737707734108, 1.2134435375531514, 1.1834065864483516, 1.1677844474713008, 1.14477077126503, 1.1393548498551052, 1.1379519253969193, 1.1373888353506725, 1.1371625115474064, 1.136922945578893, 1.1367450257142384, 1.1366198708613713, 1.136517624060313, 1.1364168922106426, 1.1363247434298198, 1.136245494087537, 1.1361726919809978, 1.1361043999592464, 1.1360419144233067, 1.1359842071930568, 1.1359304289023082, 1.135880207022031, 1.135833352804184, 1.1357895036538441, 1.1357483913501103, 1.1357098023096721, 1.1356735328833263, 1.1356393347183864, 1.135607088605563, 1.1355766654014587, 1.1355479657649994, 1.1355207363764446, 1.1354949374993641, 1.1354703307151794, 1.1354469656944275], "val_loss": [2.7717370986938477, 2.444934288660685, 2.256215453147888, 2.1474434534708657, 2.093252638975779, 2.043149948120117, 1.996678312619527, 1.9446551005045574, 1.8543424208958943, 1.7677999933560689, 1.690159519513448, 1.6449768543243408, 1.6297659079233806, 1.6122321486473083, 1.6013319492340088, 1.5390445192654927, 1.381923069556554, 1.208663026491801, 1.1897929112116497, 1.1609967748324077, 1.1510718762874603, 1.1482347349325817, 1.1477880279223125, 1.1476695835590363, 1.1473446389039357, 1.1471667885780334, 1.1470638116200764, 1.1469565629959106, 1.1468610962231953, 1.1467826068401337, 1.146712491909663, 1.1466491917769115, 1.1465919017791748, 1.146539698044459, 1.1464918851852417, 1.1464476585388184, 1.1464065213998158, 1.1463682254155476, 1.1463323831558228, 1.1462986866633098, 1.1462668776512146, 1.1462368269761403, 1.1462083061536152, 1.1461812059084575, 1.1461554268995922, 1.1461307803789775, 1.1461072166760762, 1.1460845470428467, 1.1460628509521484, 1.1460419098536174, 1.1460218330224354], "best_validation_epoch": 50}