{"total_training_time": 3.9254209995269775, "train_loss": [null, 2.0470545490582785, 1.8515924910704296, 1.7487017909685771, 1.6717939376831055, 1.595839371283849, 1.5917517344156902, 1.5917690694332123, 1.5917517344156902, 1.5917517344156902, 1.5917517344156902, 1.5917517344156902, 1.5917517344156902, 1.5917517344156902, 1.5917517344156902, 1.5917517344156902], "val_loss": [2.2220787604649863, 1.9161840677261353, 1.8068700631459553, 1.6962940096855164, 1.6183489362398784, 1.5917517344156902, 1.5917517344156902, 1.5917517344156902, 1.5917517344156902, 1.5917517344156902, 1.5917517344156902, 1.5917517344156902, 1.5917517344156902, 1.5917517344156902, 1.5917517344156902, 1.5917517344156902], "best_validation_epoch": 5}