{"epoch": 0, "train_loss": null, "val_loss": 2.3516863187154136, "best_epoch": 0, "best_val_loss": 2.3516863187154136}
{"epoch": 1, "train_loss": 2.289434870084127, "val_loss": 2.11989692846934, "best_epoch": 1, "best_val_loss": 2.11989692846934}
{"epoch": 2, "train_loss": 2.0630428393681846, "val_loss": 2.0102957685788474, "best_epoch": 2, "best_val_loss": 2.0102957685788474}
{"epoch": 3, "train_loss": 1.974743942419688, "val_loss": 1.9694121479988098, "best_epoch": 3, "best_val_loss": 1.9694121479988098}
{"epoch": 4, "train_loss": 1.939220666885376, "val_loss": 1.9466280937194824, "best_epoch": 4, "best_val_loss": 1.9466280937194824}
{"epoch": 5, "train_loss": 1.9165272116661072, "val_loss": 1.9354511102040608, "best_epoch": 5, "best_val_loss": 1.9354511102040608}
{"epoch": 6, "train_loss": 1.9030390083789825, "val_loss": 1.9290884931882222, "best_epoch": 6, "best_val_loss": 1.9290884931882222}
{"epoch": 7, "train_loss": 1.8952982127666473, "val_loss": 1.9247895280520122, "best_epoch": 7, "best_val_loss": 1.9247895280520122}
{"epoch": 8, "train_loss": 1.8906841675440471, "val_loss": 1.9222202897071838, "best_epoch": 8, "best_val_loss": 1.9222202897071838}
{"epoch": 9, "train_loss": 1.8876573940118153, "val_loss": 1.9201556245485942, "best_epoch": 9, "best_val_loss": 1.9201556245485942}
{"epoch": 10, "train_loss": 1.885551244020462, "val_loss": 1.9181969165802002, "best_epoch": 10, "best_val_loss": 1.9181969165802002}
{"epoch": 11, "train_loss": 1.8839387993017833, "val_loss": 1.9163643320401509, "best_epoch": 11, "best_val_loss": 1.9163643320401509}
{"epoch": 12, "train_loss": 1.8827429016431172, "val_loss": 1.9151128729184468, "best_epoch": 12, "best_val_loss": 1.9151128729184468}
{"epoch": 13, "train_loss": 1.8818560242652893, "val_loss": 1.9141972064971924, "best_epoch": 13, "best_val_loss": 1.9141972064971924}
{"epoch": 14, "train_loss": 1.8811748226483662, "val_loss": 1.9135312835375469, "best_epoch": 14, "best_val_loss": 1.9135312835375469}
{"epoch": 15, "train_loss": 1.8806275328000386, "val_loss": 1.9129584232966106, "best_epoch": 15, "best_val_loss": 1.9129584232966106}
{"epoch": 16, "train_loss": 1.8800603946050007, "val_loss": 1.9113259514172871, "best_epoch": 16, "best_val_loss": 1.9113259514172871}
{"epoch": 17, "train_loss": 1.8700316647688549, "val_loss": 1.8925293286641438, "best_epoch": 17, "best_val_loss": 1.8925293286641438}
{"epoch": 18, "train_loss": 1.8557311793168385, "val_loss": 1.8812846541404724, "best_epoch": 18, "best_val_loss": 1.8812846541404724}
{"epoch": 19, "train_loss": 1.8430474797884624, "val_loss": 1.86872265736262, "best_epoch": 19, "best_val_loss": 1.86872265736262}
{"epoch": 20, "train_loss": 1.8311740656693776, "val_loss": 1.866590181986491, "best_epoch": 20, "best_val_loss": 1.866590181986491}
{"epoch": 21, "train_loss": 1.8269701600074768, "val_loss": 1.865164299805959, "best_epoch": 21, "best_val_loss": 1.865164299805959}
{"epoch": 22, "train_loss": 1.8255246977011363, "val_loss": 1.8639468550682068, "best_epoch": 22, "best_val_loss": 1.8639468550682068}
{"epoch": 23, "train_loss": 1.8248904248078663, "val_loss": 1.8634335199991863, "best_epoch": 23, "best_val_loss": 1.8634335199991863}
{"epoch": 24, "train_loss": 1.8245428601900737, "val_loss": 1.863091508547465, "best_epoch": 24, "best_val_loss": 1.863091508547465}
{"epoch": 25, "train_loss": 1.8243150512377422, "val_loss": 1.8628796736399333, "best_epoch": 25, "best_val_loss": 1.8628796736399333}
{"epoch": 26, "train_loss": 1.824148178100586, "val_loss": 1.8627133170763652, "best_epoch": 26, "best_val_loss": 1.8627133170763652}
{"epoch": 27, "train_loss": 1.8240139683087666, "val_loss": 1.8625623782475789, "best_epoch": 27, "best_val_loss": 1.8625623782475789}
{"epoch": 28, "train_loss": 1.823901653289795, "val_loss": 1.8624344666798909, "best_epoch": 28, "best_val_loss": 1.8624344666798909}
{"epoch": 29, "train_loss": 1.8238058884938557, "val_loss": 1.8623258272806804, "best_epoch": 29, "best_val_loss": 1.8623258272806804}
{"epoch": 30, "train_loss": 1.8237217565377553, "val_loss": 1.8622297843297322, "best_epoch": 30, "best_val_loss": 1.8622297843297322}
{"epoch": 31, "train_loss": 1.823647270600001, "val_loss": 1.8621447285016377, "best_epoch": 31, "best_val_loss": 1.8621447285016377}
{"epoch": 32, "train_loss": 1.823581039905548, "val_loss": 1.8620686531066895, "best_epoch": 32, "best_val_loss": 1.8620686531066895}
{"epoch": 33, "train_loss": 1.8235222200552623, "val_loss": 1.8620012005170186, "best_epoch": 33, "best_val_loss": 1.8620012005170186}
{"epoch": 34, "train_loss": 1.823468953371048, "val_loss": 1.8619397481282551, "best_epoch": 34, "best_val_loss": 1.8619397481282551}
{"epoch": 35, "train_loss": 1.823420951763789, "val_loss": 1.861883819103241, "best_epoch": 35, "best_val_loss": 1.861883819103241}
{"epoch": 36, "train_loss": 1.8233774503072102, "val_loss": 1.8618331948916118, "best_epoch": 36, "best_val_loss": 1.8618331948916118}
{"epoch": 37, "train_loss": 1.8233377238114674, "val_loss": 1.861786961555481, "best_epoch": 37, "best_val_loss": 1.861786961555481}
{"epoch": 38, "train_loss": 1.8233014047145844, "val_loss": 1.8617444237073262, "best_epoch": 38, "best_val_loss": 1.8617444237073262}
{"epoch": 39, "train_loss": 1.8232681850592296, "val_loss": 1.8617056409517925, "best_epoch": 39, "best_val_loss": 1.8617056409517925}
{"epoch": 40, "train_loss": 1.8232376178105671, "val_loss": 1.8616699576377869, "best_epoch": 40, "best_val_loss": 1.8616699576377869}
{"epoch": 41, "train_loss": 1.8232091466585796, "val_loss": 1.8616361618041992, "best_epoch": 41, "best_val_loss": 1.8616361618041992}
{"epoch": 42, "train_loss": 1.8231825927893321, "val_loss": 1.8616044521331787, "best_epoch": 42, "best_val_loss": 1.8616044521331787}
{"epoch": 43, "train_loss": 1.8231580555438995, "val_loss": 1.8615755438804626, "best_epoch": 43, "best_val_loss": 1.8615755438804626}
{"epoch": 44, "train_loss": 1.8231352468331654, "val_loss": 1.8615482250849407, "best_epoch": 44, "best_val_loss": 1.8615482250849407}
{"epoch": 45, "train_loss": 1.8231139878431957, "val_loss": 1.8615234692891438, "best_epoch": 45, "best_val_loss": 1.8615234692891438}
{"epoch": 46, "train_loss": 1.823094129562378, "val_loss": 1.8615004618962605, "best_epoch": 46, "best_val_loss": 1.8615004618962605}
{"epoch": 47, "train_loss": 1.8230755825837452, "val_loss": 1.8614792227745056, "best_epoch": 47, "best_val_loss": 1.8614792227745056}
{"epoch": 48, "train_loss": 1.8230581780274708, "val_loss": 1.8614593744277954, "best_epoch": 48, "best_val_loss": 1.8614593744277954}
{"epoch": 49, "train_loss": 1.8230419059594472, "val_loss": 1.861441195011139, "best_epoch": 49, "best_val_loss": 1.861441195011139}
{"epoch": 50, "train_loss": 1.8230265577634175, "val_loss": 1.861423929532369, "best_epoch": 50, "best_val_loss": 1.861423929532369}
