{"total_training_time": 7.342394113540649, "train_loss": [null, 2.289434870084127, 2.0630428393681846, 1.974743942419688, 1.939220666885376, 1.9165272116661072, 1.9030390083789825, 1.8952982127666473, 1.8906841675440471, 1.8876573940118153, 1.885551244020462, 1.8839387993017833, 1.8827429016431172, 1.8818560242652893, 1.8811748226483662, 1.8806275328000386, 1.8800603946050007, 1.8700316647688549, 1.8557311793168385, 1.8430474797884624, 1.8311740656693776, 1.8269701600074768, 1.8255246977011363, 1.8248904248078663, 1.8245428601900737, 1.8243150512377422, 1.824148178100586, 1.8240139683087666, 1.823901653289795, 1.8238058884938557, 1.8237217565377553, 1.823647270600001, 1.823581039905548, 1.8235222200552623, 1.823468953371048, 1.823420951763789, 1.8233774503072102, 1.8233377238114674, 1.8233014047145844, 1.8232681850592296, 1.8232376178105671, 1.8232091466585796, 1.8231825927893321, 1.8231580555438995, 1.8231352468331654, 1.8231139878431957, 1.823094129562378, 1.8230755825837452, 1.8230581780274708, 1.8230419059594472, 1.8230265577634175], "val_loss": [2.3516863187154136, 2.11989692846934, 2.0102957685788474, 1.9694121479988098, 1.9466280937194824, 1.9354511102040608, 1.9290884931882222, 1.9247895280520122, 1.9222202897071838, 1.9201556245485942, 1.9181969165802002, 1.9163643320401509, 1.9151128729184468, 1.9141972064971924, 1.9135312835375469, 1.9129584232966106, 1.9113259514172871, 1.8925293286641438, 1.8812846541404724, 1.86872265736262, 1.866590181986491, 1.865164299805959, 1.8639468550682068, 1.8634335199991863, 1.863091508547465, 1.8628796736399333, 1.8627133170763652, 1.8625623782475789, 1.8624344666798909, 1.8623258272806804, 1.8622297843297322, 1.8621447285016377, 1.8620686531066895, 1.8620012005170186, 1.8619397481282551, 1.861883819103241, 1.8618331948916118, 1.861786961555481, 1.8617444237073262, 1.8617056409517925, 1.8616699576377869, 1.8616361618041992, 1.8616044521331787, 1.8615755438804626, 1.8615482250849407, 1.8615234692891438, 1.8615004618962605, 1.8614792227745056, 1.8614593744277954, 1.861441195011139, 1.861423929532369], "best_validation_epoch": 50}