{"epoch": 0, "train_loss": null, "val_loss": 2.6440308888753257, "best_epoch": 0, "best_val_loss": 2.6440308888753257}
{"epoch": 1, "train_loss": 2.400629977385203, "val_loss": 2.188304583231608, "best_epoch": 1, "best_val_loss": 2.188304583231608}
{"epoch": 2, "train_loss": 2.090378532807032, "val_loss": 1.9772587418556213, "best_epoch": 2, "best_val_loss": 1.9772587418556213}
{"epoch": 3, "train_loss": 1.9474171896775563, "val_loss": 1.9244514902432759, "best_epoch": 3, "best_val_loss": 1.9244514902432759}
{"epoch": 4, "train_loss": 1.8944847385088603, "val_loss": 1.8813156485557556, "best_epoch": 4, "best_val_loss": 1.8813156485557556}
{"epoch": 5, "train_loss": 1.8613764146963756, "val_loss": 1.8591302633285522, "best_epoch": 5, "best_val_loss": 1.8591302633285522}
{"epoch": 6, "train_loss": 1.842997004588445, "val_loss": 1.8490743041038513, "best_epoch": 6, "best_val_loss": 1.8490743041038513}
{"epoch": 7, "train_loss": 1.8264230887095134, "val_loss": 1.8430003921190898, "best_epoch": 7, "best_val_loss": 1.8430003921190898}
{"epoch": 8, "train_loss": 1.8153509000937145, "val_loss": 1.8388385772705078, "best_epoch": 8, "best_val_loss": 1.8388385772705078}
{"epoch": 9, "train_loss": 1.8103131155172985, "val_loss": 1.8416003982226055, "best_epoch": 8, "best_val_loss": 1.8388385772705078}
{"epoch": 10, "train_loss": 1.8057292302449544, "val_loss": 1.8527706464131672, "best_epoch": 8, "best_val_loss": 1.8388385772705078}
{"epoch": 11, "train_loss": 1.8021450539429982, "val_loss": 1.8522350788116455, "best_epoch": 8, "best_val_loss": 1.8388385772705078}
{"epoch": 12, "train_loss": 1.7831500669320424, "val_loss": 1.8613116542498271, "best_epoch": 8, "best_val_loss": 1.8388385772705078}
{"epoch": 13, "train_loss": 1.767832448085149, "val_loss": 1.8543447653452556, "best_epoch": 8, "best_val_loss": 1.8388385772705078}
{"epoch": 14, "train_loss": 1.7620818813641865, "val_loss": 1.849174956480662, "best_epoch": 8, "best_val_loss": 1.8388385772705078}
{"epoch": 15, "train_loss": 1.7583264609177907, "val_loss": 1.8476192156473796, "best_epoch": 8, "best_val_loss": 1.8388385772705078}
{"epoch": 16, "train_loss": 1.7546034355958302, "val_loss": 1.8443970481554668, "best_epoch": 8, "best_val_loss": 1.8388385772705078}
{"epoch": 17, "train_loss": 1.752369264761607, "val_loss": 1.8433680931727092, "best_epoch": 8, "best_val_loss": 1.8388385772705078}
{"epoch": 18, "train_loss": 1.7512696882088978, "val_loss": 1.8430325587590535, "best_epoch": 8, "best_val_loss": 1.8388385772705078}
{"epoch": 19, "train_loss": 1.7506501376628876, "val_loss": 1.842722217241923, "best_epoch": 8, "best_val_loss": 1.8388385772705078}
{"epoch": 20, "train_loss": 1.750301202138265, "val_loss": 1.842570722103119, "best_epoch": 8, "best_val_loss": 1.8388385772705078}
{"epoch": 21, "train_loss": 1.7501274049282074, "val_loss": 1.8424373467763264, "best_epoch": 8, "best_val_loss": 1.8388385772705078}
{"epoch": 22, "train_loss": 1.7499756217002869, "val_loss": 1.842335085074107, "best_epoch": 8, "best_val_loss": 1.8388385772705078}
{"epoch": 23, "train_loss": 1.7498408953348796, "val_loss": 1.8422422409057617, "best_epoch": 8, "best_val_loss": 1.8388385772705078}
{"epoch": 24, "train_loss": 1.7497185667355855, "val_loss": 1.842159390449524, "best_epoch": 8, "best_val_loss": 1.8388385772705078}
{"epoch": 25, "train_loss": 1.7496072053909302, "val_loss": 1.842081864674886, "best_epoch": 8, "best_val_loss": 1.8388385772705078}
{"epoch": 26, "train_loss": 1.7495047549406688, "val_loss": 1.8420065641403198, "best_epoch": 8, "best_val_loss": 1.8388385772705078}
{"epoch": 27, "train_loss": 1.7494102517763774, "val_loss": 1.841941813627879, "best_epoch": 8, "best_val_loss": 1.8388385772705078}
