{"total_training_time": 3.851452589035034, "train_loss": [null, 2.400629977385203, 2.090378532807032, 1.9474171896775563, 1.8944847385088603, 1.8613764146963756, 1.842997004588445, 1.8264230887095134, 1.8153509000937145, 1.8103131155172985, 1.8057292302449544, 1.8021450539429982, 1.7831500669320424, 1.767832448085149, 1.7620818813641865, 1.7583264609177907, 1.7546034355958302, 1.752369264761607, 1.7512696882088978, 1.7506501376628876, 1.750301202138265, 1.7501274049282074, 1.7499756217002869, 1.7498408953348796, 1.7497185667355855, 1.7496072053909302, 1.7495047549406688, 1.7494102517763774, 1.749323695898056], "val_loss": [2.6440308888753257, 2.188304583231608, 1.9772587418556213, 1.9244514902432759, 1.8813156485557556, 1.8591302633285522, 1.8490743041038513, 1.8430003921190898, 1.8388385772705078, 1.8416003982226055, 1.8527706464131672, 1.8522350788116455, 1.8613116542498271, 1.8543447653452556, 1.849174956480662, 1.8476192156473796, 1.8443970481554668, 1.8433680931727092, 1.8430325587590535, 1.842722217241923, 1.842570722103119, 1.8424373467763264, 1.842335085074107, 1.8422422409057617, 1.842159390449524, 1.842081864674886, 1.8420065641403198, 1.841941813627879, 1.841877281665802], "best_validation_epoch": 8}