{"epoch": 1, "train_loss": 0.8296097566684087, "val_loss": 0.8330407639344534, "best_epoch": 1, "best_val_loss": 0.8330407639344534}
{"epoch": 2, "train_loss": 0.8134778936704, "val_loss": 0.8285827040672302, "best_epoch": 2, "best_val_loss": 0.8285827040672302}
{"epoch": 3, "train_loss": 0.8128260721762975, "val_loss": 0.8775353531042734, "best_epoch": 2, "best_val_loss": 0.8285827040672302}
{"epoch": 4, "train_loss": 0.807019035021464, "val_loss": 0.8104167481263479, "best_epoch": 4, "best_val_loss": 0.8104167481263479}
{"epoch": 5, "train_loss": 0.8561146805683771, "val_loss": 0.8569750289122263, "best_epoch": 4, "best_val_loss": 0.8104167481263479}
{"epoch": 6, "train_loss": 0.8410710543394089, "val_loss": 0.870686004559199, "best_epoch": 4, "best_val_loss": 0.8104167481263479}
{"epoch": 7, "train_loss": 0.8078176279862722, "val_loss": 0.8332791527112325, "best_epoch": 4, "best_val_loss": 0.8104167481263479}
{"epoch": 8, "train_loss": 0.8256306052207947, "val_loss": 0.8118760585784912, "best_epoch": 4, "best_val_loss": 0.8104167481263479}
{"epoch": 9, "train_loss": 0.8397928675015768, "val_loss": 0.808216800292333, "best_epoch": 9, "best_val_loss": 0.808216800292333}
{"epoch": 10, "train_loss": 0.8200171043475469, "val_loss": 0.8091424107551575, "best_epoch": 9, "best_val_loss": 0.808216800292333}
