{"total_training_time": 141.6128180027008, "train_loss": [0.8296097566684087, 0.8134778936704, 0.8128260721762975, 0.807019035021464, 0.8561146805683771, 0.8410710543394089, 0.8078176279862722, 0.8256306052207947, 0.8397928675015768, 0.8200171043475469], "val_loss": [0.8330407639344534, 0.8285827040672302, 0.8775353531042734, 0.8104167481263479, 0.8569750289122263, 0.870686004559199, 0.8332791527112325, 0.8118760585784912, 0.808216800292333, 0.8091424107551575], "best_validation_epoch": 9}