{"epoch": 0, "train_loss": null, "val_loss": 2.29614249865214, "best_epoch": 0, "best_val_loss": 2.29614249865214}
{"epoch": 1, "train_loss": 2.2256118059158325, "val_loss": 2.105372349421183, "best_epoch": 1, "best_val_loss": 2.105372349421183}
{"epoch": 2, "train_loss": 2.002857635418574, "val_loss": 1.8259356617927551, "best_epoch": 2, "best_val_loss": 1.8259356617927551}
{"epoch": 3, "train_loss": 1.5966867705186207, "val_loss": 1.3867096702257793, "best_epoch": 3, "best_val_loss": 1.3867096702257793}
{"epoch": 4, "train_loss": 1.1100858549276988, "val_loss": 0.8924853006998698, "best_epoch": 4, "best_val_loss": 0.8924853006998698}
{"epoch": 5, "train_loss": 1.013939196864764, "val_loss": 0.8717387119928995, "best_epoch": 5, "best_val_loss": 0.8717387119928995}
{"epoch": 6, "train_loss": 0.9903039932250977, "val_loss": 0.8745171378056208, "best_epoch": 5, "best_val_loss": 0.8717387119928995}
{"epoch": 7, "train_loss": 0.9800738121072451, "val_loss": 0.8854871739943823, "best_epoch": 5, "best_val_loss": 0.8717387119928995}
{"epoch": 8, "train_loss": 0.9768558740615845, "val_loss": 0.8934069126844406, "best_epoch": 5, "best_val_loss": 0.8717387119928995}
{"epoch": 9, "train_loss": 0.9771425724029541, "val_loss": 0.8910545508066813, "best_epoch": 5, "best_val_loss": 0.8717387119928995}
{"epoch": 10, "train_loss": 0.9757792204618454, "val_loss": 0.8869950920343399, "best_epoch": 5, "best_val_loss": 0.8717387119928995}
{"epoch": 11, "train_loss": 0.9738304689526558, "val_loss": 0.8857079495986303, "best_epoch": 5, "best_val_loss": 0.8717387119928995}
{"epoch": 12, "train_loss": 0.9720819642146429, "val_loss": 0.8858639995257059, "best_epoch": 5, "best_val_loss": 0.8717387119928995}
{"epoch": 13, "train_loss": 0.970566563308239, "val_loss": 0.8857204963763555, "best_epoch": 5, "best_val_loss": 0.8717387119928995}
{"epoch": 14, "train_loss": 0.9690504049261411, "val_loss": 0.8850822548071543, "best_epoch": 5, "best_val_loss": 0.8717387119928995}
{"epoch": 15, "train_loss": 0.9678665846586227, "val_loss": 0.8843691945075989, "best_epoch": 5, "best_val_loss": 0.8717387119928995}
{"epoch": 16, "train_loss": 0.9663135384519895, "val_loss": 0.883652483423551, "best_epoch": 5, "best_val_loss": 0.8717387119928995}
{"epoch": 17, "train_loss": 0.9643466100096703, "val_loss": 0.8830673495928446, "best_epoch": 5, "best_val_loss": 0.8717387119928995}
{"epoch": 18, "train_loss": 0.9628235921263695, "val_loss": 0.8822547445694605, "best_epoch": 5, "best_val_loss": 0.8717387119928995}
{"epoch": 19, "train_loss": 0.9604645098249117, "val_loss": 0.8812312583128611, "best_epoch": 5, "best_val_loss": 0.8717387119928995}
{"epoch": 20, "train_loss": 0.9560910984873772, "val_loss": 0.879115492105484, "best_epoch": 5, "best_val_loss": 0.8717387119928995}
{"epoch": 21, "train_loss": 0.9461331938703855, "val_loss": 0.8717426111300787, "best_epoch": 5, "best_val_loss": 0.8717387119928995}
{"epoch": 22, "train_loss": 0.9262231836716334, "val_loss": 0.8596570740143458, "best_epoch": 22, "best_val_loss": 0.8596570740143458}
{"epoch": 23, "train_loss": 0.8997372686862946, "val_loss": 0.8459069579839706, "best_epoch": 23, "best_val_loss": 0.8459069579839706}
{"epoch": 24, "train_loss": 0.8737383956710497, "val_loss": 0.8263059109449387, "best_epoch": 24, "best_val_loss": 0.8263059109449387}
{"epoch": 25, "train_loss": 0.8545715163151423, "val_loss": 0.8106307884057363, "best_epoch": 25, "best_val_loss": 0.8106307884057363}
{"epoch": 26, "train_loss": 0.8378333250681559, "val_loss": 0.7908793787161509, "best_epoch": 26, "best_val_loss": 0.7908793787161509}
{"epoch": 27, "train_loss": 0.8171654641628265, "val_loss": 0.7727913409471512, "best_epoch": 27, "best_val_loss": 0.7727913409471512}
{"epoch": 28, "train_loss": 0.7927645022670428, "val_loss": 0.7671724706888199, "best_epoch": 28, "best_val_loss": 0.7671724706888199}
{"epoch": 29, "train_loss": 0.7673894092440605, "val_loss": 0.7650682181119919, "best_epoch": 29, "best_val_loss": 0.7650682181119919}
{"epoch": 30, "train_loss": 0.758518082400163, "val_loss": 0.766589917242527, "best_epoch": 29, "best_val_loss": 0.7650682181119919}
