{"total_training_time": 9.095452785491943, "train_loss": [null, 2.2256118059158325, 2.002857635418574, 1.5966867705186207, 1.1100858549276988, 1.013939196864764, 0.9903039932250977, 0.9800738121072451, 0.9768558740615845, 0.9771425724029541, 0.9757792204618454, 0.9738304689526558, 0.9720819642146429, 0.970566563308239, 0.9690504049261411, 0.9678665846586227, 0.9663135384519895, 0.9643466100096703, 0.9628235921263695, 0.9604645098249117, 0.9560910984873772, 0.9461331938703855, 0.9262231836716334, 0.8997372686862946, 0.8737383956710497, 0.8545715163151423, 0.8378333250681559, 0.8171654641628265, 0.7927645022670428, 0.7673894092440605, 0.758518082400163], "val_loss": [2.29614249865214, 2.105372349421183, 1.8259356617927551, 1.3867096702257793, 0.8924853006998698, 0.8717387119928995, 0.8745171378056208, 0.8854871739943823, 0.8934069126844406, 0.8910545508066813, 0.8869950920343399, 0.8857079495986303, 0.8858639995257059, 0.8857204963763555, 0.8850822548071543, 0.8843691945075989, 0.883652483423551, 0.8830673495928446, 0.8822547445694605, 0.8812312583128611, 0.879115492105484, 0.8717426111300787, 0.8596570740143458, 0.8459069579839706, 0.8263059109449387, 0.8106307884057363, 0.7908793787161509, 0.7727913409471512, 0.7671724706888199, 0.7650682181119919, 0.766589917242527], "best_validation_epoch": 29}