{"epoch": 0, "train_loss": null, "val_loss": 2.3830031553904214, "best_epoch": 0, "best_val_loss": 2.3830031553904214}
{"epoch": 1, "train_loss": 2.3045875430107117, "val_loss": 2.11016054948171, "best_epoch": 1, "best_val_loss": 2.11016054948171}
{"epoch": 2, "train_loss": 2.1041244864463806, "val_loss": 1.9826050400733948, "best_epoch": 2, "best_val_loss": 1.9826050400733948}
{"epoch": 3, "train_loss": 1.9835983415444691, "val_loss": 1.913841962814331, "best_epoch": 3, "best_val_loss": 1.913841962814331}
{"epoch": 4, "train_loss": 1.9282888968785603, "val_loss": 1.8802621165911357, "best_epoch": 4, "best_val_loss": 1.8802621165911357}
{"epoch": 5, "train_loss": 1.8950727581977844, "val_loss": 1.8639517625172932, "best_epoch": 5, "best_val_loss": 1.8639517625172932}
{"epoch": 6, "train_loss": 1.867078532775243, "val_loss": 1.8522797028223674, "best_epoch": 6, "best_val_loss": 1.8522797028223674}
{"epoch": 7, "train_loss": 1.8298558592796326, "val_loss": 1.8328097263971965, "best_epoch": 7, "best_val_loss": 1.8328097263971965}
{"epoch": 8, "train_loss": 1.8180000682671864, "val_loss": 1.8298285206158955, "best_epoch": 8, "best_val_loss": 1.8298285206158955}
{"epoch": 9, "train_loss": 1.8131217956542969, "val_loss": 1.8279962738355, "best_epoch": 9, "best_val_loss": 1.8279962738355}
{"epoch": 10, "train_loss": 1.8102813462416332, "val_loss": 1.8255338072776794, "best_epoch": 10, "best_val_loss": 1.8255338072776794}
{"epoch": 11, "train_loss": 1.807362824678421, "val_loss": 1.8230969309806824, "best_epoch": 11, "best_val_loss": 1.8230969309806824}
{"epoch": 12, "train_loss": 1.7998852133750916, "val_loss": 1.8224156300226848, "best_epoch": 12, "best_val_loss": 1.8224156300226848}
{"epoch": 13, "train_loss": 1.7970891892910004, "val_loss": 1.8218755920728047, "best_epoch": 13, "best_val_loss": 1.8218755920728047}
{"epoch": 14, "train_loss": 1.7955186069011688, "val_loss": 1.8216376701990764, "best_epoch": 14, "best_val_loss": 1.8216376701990764}
{"epoch": 15, "train_loss": 1.7943745354811351, "val_loss": 1.8207785884539287, "best_epoch": 15, "best_val_loss": 1.8207785884539287}
{"epoch": 16, "train_loss": 1.7935505906740825, "val_loss": 1.8196634650230408, "best_epoch": 16, "best_val_loss": 1.8196634650230408}
{"epoch": 17, "train_loss": 1.793000598748525, "val_loss": 1.819027582804362, "best_epoch": 17, "best_val_loss": 1.819027582804362}
{"epoch": 18, "train_loss": 1.7925196786721547, "val_loss": 1.8185299634933472, "best_epoch": 18, "best_val_loss": 1.8185299634933472}
{"epoch": 19, "train_loss": 1.7921293377876282, "val_loss": 1.818017562230428, "best_epoch": 19, "best_val_loss": 1.818017562230428}
{"epoch": 20, "train_loss": 1.7918383479118347, "val_loss": 1.817773699760437, "best_epoch": 20, "best_val_loss": 1.817773699760437}
{"epoch": 21, "train_loss": 1.791557768980662, "val_loss": 1.8175591031710308, "best_epoch": 21, "best_val_loss": 1.8175591031710308}
{"epoch": 22, "train_loss": 1.7913133203983307, "val_loss": 1.8173314730326335, "best_epoch": 22, "best_val_loss": 1.8173314730326335}
{"epoch": 23, "train_loss": 1.7911218802134197, "val_loss": 1.817196528116862, "best_epoch": 23, "best_val_loss": 1.817196528116862}
{"epoch": 24, "train_loss": 1.7909376323223114, "val_loss": 1.817072053750356, "best_epoch": 24, "best_val_loss": 1.817072053750356}
{"epoch": 25, "train_loss": 1.7906222343444824, "val_loss": 1.8158958156903584, "best_epoch": 25, "best_val_loss": 1.8158958156903584}
{"epoch": 26, "train_loss": 1.7592592338720958, "val_loss": 1.836320439974467, "best_epoch": 25, "best_val_loss": 1.8158958156903584}
{"epoch": 27, "train_loss": 1.758779247601827, "val_loss": 1.8112756609916687, "best_epoch": 27, "best_val_loss": 1.8112756609916687}
{"epoch": 28, "train_loss": 1.7486050327618916, "val_loss": 1.8146055340766907, "best_epoch": 27, "best_val_loss": 1.8112756609916687}
{"epoch": 29, "train_loss": 1.744586984316508, "val_loss": 1.8109883069992065, "best_epoch": 29, "best_val_loss": 1.8109883069992065}
{"epoch": 30, "train_loss": 1.7432183027267456, "val_loss": 1.8103637496630351, "best_epoch": 30, "best_val_loss": 1.8103637496630351}
{"epoch": 31, "train_loss": 1.7424286007881165, "val_loss": 1.8101926843325298, "best_epoch": 31, "best_val_loss": 1.8101926843325298}
{"epoch": 32, "train_loss": 1.741984913746516, "val_loss": 1.810126543045044, "best_epoch": 32, "best_val_loss": 1.810126543045044}
{"epoch": 33, "train_loss": 1.741362710793813, "val_loss": 1.8103865782419841, "best_epoch": 32, "best_val_loss": 1.810126543045044}
{"epoch": 34, "train_loss": 1.740952879190445, "val_loss": 1.809893508752187, "best_epoch": 34, "best_val_loss": 1.809893508752187}
{"epoch": 35, "train_loss": 1.7406249940395355, "val_loss": 1.8095805644989014, "best_epoch": 35, "best_val_loss": 1.8095805644989014}
{"epoch": 36, "train_loss": 1.7404375771681468, "val_loss": 1.8094541430473328, "best_epoch": 36, "best_val_loss": 1.8094541430473328}
{"epoch": 37, "train_loss": 1.7402832905451457, "val_loss": 1.809341311454773, "best_epoch": 37, "best_val_loss": 1.809341311454773}
{"epoch": 38, "train_loss": 1.7401644984881084, "val_loss": 1.809233804543813, "best_epoch": 38, "best_val_loss": 1.809233804543813}
{"epoch": 39, "train_loss": 1.7400713364283245, "val_loss": 1.8091350595156352, "best_epoch": 39, "best_val_loss": 1.8091350595156352}
{"epoch": 40, "train_loss": 1.7399917244911194, "val_loss": 1.809042473634084, "best_epoch": 40, "best_val_loss": 1.809042473634084}
{"epoch": 41, "train_loss": 1.7399222254753113, "val_loss": 1.8089669942855835, "best_epoch": 41, "best_val_loss": 1.8089669942855835}
{"epoch": 42, "train_loss": 1.7398587862650554, "val_loss": 1.8088990847269695, "best_epoch": 42, "best_val_loss": 1.8088990847269695}
{"epoch": 43, "train_loss": 1.7398044367631276, "val_loss": 1.8088451425234477, "best_epoch": 43, "best_val_loss": 1.8088451425234477}
{"epoch": 44, "train_loss": 1.7397547960281372, "val_loss": 1.8087916572888691, "best_epoch": 44, "best_val_loss": 1.8087916572888691}
{"epoch": 45, "train_loss": 1.7397077083587646, "val_loss": 1.8087410926818848, "best_epoch": 45, "best_val_loss": 1.8087410926818848}
{"epoch": 46, "train_loss": 1.7396634618441265, "val_loss": 1.8087001045544941, "best_epoch": 46, "best_val_loss": 1.8087001045544941}
{"epoch": 47, "train_loss": 1.7396222154299419, "val_loss": 1.808660050233205, "best_epoch": 47, "best_val_loss": 1.808660050233205}
{"epoch": 48, "train_loss": 1.7395885090033214, "val_loss": 1.808621605237325, "best_epoch": 48, "best_val_loss": 1.808621605237325}
{"epoch": 49, "train_loss": 1.739555150270462, "val_loss": 1.808584948380788, "best_epoch": 49, "best_val_loss": 1.808584948380788}
{"epoch": 50, "train_loss": 1.7395249009132385, "val_loss": 1.808550238609314, "best_epoch": 50, "best_val_loss": 1.808550238609314}
