{"total_training_time": 7.281448125839233, "train_loss": [null, 2.3045875430107117, 2.1041244864463806, 1.9835983415444691, 1.9282888968785603, 1.8950727581977844, 1.867078532775243, 1.8298558592796326, 1.8180000682671864, 1.8131217956542969, 1.8102813462416332, 1.807362824678421, 1.7998852133750916, 1.7970891892910004, 1.7955186069011688, 1.7943745354811351, 1.7935505906740825, 1.793000598748525, 1.7925196786721547, 1.7921293377876282, 1.7918383479118347, 1.791557768980662, 1.7913133203983307, 1.7911218802134197, 1.7909376323223114, 1.7906222343444824, 1.7592592338720958, 1.758779247601827, 1.7486050327618916, 1.744586984316508, 1.7432183027267456, 1.7424286007881165, 1.741984913746516, 1.741362710793813, 1.740952879190445, 1.7406249940395355, 1.7404375771681468, 1.7402832905451457, 1.7401644984881084, 1.7400713364283245, 1.7399917244911194, 1.7399222254753113, 1.7398587862650554, 1.7398044367631276, 1.7397547960281372, 1.7397077083587646, 1.7396634618441265, 1.7396222154299419, 1.7395885090033214, 1.739555150270462, 1.7395249009132385], "val_loss": [2.3830031553904214, 2.11016054948171, 1.9826050400733948, 1.913841962814331, 1.8802621165911357, 1.8639517625172932, 1.8522797028223674, 1.8328097263971965, 1.8298285206158955, 1.8279962738355, 1.8255338072776794, 1.8230969309806824, 1.8224156300226848, 1.8218755920728047, 1.8216376701990764, 1.8207785884539287, 1.8196634650230408, 1.819027582804362, 1.8185299634933472, 1.818017562230428, 1.817773699760437, 1.8175591031710308, 1.8173314730326335, 1.817196528116862, 1.817072053750356, 1.8158958156903584, 1.836320439974467, 1.8112756609916687, 1.8146055340766907, 1.8109883069992065, 1.8103637496630351, 1.8101926843325298, 1.810126543045044, 1.8103865782419841, 1.809893508752187, 1.8095805644989014, 1.8094541430473328, 1.809341311454773, 1.809233804543813, 1.8091350595156352, 1.809042473634084, 1.8089669942855835, 1.8088990847269695, 1.8088451425234477, 1.8087916572888691, 1.8087410926818848, 1.8087001045544941, 1.808660050233205, 1.808621605237325, 1.808584948380788, 1.808550238609314], "best_validation_epoch": 50}