{"epoch": 0, "train_loss": null, "val_loss": 2.514721989631653, "best_epoch": 0, "best_val_loss": 2.514721989631653}
{"epoch": 1, "train_loss": 2.334784130255381, "val_loss": 2.173176646232605, "best_epoch": 1, "best_val_loss": 2.173176646232605}
{"epoch": 2, "train_loss": 2.1426722407341003, "val_loss": 2.055263042449951, "best_epoch": 2, "best_val_loss": 2.055263042449951}
{"epoch": 3, "train_loss": 2.0604534447193146, "val_loss": 1.9938988089561462, "best_epoch": 3, "best_val_loss": 1.9938988089561462}
{"epoch": 4, "train_loss": 2.0021829505761466, "val_loss": 1.9666076103846233, "best_epoch": 4, "best_val_loss": 1.9666076103846233}
{"epoch": 5, "train_loss": 1.978812615076701, "val_loss": 1.9507641990979512, "best_epoch": 5, "best_val_loss": 1.9507641990979512}
{"epoch": 6, "train_loss": 1.9439065754413605, "val_loss": 1.9279191692670186, "best_epoch": 6, "best_val_loss": 1.9279191692670186}
{"epoch": 7, "train_loss": 1.901294430096944, "val_loss": 1.9036233027776082, "best_epoch": 7, "best_val_loss": 1.9036233027776082}
{"epoch": 8, "train_loss": 1.8715169628461201, "val_loss": 1.8840691248575847, "best_epoch": 8, "best_val_loss": 1.8840691248575847}
{"epoch": 9, "train_loss": 1.8551047444343567, "val_loss": 1.8756784200668335, "best_epoch": 9, "best_val_loss": 1.8756784200668335}
{"epoch": 10, "train_loss": 1.8431891798973083, "val_loss": 1.869398256142934, "best_epoch": 10, "best_val_loss": 1.869398256142934}
{"epoch": 11, "train_loss": 1.838152438402176, "val_loss": 1.862273911635081, "best_epoch": 11, "best_val_loss": 1.862273911635081}
{"epoch": 12, "train_loss": 1.8348073065280914, "val_loss": 1.8595700065294902, "best_epoch": 12, "best_val_loss": 1.8595700065294902}
{"epoch": 13, "train_loss": 1.832677920659383, "val_loss": 1.8586026827494304, "best_epoch": 13, "best_val_loss": 1.8586026827494304}
{"epoch": 14, "train_loss": 1.8311430215835571, "val_loss": 1.8578100204467773, "best_epoch": 14, "best_val_loss": 1.8578100204467773}
{"epoch": 15, "train_loss": 1.8299395442008972, "val_loss": 1.8572184244791667, "best_epoch": 15, "best_val_loss": 1.8572184244791667}
{"epoch": 16, "train_loss": 1.8291628857453663, "val_loss": 1.8566732207934062, "best_epoch": 16, "best_val_loss": 1.8566732207934062}
{"epoch": 17, "train_loss": 1.828585575024287, "val_loss": 1.8566081523895264, "best_epoch": 17, "best_val_loss": 1.8566081523895264}
{"epoch": 18, "train_loss": 1.8281821409861247, "val_loss": 1.8563374082247417, "best_epoch": 18, "best_val_loss": 1.8563374082247417}
{"epoch": 19, "train_loss": 1.8278454144795735, "val_loss": 1.8561090032259624, "best_epoch": 19, "best_val_loss": 1.8561090032259624}
{"epoch": 20, "train_loss": 1.8275647064050038, "val_loss": 1.8559442162513733, "best_epoch": 20, "best_val_loss": 1.8559442162513733}
{"epoch": 21, "train_loss": 1.8273334403832753, "val_loss": 1.8556606968243916, "best_epoch": 21, "best_val_loss": 1.8556606968243916}
{"epoch": 22, "train_loss": 1.827117919921875, "val_loss": 1.8554152448972066, "best_epoch": 22, "best_val_loss": 1.8554152448972066}
{"epoch": 23, "train_loss": 1.826937238375346, "val_loss": 1.8552499214808147, "best_epoch": 23, "best_val_loss": 1.8552499214808147}
{"epoch": 24, "train_loss": 1.8267787992954254, "val_loss": 1.8550605376561482, "best_epoch": 24, "best_val_loss": 1.8550605376561482}
{"epoch": 25, "train_loss": 1.8266382416089375, "val_loss": 1.854909340540568, "best_epoch": 25, "best_val_loss": 1.854909340540568}
{"epoch": 26, "train_loss": 1.826513260602951, "val_loss": 1.854790488878886, "best_epoch": 26, "best_val_loss": 1.854790488878886}
{"epoch": 27, "train_loss": 1.8264045814673107, "val_loss": 1.8546612461407979, "best_epoch": 27, "best_val_loss": 1.8546612461407979}
{"epoch": 28, "train_loss": 1.8263077139854431, "val_loss": 1.8545373678207397, "best_epoch": 28, "best_val_loss": 1.8545373678207397}
{"epoch": 29, "train_loss": 1.8262125651041667, "val_loss": 1.8545502225557964, "best_epoch": 28, "best_val_loss": 1.8545373678207397}
{"epoch": 30, "train_loss": 1.826132337252299, "val_loss": 1.8544379671414692, "best_epoch": 30, "best_val_loss": 1.8544379671414692}
{"epoch": 31, "train_loss": 1.826056847969691, "val_loss": 1.8543415268262227, "best_epoch": 31, "best_val_loss": 1.8543415268262227}
{"epoch": 32, "train_loss": 1.8259904185930889, "val_loss": 1.8542841871579487, "best_epoch": 32, "best_val_loss": 1.8542841871579487}
{"epoch": 33, "train_loss": 1.8259296715259552, "val_loss": 1.8542170127232869, "best_epoch": 33, "best_val_loss": 1.8542170127232869}
{"epoch": 34, "train_loss": 1.8258748650550842, "val_loss": 1.8542062242825825, "best_epoch": 34, "best_val_loss": 1.8542062242825825}
{"epoch": 35, "train_loss": 1.8258270919322968, "val_loss": 1.8541375796000164, "best_epoch": 35, "best_val_loss": 1.8541375796000164}
{"epoch": 36, "train_loss": 1.8257804314295452, "val_loss": 1.8541406989097595, "best_epoch": 35, "best_val_loss": 1.8541375796000164}
{"epoch": 37, "train_loss": 1.8257403373718262, "val_loss": 1.8540844718615215, "best_epoch": 37, "best_val_loss": 1.8540844718615215}
{"epoch": 38, "train_loss": 1.825701008240382, "val_loss": 1.8540477554003398, "best_epoch": 38, "best_val_loss": 1.8540477554003398}
{"epoch": 39, "train_loss": 1.8256659011046092, "val_loss": 1.8540266354878743, "best_epoch": 39, "best_val_loss": 1.8540266354878743}
{"epoch": 40, "train_loss": 1.8256331582864125, "val_loss": 1.8540040453275044, "best_epoch": 40, "best_val_loss": 1.8540040453275044}
{"epoch": 41, "train_loss": 1.8256028691927593, "val_loss": 1.8539786140124004, "best_epoch": 41, "best_val_loss": 1.8539786140124004}
{"epoch": 42, "train_loss": 1.8255756398042042, "val_loss": 1.8539566397666931, "best_epoch": 42, "best_val_loss": 1.8539566397666931}
{"epoch": 43, "train_loss": 1.8255497018496196, "val_loss": 1.8539289832115173, "best_epoch": 43, "best_val_loss": 1.8539289832115173}
{"epoch": 44, "train_loss": 1.8255248467127483, "val_loss": 1.8539220889409382, "best_epoch": 44, "best_val_loss": 1.8539220889409382}
{"epoch": 45, "train_loss": 1.825502981742223, "val_loss": 1.8538977305094402, "best_epoch": 45, "best_val_loss": 1.8538977305094402}
{"epoch": 46, "train_loss": 1.8254818717638652, "val_loss": 1.8538843393325806, "best_epoch": 46, "best_val_loss": 1.8538843393325806}
{"epoch": 47, "train_loss": 1.8254627684752147, "val_loss": 1.853873868783315, "best_epoch": 47, "best_val_loss": 1.853873868783315}
{"epoch": 48, "train_loss": 1.825444410244624, "val_loss": 1.853864073753357, "best_epoch": 48, "best_val_loss": 1.853864073753357}
{"epoch": 49, "train_loss": 1.8254268666108449, "val_loss": 1.853859543800354, "best_epoch": 49, "best_val_loss": 1.853859543800354}
{"epoch": 50, "train_loss": 1.8254107733567555, "val_loss": 1.8538513382275899, "best_epoch": 50, "best_val_loss": 1.8538513382275899}
