{"total_training_time": 7.628958225250244, "train_loss": [null, 2.334784130255381, 2.1426722407341003, 2.0604534447193146, 2.0021829505761466, 1.978812615076701, 1.9439065754413605, 1.901294430096944, 1.8715169628461201, 1.8551047444343567, 1.8431891798973083, 1.838152438402176, 1.8348073065280914, 1.832677920659383, 1.8311430215835571, 1.8299395442008972, 1.8291628857453663, 1.828585575024287, 1.8281821409861247, 1.8278454144795735, 1.8275647064050038, 1.8273334403832753, 1.827117919921875, 1.826937238375346, 1.8267787992954254, 1.8266382416089375, 1.826513260602951, 1.8264045814673107, 1.8263077139854431, 1.8262125651041667, 1.826132337252299, 1.826056847969691, 1.8259904185930889, 1.8259296715259552, 1.8258748650550842, 1.8258270919322968, 1.8257804314295452, 1.8257403373718262, 1.825701008240382, 1.8256659011046092, 1.8256331582864125, 1.8256028691927593, 1.8255756398042042, 1.8255497018496196, 1.8255248467127483, 1.825502981742223, 1.8254818717638652, 1.8254627684752147, 1.825444410244624, 1.8254268666108449, 1.8254107733567555], "val_loss": [2.514721989631653, 2.173176646232605, 2.055263042449951, 1.9938988089561462, 1.9666076103846233, 1.9507641990979512, 1.9279191692670186, 1.9036233027776082, 1.8840691248575847, 1.8756784200668335, 1.869398256142934, 1.862273911635081, 1.8595700065294902, 1.8586026827494304, 1.8578100204467773, 1.8572184244791667, 1.8566732207934062, 1.8566081523895264, 1.8563374082247417, 1.8561090032259624, 1.8559442162513733, 1.8556606968243916, 1.8554152448972066, 1.8552499214808147, 1.8550605376561482, 1.854909340540568, 1.854790488878886, 1.8546612461407979, 1.8545373678207397, 1.8545502225557964, 1.8544379671414692, 1.8543415268262227, 1.8542841871579487, 1.8542170127232869, 1.8542062242825825, 1.8541375796000164, 1.8541406989097595, 1.8540844718615215, 1.8540477554003398, 1.8540266354878743, 1.8540040453275044, 1.8539786140124004, 1.8539566397666931, 1.8539289832115173, 1.8539220889409382, 1.8538977305094402, 1.8538843393325806, 1.853873868783315, 1.853864073753357, 1.853859543800354, 1.8538513382275899], "best_validation_epoch": 50}