{"total_training_time": 4.160992860794067, "train_loss": [null, 1.4992342293262482, 1.1419871499141057, 0.9955420345067978, 0.9493327885866165, 0.8862133423487345, 0.8347010364135107, 0.8026449630657831, 0.7821885397036871, 0.7717632005612055, 0.7636432101329168, 0.7541058460871378, 0.7456513742605845, 0.7390694518884023, 0.7344901611407598, 0.7316365043322245], "val_loss": [1.7482041716575623, 1.3431676824887593, 1.04351610938708, 1.018441488345464, 0.9315563340981802, 0.8538835446039835, 0.8133456905682882, 0.7960575024286906, 0.7939439912637075, 0.7939094106356303, 0.7895103096961975, 0.794392317533493, 0.7911417782306671, 0.7885689636071523, 0.7944147288799286, 0.7940202951431274], "best_validation_epoch": 13}