{"epoch": 0, "train_loss": null, "val_loss": 2.46217942237854, "best_epoch": 0, "best_val_loss": 2.46217942237854}
{"epoch": 1, "train_loss": 2.4448850552241006, "val_loss": 2.316007415453593, "best_epoch": 1, "best_val_loss": 2.316007415453593}
{"epoch": 2, "train_loss": 2.3094650705655417, "val_loss": 2.1709291537602744, "best_epoch": 2, "best_val_loss": 2.1709291537602744}
{"epoch": 3, "train_loss": 2.1727433800697327, "val_loss": 2.0090928872426352, "best_epoch": 3, "best_val_loss": 2.0090928872426352}
{"epoch": 4, "train_loss": 2.013798246781031, "val_loss": 1.8439160386721294, "best_epoch": 4, "best_val_loss": 1.8439160386721294}
{"epoch": 5, "train_loss": 1.5936269859472911, "val_loss": 1.4778244296709697, "best_epoch": 5, "best_val_loss": 1.4778244296709697}
{"epoch": 6, "train_loss": 1.437543789545695, "val_loss": 1.4711636106173198, "best_epoch": 6, "best_val_loss": 1.4711636106173198}
{"epoch": 7, "train_loss": 1.419782390197118, "val_loss": 1.450641671816508, "best_epoch": 7, "best_val_loss": 1.450641671816508}
{"epoch": 8, "train_loss": 1.3868131389220555, "val_loss": 1.4165821075439453, "best_epoch": 8, "best_val_loss": 1.4165821075439453}
{"epoch": 9, "train_loss": 1.3570193847020466, "val_loss": 1.3942254781723022, "best_epoch": 9, "best_val_loss": 1.3942254781723022}
{"epoch": 10, "train_loss": 1.3325363596280415, "val_loss": 1.3701040148735046, "best_epoch": 10, "best_val_loss": 1.3701040148735046}
{"epoch": 11, "train_loss": 1.306227167447408, "val_loss": 1.3486289580663045, "best_epoch": 11, "best_val_loss": 1.3486289580663045}
{"epoch": 12, "train_loss": 1.280428449312846, "val_loss": 1.3190506199995677, "best_epoch": 12, "best_val_loss": 1.3190506199995677}
{"epoch": 13, "train_loss": 1.2482428600390751, "val_loss": 1.276807685693105, "best_epoch": 13, "best_val_loss": 1.276807685693105}
{"epoch": 14, "train_loss": 1.2110387931267421, "val_loss": 1.2409954865773518, "best_epoch": 14, "best_val_loss": 1.2409954865773518}
{"epoch": 15, "train_loss": 1.1427439053853352, "val_loss": 1.2057289481163025, "best_epoch": 15, "best_val_loss": 1.2057289481163025}
{"epoch": 16, "train_loss": 1.0706678827603657, "val_loss": 1.1552720268567402, "best_epoch": 16, "best_val_loss": 1.1552720268567402}
{"epoch": 17, "train_loss": 1.0287008186181386, "val_loss": 1.1224539081255596, "best_epoch": 17, "best_val_loss": 1.1224539081255596}
{"epoch": 18, "train_loss": 0.999280164639155, "val_loss": 1.1108643313248951, "best_epoch": 18, "best_val_loss": 1.1108643313248951}
{"epoch": 19, "train_loss": 0.9799545854330063, "val_loss": 1.1153974036375682, "best_epoch": 18, "best_val_loss": 1.1108643313248951}
{"epoch": 20, "train_loss": 0.9658147146304449, "val_loss": 1.1161517401536305, "best_epoch": 18, "best_val_loss": 1.1108643313248951}
{"epoch": 21, "train_loss": 0.9507731919487318, "val_loss": 1.1049972176551819, "best_epoch": 21, "best_val_loss": 1.1049972176551819}
{"epoch": 22, "train_loss": 0.9370174383123716, "val_loss": 1.0744986534118652, "best_epoch": 22, "best_val_loss": 1.0744986534118652}
{"epoch": 23, "train_loss": 0.929566981891791, "val_loss": 1.0409212013085682, "best_epoch": 23, "best_val_loss": 1.0409212013085682}
{"epoch": 24, "train_loss": 0.926217203338941, "val_loss": 1.0231750309467316, "best_epoch": 24, "best_val_loss": 1.0231750309467316}
{"epoch": 25, "train_loss": 0.9235596756140391, "val_loss": 1.0193190077940624, "best_epoch": 25, "best_val_loss": 1.0193190077940624}
{"epoch": 26, "train_loss": 0.9211459110180537, "val_loss": 1.0187333623568218, "best_epoch": 26, "best_val_loss": 1.0187333623568218}
{"epoch": 27, "train_loss": 0.9188771868745486, "val_loss": 1.017724484205246, "best_epoch": 27, "best_val_loss": 1.017724484205246}
{"epoch": 28, "train_loss": 0.9167163769404093, "val_loss": 1.0167911152044933, "best_epoch": 28, "best_val_loss": 1.0167911152044933}
{"epoch": 29, "train_loss": 0.9146238714456558, "val_loss": 1.0161259075005848, "best_epoch": 29, "best_val_loss": 1.0161259075005848}
{"epoch": 30, "train_loss": 0.9125654871265093, "val_loss": 1.0154444674650829, "best_epoch": 30, "best_val_loss": 1.0154444674650829}
{"epoch": 31, "train_loss": 0.9114572505156199, "val_loss": 1.012768159310023, "best_epoch": 31, "best_val_loss": 1.012768159310023}
{"epoch": 32, "train_loss": 0.911369651556015, "val_loss": 1.0086986025174458, "best_epoch": 32, "best_val_loss": 1.0086986025174458}
{"epoch": 33, "train_loss": 0.911315900584062, "val_loss": 1.0077766676743825, "best_epoch": 33, "best_val_loss": 1.0077766676743825}
{"epoch": 34, "train_loss": 0.911271852751573, "val_loss": 1.0090530912081401, "best_epoch": 33, "best_val_loss": 1.0077766676743825}
{"epoch": 35, "train_loss": 0.9112302313248316, "val_loss": 1.010620246330897, "best_epoch": 33, "best_val_loss": 1.0077766676743825}
{"epoch": 36, "train_loss": 0.9111945455272993, "val_loss": 1.011636346578598, "best_epoch": 33, "best_val_loss": 1.0077766676743825}
{"epoch": 37, "train_loss": 0.9111630991101265, "val_loss": 1.012190928061803, "best_epoch": 33, "best_val_loss": 1.0077766676743825}
{"epoch": 38, "train_loss": 0.9111338232954344, "val_loss": 1.0126198331514995, "best_epoch": 33, "best_val_loss": 1.0077766676743825}
{"epoch": 39, "train_loss": 0.9111061121026675, "val_loss": 1.0130945444107056, "best_epoch": 33, "best_val_loss": 1.0077766676743825}
{"epoch": 40, "train_loss": 0.9110794588923454, "val_loss": 1.0136128862698872, "best_epoch": 33, "best_val_loss": 1.0077766676743825}
{"epoch": 41, "train_loss": 0.9110536376635233, "val_loss": 1.01412699619929, "best_epoch": 33, "best_val_loss": 1.0077766676743825}
{"epoch": 42, "train_loss": 0.9110284472505251, "val_loss": 1.014616032441457, "best_epoch": 33, "best_val_loss": 1.0077766676743825}
{"epoch": 43, "train_loss": 0.9110037684440613, "val_loss": 1.015086034933726, "best_epoch": 33, "best_val_loss": 1.0077766676743825}
{"epoch": 44, "train_loss": 0.9109792361656824, "val_loss": 1.0155482987562816, "best_epoch": 33, "best_val_loss": 1.0077766676743825}
{"epoch": 45, "train_loss": 0.9109463567535082, "val_loss": 1.015691916147868, "best_epoch": 33, "best_val_loss": 1.0077766676743825}
{"epoch": 46, "train_loss": 0.9109360724687576, "val_loss": 1.015805423259735, "best_epoch": 33, "best_val_loss": 1.0077766676743825}
{"epoch": 47, "train_loss": 0.910925862689813, "val_loss": 1.0159311691919963, "best_epoch": 33, "best_val_loss": 1.0077766676743825}
{"epoch": 48, "train_loss": 0.9109158217906952, "val_loss": 1.0160717368125916, "best_epoch": 33, "best_val_loss": 1.0077766676743825}
{"epoch": 49, "train_loss": 0.9109058578809103, "val_loss": 1.0162180264790852, "best_epoch": 33, "best_val_loss": 1.0077766676743825}
{"epoch": 50, "train_loss": 0.910895879069964, "val_loss": 1.0163622101147969, "best_epoch": 33, "best_val_loss": 1.0077766676743825}
