{"total_training_time": 15.5132417678833, "train_loss": [null, 2.4448850552241006, 2.3094650705655417, 2.1727433800697327, 2.013798246781031, 1.5936269859472911, 1.437543789545695, 1.419782390197118, 1.3868131389220555, 1.3570193847020466, 1.3325363596280415, 1.306227167447408, 1.280428449312846, 1.2482428600390751, 1.2110387931267421, 1.1427439053853352, 1.0706678827603657, 1.0287008186181386, 0.999280164639155, 0.9799545854330063, 0.9658147146304449, 0.9507731919487318, 0.9370174383123716, 0.929566981891791, 0.926217203338941, 0.9235596756140391, 0.9211459110180537, 0.9188771868745486, 0.9167163769404093, 0.9146238714456558, 0.9125654871265093, 0.9114572505156199, 0.911369651556015, 0.911315900584062, 0.911271852751573, 0.9112302313248316, 0.9111945455272993, 0.9111630991101265, 0.9111338232954344, 0.9111061121026675, 0.9110794588923454, 0.9110536376635233, 0.9110284472505251, 0.9110037684440613, 0.9109792361656824, 0.9109463567535082, 0.9109360724687576, 0.910925862689813, 0.9109158217906952, 0.9109058578809103, 0.910895879069964], "val_loss": [2.46217942237854, 2.316007415453593, 2.1709291537602744, 2.0090928872426352, 1.8439160386721294, 1.4778244296709697, 1.4711636106173198, 1.450641671816508, 1.4165821075439453, 1.3942254781723022, 1.3701040148735046, 1.3486289580663045, 1.3190506199995677, 1.276807685693105, 1.2409954865773518, 1.2057289481163025, 1.1552720268567402, 1.1224539081255596, 1.1108643313248951, 1.1153974036375682, 1.1161517401536305, 1.1049972176551819, 1.0744986534118652, 1.0409212013085682, 1.0231750309467316, 1.0193190077940624, 1.0187333623568218, 1.017724484205246, 1.0167911152044933, 1.0161259075005848, 1.0154444674650829, 1.012768159310023, 1.0086986025174458, 1.0077766676743825, 1.0090530912081401, 1.010620246330897, 1.011636346578598, 1.012190928061803, 1.0126198331514995, 1.0130945444107056, 1.0136128862698872, 1.01412699619929, 1.014616032441457, 1.015086034933726, 1.0155482987562816, 1.015691916147868, 1.015805423259735, 1.0159311691919963, 1.0160717368125916, 1.0162180264790852, 1.0163622101147969], "best_validation_epoch": 33}