{"epoch": 0, "train_loss": null, "val_loss": 2.6031591097513833, "best_epoch": 0, "best_val_loss": 2.6031591097513833}
{"epoch": 1, "train_loss": 2.590202033519745, "val_loss": 2.58249560991923, "best_epoch": 1, "best_val_loss": 2.58249560991923}
{"epoch": 2, "train_loss": 2.5584941705067954, "val_loss": 2.551068743069967, "best_epoch": 2, "best_val_loss": 2.551068743069967}
{"epoch": 3, "train_loss": 2.513978679974874, "val_loss": 2.4992885986963906, "best_epoch": 3, "best_val_loss": 2.4992885986963906}
{"epoch": 4, "train_loss": 2.4520488182703652, "val_loss": 2.4273154735565186, "best_epoch": 4, "best_val_loss": 2.4273154735565186}
{"epoch": 5, "train_loss": 2.381194770336151, "val_loss": 2.3532325824101767, "best_epoch": 5, "best_val_loss": 2.3532325824101767}
{"epoch": 6, "train_loss": 2.3142781853675842, "val_loss": 2.2885428269704184, "best_epoch": 6, "best_val_loss": 2.2885428269704184}
{"epoch": 7, "train_loss": 2.2565906047821045, "val_loss": 2.2344353199005127, "best_epoch": 7, "best_val_loss": 2.2344353199005127}
{"epoch": 8, "train_loss": 2.206323424975077, "val_loss": 2.185898939768473, "best_epoch": 8, "best_val_loss": 2.185898939768473}
{"epoch": 9, "train_loss": 2.1620298624038696, "val_loss": 2.1440900564193726, "best_epoch": 9, "best_val_loss": 2.1440900564193726}
{"epoch": 10, "train_loss": 2.1250221133232117, "val_loss": 2.111706256866455, "best_epoch": 10, "best_val_loss": 2.111706256866455}
{"epoch": 11, "train_loss": 2.096567968527476, "val_loss": 2.0882465839385986, "best_epoch": 11, "best_val_loss": 2.0882465839385986}
{"epoch": 12, "train_loss": 2.0751519997914634, "val_loss": 2.0711989800135293, "best_epoch": 12, "best_val_loss": 2.0711989800135293}
{"epoch": 13, "train_loss": 2.0586989323298135, "val_loss": 2.0580714344978333, "best_epoch": 13, "best_val_loss": 2.0580714344978333}
{"epoch": 14, "train_loss": 2.045350501934687, "val_loss": 2.047328551610311, "best_epoch": 14, "best_val_loss": 2.047328551610311}
{"epoch": 15, "train_loss": 2.0339648524920144, "val_loss": 2.038164476553599, "best_epoch": 15, "best_val_loss": 2.038164476553599}
{"epoch": 16, "train_loss": 2.023960212866465, "val_loss": 2.030112624168396, "best_epoch": 16, "best_val_loss": 2.030112624168396}
{"epoch": 17, "train_loss": 2.0148730973402658, "val_loss": 2.022689700126648, "best_epoch": 17, "best_val_loss": 2.022689700126648}
{"epoch": 18, "train_loss": 2.006394396225611, "val_loss": 2.0155610839525857, "best_epoch": 18, "best_val_loss": 2.0155610839525857}
{"epoch": 19, "train_loss": 1.998099724451701, "val_loss": 2.008483111858368, "best_epoch": 19, "best_val_loss": 2.008483111858368}
{"epoch": 20, "train_loss": 1.9896785418192546, "val_loss": 2.001296798388163, "best_epoch": 20, "best_val_loss": 2.001296798388163}
{"epoch": 21, "train_loss": 1.9805215497811635, "val_loss": 1.9932753046353657, "best_epoch": 21, "best_val_loss": 1.9932753046353657}
{"epoch": 22, "train_loss": 1.9693857332070668, "val_loss": 1.9824663599332173, "best_epoch": 22, "best_val_loss": 1.9824663599332173}
{"epoch": 23, "train_loss": 1.9546944797039032, "val_loss": 1.96739528576533, "best_epoch": 23, "best_val_loss": 1.96739528576533}
{"epoch": 24, "train_loss": 1.938633104165395, "val_loss": 1.953552484512329, "best_epoch": 24, "best_val_loss": 1.953552484512329}
{"epoch": 25, "train_loss": 1.926710436741511, "val_loss": 1.943724234898885, "best_epoch": 25, "best_val_loss": 1.943724234898885}
{"epoch": 26, "train_loss": 1.9174416462580364, "val_loss": 1.9354609847068787, "best_epoch": 26, "best_val_loss": 1.9354609847068787}
{"epoch": 27, "train_loss": 1.9092598458131154, "val_loss": 1.9283047914505005, "best_epoch": 27, "best_val_loss": 1.9283047914505005}
{"epoch": 28, "train_loss": 1.9021229644616444, "val_loss": 1.9220324754714966, "best_epoch": 28, "best_val_loss": 1.9220324754714966}
{"epoch": 29, "train_loss": 1.8958147565523784, "val_loss": 1.9163137674331665, "best_epoch": 29, "best_val_loss": 1.9163137674331665}
{"epoch": 30, "train_loss": 1.8901388148466747, "val_loss": 1.9110462268193562, "best_epoch": 30, "best_val_loss": 1.9110462268193562}
{"epoch": 31, "train_loss": 1.884990245103836, "val_loss": 1.9061943491299946, "best_epoch": 31, "best_val_loss": 1.9061943491299946}
{"epoch": 32, "train_loss": 1.8802500267823536, "val_loss": 1.9017517765363057, "best_epoch": 32, "best_val_loss": 1.9017517765363057}
{"epoch": 33, "train_loss": 1.8758761286735535, "val_loss": 1.8976867198944092, "best_epoch": 33, "best_val_loss": 1.8976867198944092}
{"epoch": 34, "train_loss": 1.8718225955963135, "val_loss": 1.894022524356842, "best_epoch": 34, "best_val_loss": 1.894022524356842}
{"epoch": 35, "train_loss": 1.868082155783971, "val_loss": 1.89071520169576, "best_epoch": 35, "best_val_loss": 1.89071520169576}
{"epoch": 36, "train_loss": 1.8646176556746166, "val_loss": 1.8877236644426982, "best_epoch": 36, "best_val_loss": 1.8877236644426982}
{"epoch": 37, "train_loss": 1.8614126245180767, "val_loss": 1.885021448135376, "best_epoch": 37, "best_val_loss": 1.885021448135376}
{"epoch": 38, "train_loss": 1.8584322333335876, "val_loss": 1.882554570833842, "best_epoch": 38, "best_val_loss": 1.882554570833842}
{"epoch": 39, "train_loss": 1.855662117401759, "val_loss": 1.8803220788637798, "best_epoch": 39, "best_val_loss": 1.8803220788637798}
{"epoch": 40, "train_loss": 1.8530711829662323, "val_loss": 1.878289779027303, "best_epoch": 40, "best_val_loss": 1.878289779027303}
{"epoch": 41, "train_loss": 1.850657453139623, "val_loss": 1.8764324585596721, "best_epoch": 41, "best_val_loss": 1.8764324585596721}
{"epoch": 42, "train_loss": 1.848392943541209, "val_loss": 1.8747023940086365, "best_epoch": 42, "best_val_loss": 1.8747023940086365}
{"epoch": 43, "train_loss": 1.8462735414505005, "val_loss": 1.8730952342351277, "best_epoch": 43, "best_val_loss": 1.8730952342351277}
{"epoch": 44, "train_loss": 1.8442795872688293, "val_loss": 1.8715742230415344, "best_epoch": 44, "best_val_loss": 1.8715742230415344}
{"epoch": 45, "train_loss": 1.8424014151096344, "val_loss": 1.870132048924764, "best_epoch": 45, "best_val_loss": 1.870132048924764}
{"epoch": 46, "train_loss": 1.8406345049540203, "val_loss": 1.868759572505951, "best_epoch": 46, "best_val_loss": 1.868759572505951}
{"epoch": 47, "train_loss": 1.8389645218849182, "val_loss": 1.867453654607137, "best_epoch": 47, "best_val_loss": 1.867453654607137}
{"epoch": 48, "train_loss": 1.837384323279063, "val_loss": 1.866209050019582, "best_epoch": 48, "best_val_loss": 1.866209050019582}
{"epoch": 49, "train_loss": 1.8358861307303111, "val_loss": 1.8650421698888142, "best_epoch": 49, "best_val_loss": 1.8650421698888142}
{"epoch": 50, "train_loss": 1.834471235672633, "val_loss": 1.8639402985572815, "best_epoch": 50, "best_val_loss": 1.8639402985572815}
{"epoch": 51, "train_loss": 1.8331254919370015, "val_loss": 1.8629013299942017, "best_epoch": 51, "best_val_loss": 1.8629013299942017}
{"epoch": 52, "train_loss": 1.8318479160467784, "val_loss": 1.8619222044944763, "best_epoch": 52, "best_val_loss": 1.8619222044944763}
{"epoch": 53, "train_loss": 1.8306353390216827, "val_loss": 1.8610074321428935, "best_epoch": 53, "best_val_loss": 1.8610074321428935}
{"epoch": 54, "train_loss": 1.829478124777476, "val_loss": 1.8601503570874531, "best_epoch": 54, "best_val_loss": 1.8601503570874531}
{"epoch": 55, "train_loss": 1.8283738096555073, "val_loss": 1.85935777425766, "best_epoch": 55, "best_val_loss": 1.85935777425766}
{"epoch": 56, "train_loss": 1.827327052752177, "val_loss": 1.8586276570955913, "best_epoch": 56, "best_val_loss": 1.8586276570955913}
{"epoch": 57, "train_loss": 1.8263256748517354, "val_loss": 1.8579299052556355, "best_epoch": 57, "best_val_loss": 1.8579299052556355}
{"epoch": 58, "train_loss": 1.825366993745168, "val_loss": 1.8572811683019002, "best_epoch": 58, "best_val_loss": 1.8572811683019002}
{"epoch": 59, "train_loss": 1.824451595544815, "val_loss": 1.8566678365071614, "best_epoch": 59,