{"total_training_time": 15.126102685928345, "train_loss": [null, 2.590202033519745, 2.5584941705067954, 2.513978679974874, 2.4520488182703652, 2.381194770336151, 2.3142781853675842, 2.2565906047821045, 2.206323424975077, 2.1620298624038696, 2.1250221133232117, 2.096567968527476, 2.0751519997914634, 2.0586989323298135, 2.045350501934687, 2.0339648524920144, 2.023960212866465, 2.0148730973402658, 2.006394396225611, 1.998099724451701, 1.9896785418192546, 1.9805215497811635, 1.9693857332070668, 1.9546944797039032, 1.938633104165395, 1.926710436741511, 1.9174416462580364, 1.9092598458131154, 1.9021229644616444, 1.8958147565523784, 1.8901388148466747, 1.884990245103836, 1.8802500267823536, 1.8758761286735535, 1.8718225955963135, 1.868082155783971, 1.8646176556746166, 1.8614126245180767, 1.8584322333335876, 1.855662117401759, 1.8530711829662323, 1.850657453139623, 1.848392943541209, 1.8462735414505005, 1.8442795872688293, 1.8424014151096344, 1.8406345049540203, 1.8389645218849182, 1.837384323279063, 1.8358861307303111, 1.834471235672633, 1.8331254919370015, 1.8318479160467784, 1.8306353390216827, 1.829478124777476, 1.8283738096555073, 1.827327052752177, 1.8263256748517354, 1.825366993745168, 1.824451595544815, 1.8235596815745037, 1.8226999441782634, 1.8218590915203094, 1.821040689945221, 1.820249040921529, 1.819468875726064, 1.8187049825986226, 1.8179570535818736, 1.8172265986601512, 1.816504955291748, 1.8157978057861328, 1.8151018122831981, 1.814424196879069, 1.8137638767560322, 1.8131251136461894, 1.812519868214925, 1.8119422992070515, 1.81137216091156, 1.8108217418193817, 1.8102945884068806, 1.809782902399699, 1.8092837234338124, 1.8087997039159138, 1.80833504597346, 1.8078790307044983, 1.8074387311935425, 1.8070055842399597, 1.806590586900711, 1.8061919907728832, 1.8057992259661357, 1.8054278095563252, 1.8050658702850342, 1.8047133286794026, 1.8043748537699382, 1.8040523529052734, 1.8037346204121907, 1.8034309645493825, 1.8031352758407593, 1.8028563757737477, 1.8025803864002228, 1.8023102184136708], "val_loss": [2.6031591097513833, 2.58249560991923, 2.551068743069967, 2.4992885986963906, 2.4273154735565186, 2.3532325824101767, 2.2885428269704184, 2.2344353199005127, 2.185898939768473, 2.1440900564193726, 2.111706256866455, 2.0882465839385986, 2.0711989800135293, 2.0580714344978333, 2.047328551610311, 2.038164476553599, 2.030112624168396, 2.022689700126648, 2.0155610839525857, 2.008483111858368, 2.001296798388163, 1.9932753046353657, 1.9824663599332173, 1.96739528576533, 1.953552484512329, 1.943724234898885, 1.9354609847068787, 1.9283047914505005, 1.9220324754714966, 1.9163137674331665, 1.9110462268193562, 1.9061943491299946, 1.9017517765363057, 1.8976867198944092, 1.894022524356842, 1.89071520169576, 1.8877236644426982, 1.885021448135376, 1.882554570833842, 1.8803220788637798, 1.878289779027303, 1.8764324585596721, 1.8747023940086365, 1.8730952342351277, 1.8715742230415344, 1.870132048924764, 1.868759572505951, 1.867453654607137, 1.866209050019582, 1.8650421698888142, 1.8639402985572815, 1.8629013299942017, 1.8619222044944763, 1.8610074321428935, 1.8601503570874531, 1.85935777425766, 1.8586276570955913, 1.8579299052556355, 1.8572811683019002, 1.8566678365071614, 1.8561042944590251, 1.8555662433306377, 1.8550565640131633, 1.8545857469240825, 1.8541462421417236, 1.8537283937136333, 1.853332757949829, 1.85296630859375, 1.852623959382375, 1.852298617362976, 1.851991057395935, 1.8516994714736938, 1.851430594921112, 1.8511798183123271, 1.8509343067804973, 1.8507060805956523, 1.8504835963249207, 1.8502753178278606, 1.850076933701833, 1.8498806953430176, 1.8496974110603333, 1.8495176235834758, 1.8493420481681824, 1.8491748372713726, 1.8490081628163655, 1.848850389321645, 1.8486945430437725, 1.8485403259595234, 1.848389248053233, 1.8482433756192524, 1.8480990926424663, 1.8479581276575725, 1.8478179971377056, 1.8476850986480713, 1.8475521802902222, 1.847417672475179, 1.8472894430160522, 1.8471636772155762, 1.8470410704612732, 1.846921980381012, 1.846799612045288], "best_validation_epoch": 100}