{"epoch": 0, "train_loss": null, "val_loss": 2.5291197697321572, "best_epoch": 0, "best_val_loss": 2.5291197697321572}
{"epoch": 1, "train_loss": 2.4989824692408242, "val_loss": 2.4870360294977822, "best_epoch": 1, "best_val_loss": 2.4870360294977822}
{"epoch": 2, "train_loss": 2.4446120858192444, "val_loss": 2.4318602085113525, "best_epoch": 2, "best_val_loss": 2.4318602085113525}
{"epoch": 3, "train_loss": 2.373839279015859, "val_loss": 2.3586360216140747, "best_epoch": 3, "best_val_loss": 2.3586360216140747}
{"epoch": 4, "train_loss": 2.291435956954956, "val_loss": 2.275098522504171, "best_epoch": 4, "best_val_loss": 2.275098522504171}
{"epoch": 5, "train_loss": 2.2110716899236045, "val_loss": 2.2000383138656616, "best_epoch": 5, "best_val_loss": 2.2000383138656616}
{"epoch": 6, "train_loss": 2.1445202032725015, "val_loss": 2.1434184312820435, "best_epoch": 6, "best_val_loss": 2.1434184312820435}
{"epoch": 7, "train_loss": 2.0948758125305176, "val_loss": 2.103214224179586, "best_epoch": 7, "best_val_loss": 2.103214224179586}
{"epoch": 8, "train_loss": 2.0587520599365234, "val_loss": 2.074378748734792, "best_epoch": 8, "best_val_loss": 2.074378748734792}
{"epoch": 9, "train_loss": 2.0318193435668945, "val_loss": 2.053053359190623, "best_epoch": 9, "best_val_loss": 2.053053359190623}
{"epoch": 10, "train_loss": 2.0110152264436087, "val_loss": 2.0370047092437744, "best_epoch": 10, "best_val_loss": 2.0370047092437744}
{"epoch": 11, "train_loss": 1.994469314813614, "val_loss": 2.0247414310773215, "best_epoch": 11, "best_val_loss": 2.0247414310773215}
{"epoch": 12, "train_loss": 1.9807657798131306, "val_loss": 2.0150813857714334, "best_epoch": 12, "best_val_loss": 2.0150813857714334}
{"epoch": 13, "train_loss": 1.9685520728429158, "val_loss": 2.0071529944737754, "best_epoch": 13, "best_val_loss": 2.0071529944737754}
{"epoch": 14, "train_loss": 1.957007537285487, "val_loss": 2.0003570318222046, "best_epoch": 14, "best_val_loss": 2.0003570318222046}
{"epoch": 15, "train_loss": 1.9460821151733398, "val_loss": 1.9941814541816711, "best_epoch": 15, "best_val_loss": 1.9941814541816711}
{"epoch": 16, "train_loss": 1.9352036515871684, "val_loss": 1.9881762663523357, "best_epoch": 16, "best_val_loss": 1.9881762663523357}
{"epoch": 17, "train_loss": 1.924385130405426, "val_loss": 1.9822439750035603, "best_epoch": 17, "best_val_loss": 1.9822439750035603}
{"epoch": 18, "train_loss": 1.9132166008154552, "val_loss": 1.976118564605713, "best_epoch": 18, "best_val_loss": 1.976118564605713}
{"epoch": 19, "train_loss": 1.9022972881793976, "val_loss": 1.9696832100550334, "best_epoch": 19, "best_val_loss": 1.9696832100550334}
{"epoch": 20, "train_loss": 1.8921574254830678, "val_loss": 1.9630537430445354, "best_epoch": 20, "best_val_loss": 1.9630537430445354}
{"epoch": 21, "train_loss": 1.882667601108551, "val_loss": 1.95634659131368, "best_epoch": 21, "best_val_loss": 1.95634659131368}
{"epoch": 22, "train_loss": 1.8735870718955994, "val_loss": 1.9497497081756592, "best_epoch": 22, "best_val_loss": 1.9497497081756592}
{"epoch": 23, "train_loss": 1.8647843798001607, "val_loss": 1.9430285890897114, "best_epoch": 23, "best_val_loss": 1.9430285890897114}
{"epoch": 24, "train_loss": 1.8563382426897685, "val_loss": 1.9362243016560872, "best_epoch": 24, "best_val_loss": 1.9362243016560872}
{"epoch": 25, "train_loss": 1.8483780721823375, "val_loss": 1.9296953678131104, "best_epoch": 25, "best_val_loss": 1.9296953678131104}
{"epoch": 26, "train_loss": 1.8407258590062459, "val_loss": 1.9237992962201436, "best_epoch": 26, "best_val_loss": 1.9237992962201436}
{"epoch": 27, "train_loss": 1.8334675828615825, "val_loss": 1.9181798696517944, "best_epoch": 27, "best_val_loss": 1.9181798696517944}
{"epoch": 28, "train_loss": 1.8267308572928111, "val_loss": 1.9127878546714783, "best_epoch": 28, "best_val_loss": 1.9127878546714783}
{"epoch": 29, "train_loss": 1.8204694489638011, "val_loss": 1.9074256618817647, "best_epoch": 29, "best_val_loss": 1.9074256618817647}
{"epoch": 30, "train_loss": 1.8145943681399028, "val_loss": 1.9022363424301147, "best_epoch": 30, "best_val_loss": 1.9022363424301147}
{"epoch": 31, "train_loss": 1.8090902368227642, "val_loss": 1.8970738848050435, "best_epoch": 31, "best_val_loss": 1.8970738848050435}
{"epoch": 32, "train_loss": 1.8039760490258534, "val_loss": 1.8920815189679463, "best_epoch": 32, "best_val_loss": 1.8920815189679463}
{"epoch": 33, "train_loss": 1.799357831478119, "val_loss": 1.887411097685496, "best_epoch": 33, "best_val_loss": 1.887411097685496}
{"epoch": 34, "train_loss": 1.795201301574707, "val_loss": 1.8832165002822876, "best_epoch": 34, "best_val_loss": 1.8832165002822876}
{"epoch": 35, "train_loss": 1.791421910127004, "val_loss": 1.8793625632921855, "best_epoch": 35, "best_val_loss": 1.8793625632921855}
{"epoch": 36, "train_loss": 1.787908544143041, "val_loss": 1.8758353193600972, "best_epoch": 36, "best_val_loss": 1.8758353193600972}
{"epoch": 37, "train_loss": 1.7846561670303345, "val_loss": 1.8725866278012593, "best_epoch": 37, "best_val_loss": 1.8725866278012593}
{"epoch": 38, "train_loss": 1.7816221117973328, "val_loss": 1.8695465127627056, "best_epoch": 38, "best_val_loss": 1.8695465127627056}
{"epoch": 39, "train_loss": 1.7788206537564595, "val_loss": 1.866778314113617, "best_epoch": 39, "best_val_loss": 1.866778314113617}
{"epoch": 40, "train_loss": 1.7761857410271962, "val_loss": 1.864218831062317, "best_epoch": 40, "best_val_loss": 1.864218831062317}
{"epoch": 41, "train_loss": 1.773716111977895, "val_loss": 1.8618019819259644, "best_epoch": 41, "best_val_loss": 1.8618019819259644}
{"epoch": 42, "train_loss": 1.7713885406653087, "val_loss": 1.8595303297042847, "best_epoch": 42, "best_val_loss": 1.8595303297042847}
{"epoch": 43, "train_loss": 1.769176999727885, "val_loss": 1.8574377099672954, "best_epoch": 43, "best_val_loss": 1.8574377099672954}
{"epoch": 44, "train_loss": 1.7670954962571461, "val_loss": 1.8554653525352478, "best_epoch": 44, "best_val_loss": 1.8554653525352478}
{"epoch": 45, "train_loss": 1.765106697877248, "val_loss": 1.8536158204078674, "best_epoch": 45, "best_val_loss": 1.8536158204078674}
{"epoch": 46, "train_loss": 1.7632123529911041, "val_loss": 1.851843814055125, "best_epoch": 46, "best_val_loss": 1.851843814055125}
{"epoch": 47, "train_loss": 1.76138840119044, "val_loss": 1.8501367568969727, "best_epoch": 47, "best_val_loss": 1.8501367568969727}
{"epoch": 48, "train_loss": 1.7596510152022045, "val_loss": 1.848532239596049, "best_epoch": 48, "best_val_loss": 1.848532239596049}
{"epoch": 49, "train_loss": 1.7579739888509114, "val_loss": 1.8469345768292744, "best_epoch": 49, "best_val_loss": 1.8469345768292744}
{"epoch": 50, "train_loss": 1.7563704550266266, "val_loss": 1.8453967372576396, "best_epoch": 50, "best_val_loss": 1.8453967372576396}
{"epoch": 51, "train_loss": 1.7548477550347645, "val_loss": 1.8439100980758667, "best_epoch": 51, "best_val_loss": 1.8439100980758667}
{"epoch": 52, "train_loss": 1.753393441438675, "val_loss": 1.8424601157506306, "best_epoch": 52, "best_val_loss": 1.8424601157506306}
{"epoch": 53, "train_loss": 1.7520058651765187, "val_loss": 1.8410698374112446, "best_epoch": 53, "best_val_loss": 1.8410698374112446}
{"epoch": 54, "train_loss": 1.7506825824578602, "val_loss": 1.8397642175356548, "best_epoch": 54, "best_val_loss": 1.8397642175356548}
{"epoch": 55, "train_loss": 1.7494164208571117, "val_loss": 1.8385076920191448, "best_epoch": 55, "best_val_loss": 1.8385076920191448}
{"epoch": 56, "train_loss": 1.7482044597466786, "val_loss": 1.8372684121131897, "best_epoch": 56, "best_val_loss": 1.8372684121131897}
{"epoch": 57, "train_loss": 1.7470390498638153, "val_loss": 1.8361271222432454, "best_epoch": 57, "best_val_loss": 1.8361271222432454}
{"epoch": 58, "train_loss": 1.7459394534428914, "val_loss": 1.8349930842717488, "best_epoch": 58, "best_val_loss": 1.8349930842717488}
{"epoch": 59, "train_loss": 1.7448695103327434, "val_loss": 1.833931823571523, "best_epoch": 59,