{"total_training_time": 14.850146770477295, "train_loss": [null, 2.4989824692408242, 2.4446120858192444, 2.373839279015859, 2.291435956954956, 2.2110716899236045, 2.1445202032725015, 2.0948758125305176, 2.0587520599365234, 2.0318193435668945, 2.0110152264436087, 1.994469314813614, 1.9807657798131306, 1.9685520728429158, 1.957007537285487, 1.9460821151733398, 1.9352036515871684, 1.924385130405426, 1.9132166008154552, 1.9022972881793976, 1.8921574254830678, 1.882667601108551, 1.8735870718955994, 1.8647843798001607, 1.8563382426897685, 1.8483780721823375, 1.8407258590062459, 1.8334675828615825, 1.8267308572928111, 1.8204694489638011, 1.8145943681399028, 1.8090902368227642, 1.8039760490258534, 1.799357831478119, 1.795201301574707, 1.791421910127004, 1.787908544143041, 1.7846561670303345, 1.7816221117973328, 1.7788206537564595, 1.7761857410271962, 1.773716111977895, 1.7713885406653087, 1.769176999727885, 1.7670954962571461, 1.765106697877248, 1.7632123529911041, 1.76138840119044, 1.7596510152022045, 1.7579739888509114, 1.7563704550266266, 1.7548477550347645, 1.753393441438675, 1.7520058651765187, 1.7506825824578602, 1.7494164208571117, 1.7482044597466786, 1.7470390498638153, 1.7459394534428914, 1.7448695103327434, 1.743843823671341, 1.742860476175944, 1.741913616657257, 1.7409945925076802, 1.7401114801565807, 1.7392632961273193, 1.738439420859019, 1.7376455267270405, 1.736879934867223, 1.7361307442188263, 1.735413908958435, 1.7347203890482585, 1.7340459823608398, 1.7333908379077911, 1.7327519754568736, 1.7321259379386902, 1.73151500026385, 1.7309109965960185, 1.730313112338384, 1.7297180195649464, 1.7291211883227031, 1.7285176217556, 1.7279115815957387, 1.7273159126440685, 1.7267266511917114, 1.7261602878570557, 1.725627472003301, 1.7251147031784058, 1.7246367633342743, 1.7241701185703278, 1.7237280209859211, 1.7233105500539143, 1.7229052186012268, 1.722511311372121, 1.7221335073312123, 1.7217642863591511, 1.7214050392309825, 1.7210513254006703, 1.7207175890604656, 1.7203778624534607, 1.72005096077919], "val_loss": [2.5291197697321572, 2.4870360294977822, 2.4318602085113525, 2.3586360216140747, 2.275098522504171, 2.2000383138656616, 2.1434184312820435, 2.103214224179586, 2.074378748734792, 2.053053359190623, 2.0370047092437744, 2.0247414310773215, 2.0150813857714334, 2.0071529944737754, 2.0003570318222046, 1.9941814541816711, 1.9881762663523357, 1.9822439750035603, 1.976118564605713, 1.9696832100550334, 1.9630537430445354, 1.95634659131368, 1.9497497081756592, 1.9430285890897114, 1.9362243016560872, 1.9296953678131104, 1.9237992962201436, 1.9181798696517944, 1.9127878546714783, 1.9074256618817647, 1.9022363424301147, 1.8970738848050435, 1.8920815189679463, 1.887411097685496, 1.8832165002822876, 1.8793625632921855, 1.8758353193600972, 1.8725866278012593, 1.8695465127627056, 1.866778314113617, 1.864218831062317, 1.8618019819259644, 1.8595303297042847, 1.8574377099672954, 1.8554653525352478, 1.8536158204078674, 1.851843814055125, 1.8501367568969727, 1.848532239596049, 1.8469345768292744, 1.8453967372576396, 1.8439100980758667, 1.8424601157506306, 1.8410698374112446, 1.8397642175356548, 1.8385076920191448, 1.8372684121131897, 1.8361271222432454, 1.8349930842717488, 1.833931823571523, 1.8329442143440247, 1.8319770495096843, 1.8310614625612895, 1.8302090764045715, 1.8293903470039368, 1.8285515507062275, 1.8278051018714905, 1.8270899454752605, 1.826385756333669, 1.825700004895528, 1.8250479300816853, 1.824421187241872, 1.8238441348075867, 1.8232570091883342, 1.8227445681889851, 1.8222637971242268, 1.8217841585477192, 1.8213312824567158, 1.8209549983342488, 1.8205822706222534, 1.8202818830808003, 1.8200825254122417, 1.8198304971059163, 1.8195690512657166, 1.8193570574124653, 1.8192098538080852, 1.8189788063367207, 1.8187055190404255, 1.818500816822052, 1.818202833334605, 1.8179152210553486, 1.8176209926605225, 1.8173507452011108, 1.8170621991157532, 1.8168055613835652, 1.8165302475293477, 1.8162660002708435, 1.815975308418274, 1.8157331148783367, 1.8154920140902202, 1.8152209520339966], "best_validation_epoch": 100}