{"epoch": 0, "train_loss": null, "val_loss": 2.735450108846029, "best_epoch": 0, "best_val_loss": 2.735450108846029}
{"epoch": 1, "train_loss": 2.735872507095337, "val_loss": 2.6863056818644204, "best_epoch": 1, "best_val_loss": 2.6863056818644204}
{"epoch": 2, "train_loss": 2.6866530378659568, "val_loss": 2.637583017349243, "best_epoch": 2, "best_val_loss": 2.637583017349243}
{"epoch": 3, "train_loss": 2.634453773498535, "val_loss": 2.586712201436361, "best_epoch": 3, "best_val_loss": 2.586712201436361}
{"epoch": 4, "train_loss": 2.574655075867971, "val_loss": 2.531529108683268, "best_epoch": 4, "best_val_loss": 2.531529108683268}
{"epoch": 5, "train_loss": 2.504675010840098, "val_loss": 2.473166743914286, "best_epoch": 5, "best_val_loss": 2.473166743914286}
{"epoch": 6, "train_loss": 2.4311002492904663, "val_loss": 2.417393604914347, "best_epoch": 6, "best_val_loss": 2.417393604914347}
{"epoch": 7, "train_loss": 2.3654589851697287, "val_loss": 2.3692495822906494, "best_epoch": 7, "best_val_loss": 2.3692495822906494}
{"epoch": 8, "train_loss": 2.311246713002523, "val_loss": 2.3245826164881387, "best_epoch": 8, "best_val_loss": 2.3245826164881387}
{"epoch": 9, "train_loss": 2.2594395875930786, "val_loss": 2.2717666625976562, "best_epoch": 9, "best_val_loss": 2.2717666625976562}
{"epoch": 10, "train_loss": 2.203353782494863, "val_loss": 2.21784500281016, "best_epoch": 10, "best_val_loss": 2.21784500281016}
{"epoch": 11, "train_loss": 2.1571225921312966, "val_loss": 2.184110681215922, "best_epoch": 11, "best_val_loss": 2.184110681215922}
{"epoch": 12, "train_loss": 2.129915257294973, "val_loss": 2.1650893290837607, "best_epoch": 12, "best_val_loss": 2.1650893290837607}
{"epoch": 13, "train_loss": 2.1126259167989097, "val_loss": 2.1514830191930137, "best_epoch": 13, "best_val_loss": 2.1514830191930137}
{"epoch": 14, "train_loss": 2.0988794366518655, "val_loss": 2.139923930168152, "best_epoch": 14, "best_val_loss": 2.139923930168152}
{"epoch": 15, "train_loss": 2.086227238178253, "val_loss": 2.129297653834025, "best_epoch": 15, "best_val_loss": 2.129297653834025}
{"epoch": 16, "train_loss": 2.0738857785860696, "val_loss": 2.1189043521881104, "best_epoch": 16, "best_val_loss": 2.1189043521881104}
{"epoch": 17, "train_loss": 2.061754127343496, "val_loss": 2.1086761156717935, "best_epoch": 17, "best_val_loss": 2.1086761156717935}
{"epoch": 18, "train_loss": 2.049409200747808, "val_loss": 2.098557432492574, "best_epoch": 18, "best_val_loss": 2.098557432492574}
{"epoch": 19, "train_loss": 2.0371112724145255, "val_loss": 2.087937037150065, "best_epoch": 19, "best_val_loss": 2.087937037150065}
{"epoch": 20, "train_loss": 2.0253314673900604, "val_loss": 2.076388160387675, "best_epoch": 20, "best_val_loss": 2.076388160387675}
{"epoch": 21, "train_loss": 2.0143342316150665, "val_loss": 2.0646387537320456, "best_epoch": 21, "best_val_loss": 2.0646387537320456}
{"epoch": 22, "train_loss": 2.003742833932241, "val_loss": 2.0530844926834106, "best_epoch": 22, "best_val_loss": 2.0530844926834106}
{"epoch": 23, "train_loss": 1.9936006466547649, "val_loss": 2.042659799257914, "best_epoch": 23, "best_val_loss": 2.042659799257914}
{"epoch": 24, "train_loss": 1.984263261159261, "val_loss": 2.033804933230082, "best_epoch": 24, "best_val_loss": 2.033804933230082}
{"epoch": 25, "train_loss": 1.9758721192677815, "val_loss": 2.0263993740081787, "best_epoch": 25, "best_val_loss": 2.0263993740081787}
{"epoch": 26, "train_loss": 1.9686208963394165, "val_loss": 2.0201883912086487, "best_epoch": 26, "best_val_loss": 2.0201883912086487}
{"epoch": 27, "train_loss": 1.9622120757897694, "val_loss": 2.0150202910105386, "best_epoch": 27, "best_val_loss": 2.0150202910105386}
{"epoch": 28, "train_loss": 1.9563012917836506, "val_loss": 2.010420302549998, "best_epoch": 28, "best_val_loss": 2.010420302549998}
{"epoch": 29, "train_loss": 1.950701465209325, "val_loss": 2.0064112544059753, "best_epoch": 29, "best_val_loss": 2.0064112544059753}
{"epoch": 30, "train_loss": 1.9452264606952667, "val_loss": 2.003170828024546, "best_epoch": 30, "best_val_loss": 2.003170828024546}
{"epoch": 31, "train_loss": 1.9401066998640697, "val_loss": 2.0003406405448914, "best_epoch": 31, "best_val_loss": 2.0003406405448914}
{"epoch": 32, "train_loss": 1.9354780912399292, "val_loss": 1.9977526664733887, "best_epoch": 32, "best_val_loss": 1.9977526664733887}
{"epoch": 33, "train_loss": 1.9313485225041707, "val_loss": 1.9953170617421467, "best_epoch": 33, "best_val_loss": 1.9953170617421467}
{"epoch": 34, "train_loss": 1.9276333649953206, "val_loss": 1.9929375847180684, "best_epoch": 34, "best_val_loss": 1.9929375847180684}
{"epoch": 35, "train_loss": 1.9241926471392314, "val_loss": 1.9909018675486247, "best_epoch": 35, "best_val_loss": 1.9909018675486247}
{"epoch": 36, "train_loss": 1.9209871888160706, "val_loss": 1.9890801111857097, "best_epoch": 36, "best_val_loss": 1.9890801111857097}
{"epoch": 37, "train_loss": 1.9179924726486206, "val_loss": 1.9872974753379822, "best_epoch": 37, "best_val_loss": 1.9872974753379822}
{"epoch": 38, "train_loss": 1.9151355425516765, "val_loss": 1.985449771086375, "best_epoch": 38, "best_val_loss": 1.985449771086375}
{"epoch": 39, "train_loss": 1.9124165574709575, "val_loss": 1.9835731188456218, "best_epoch": 39, "best_val_loss": 1.9835731188456218}
{"epoch": 40, "train_loss": 1.9097482562065125, "val_loss": 1.9818702340126038, "best_epoch": 40, "best_val_loss": 1.9818702340126038}
{"epoch": 41, "train_loss": 1.9070870975653331, "val_loss": 1.9801780382792156, "best_epoch": 41, "best_val_loss": 1.9801780382792156}
{"epoch": 42, "train_loss": 1.9043440222740173, "val_loss": 1.9783945083618164, "best_epoch": 42, "best_val_loss": 1.9783945083618164}
{"epoch": 43, "train_loss": 1.9014311532179515, "val_loss": 1.9764117201169331, "best_epoch": 43, "best_val_loss": 1.9764117201169331}
{"epoch": 44, "train_loss": 1.898356984059016, "val_loss": 1.974264880021413, "best_epoch": 44, "best_val_loss": 1.974264880021413}
{"epoch": 45, "train_loss": 1.8951778908570607, "val_loss": 1.9719297289848328, "best_epoch": 45, "best_val_loss": 1.9719297289848328}
{"epoch": 46, "train_loss": 1.892053614060084, "val_loss": 1.9698027571042378, "best_epoch": 46, "best_val_loss": 1.9698027571042378}
{"epoch": 47, "train_loss": 1.889112412929535, "val_loss": 1.9676130811373393, "best_epoch": 47, "best_val_loss": 1.9676130811373393}
{"epoch": 48, "train_loss": 1.8863663574059804, "val_loss": 1.9654945731163025, "best_epoch": 48, "best_val_loss": 1.9654945731163025}
{"epoch": 49, "train_loss": 1.8838239113489788, "val_loss": 1.9635268648465474, "best_epoch": 49, "best_val_loss": 1.9635268648465474}
{"epoch": 50, "train_loss": 1.8814809719721477, "val_loss": 1.961410125096639, "best_epoch": 50, "best_val_loss": 1.961410125096639}
{"epoch": 51, "train_loss": 1.8792382578055065, "val_loss": 1.959502677122752, "best_epoch": 51, "best_val_loss": 1.959502677122752}
{"epoch": 52, "train_loss": 1.877109706401825, "val_loss": 1.9577009876569111, "best_epoch": 52, "best_val_loss": 1.9577009876569111}
{"epoch": 53, "train_loss": 1.8750649591286976, "val_loss": 1.95581982533137, "best_epoch": 53, "best_val_loss": 1.95581982533137}
{"epoch": 54, "train_loss": 1.8730717301368713, "val_loss": 1.9542141954104106, "best_epoch": 54, "best_val_loss": 1.9542141954104106}
{"epoch": 55, "train_loss": 1.8711934089660645, "val_loss": 1.95270170768102, "best_epoch": 55, "best_val_loss": 1.95270170768102}
{"epoch": 56, "train_loss": 1.8693614701430004, "val_loss": 1.951177140076955, "best_epoch": 56, "best_val_loss": 1.951177140076955}
{"epoch": 57, "train_loss": 1.8675533731778462, "val_loss": 1.9498589634895325, "best_epoch": 57, "best_val_loss": 1.9498589634895325}
{"epoch": 58, "train_loss": 1.8658447265625, "val_loss": 1.9486115376154582, "best_epoch": 58, "best_val_loss": 1.9486115376154582}
{"epoch": 59, "train_loss": 1.8642033338546753, "val_loss": 1.9475207527478535, "best_epoch": 59,