{"total_training_time": 14.835932970046997, "train_loss": [null, 2.735872507095337, 2.6866530378659568, 2.634453773498535, 2.574655075867971, 2.504675010840098, 2.4311002492904663, 2.3654589851697287, 2.311246713002523, 2.2594395875930786, 2.203353782494863, 2.1571225921312966, 2.129915257294973, 2.1126259167989097, 2.0988794366518655, 2.086227238178253, 2.0738857785860696, 2.061754127343496, 2.049409200747808, 2.0371112724145255, 2.0253314673900604, 2.0143342316150665, 2.003742833932241, 1.9936006466547649, 1.984263261159261, 1.9758721192677815, 1.9686208963394165, 1.9622120757897694, 1.9563012917836506, 1.950701465209325, 1.9452264606952667, 1.9401066998640697, 1.9354780912399292, 1.9313485225041707, 1.9276333649953206, 1.9241926471392314, 1.9209871888160706, 1.9179924726486206, 1.9151355425516765, 1.9124165574709575, 1.9097482562065125, 1.9070870975653331, 1.9043440222740173, 1.9014311532179515, 1.898356984059016, 1.8951778908570607, 1.892053614060084, 1.889112412929535, 1.8863663574059804, 1.8838239113489788, 1.8814809719721477, 1.8792382578055065, 1.877109706401825, 1.8750649591286976, 1.8730717301368713, 1.8711934089660645, 1.8693614701430004, 1.8675533731778462, 1.8658447265625, 1.8642033338546753, 1.8626515368620555, 1.8611642221609752, 1.8597240547339122, 1.858327865600586, 1.8569705883661907, 1.8556387424468994, 1.8543290793895721, 1.8530430893103282, 1.851795752843221, 1.850579708814621, 1.8494162460168202, 1.8482862214247386, 1.8472096423308055, 1.8461859226226807, 1.8451936741669972, 1.8442630767822266, 1.8433576424916585, 1.842496891816457, 1.841659148534139, 1.8408592442671459, 1.8400854567686717, 1.8393444816271465, 1.8386106491088867, 1.8378896017869313, 1.8371751705805461, 1.836476703484853, 1.8357897599538167, 1.8351204991340637, 1.8344661593437195, 1.8338359495004017, 1.8332334061463673, 1.8326618870099385, 1.8321174283822377, 1.831584483385086, 1.8310805360476177, 1.8305895527203877, 1.8301182488600414, 1.829661101102829, 1.829223205645879, 1.8287946085135143, 1.828380713860194], "val_loss": [2.735450108846029, 2.6863056818644204, 2.637583017349243, 2.586712201436361, 2.531529108683268, 2.473166743914286, 2.417393604914347, 2.3692495822906494, 2.3245826164881387, 2.2717666625976562, 2.21784500281016, 2.184110681215922, 2.1650893290837607, 2.1514830191930137, 2.139923930168152, 2.129297653834025, 2.1189043521881104, 2.1086761156717935, 2.098557432492574, 2.087937037150065, 2.076388160387675, 2.0646387537320456, 2.0530844926834106, 2.042659799257914, 2.033804933230082, 2.0263993740081787, 2.0201883912086487, 2.0150202910105386, 2.010420302549998, 2.0064112544059753, 2.003170828024546, 2.0003406405448914, 1.9977526664733887, 1.9953170617421467, 1.9929375847180684, 1.9909018675486247, 1.9890801111857097, 1.9872974753379822, 1.985449771086375, 1.9835731188456218, 1.9818702340126038, 1.9801780382792156, 1.9783945083618164, 1.9764117201169331, 1.974264880021413, 1.9719297289848328, 1.9698027571042378, 1.9676130811373393, 1.9654945731163025, 1.9635268648465474, 1.961410125096639, 1.959502677122752, 1.9577009876569111, 1.95581982533137, 1.9542141954104106, 1.95270170768102, 1.951177140076955, 1.9498589634895325, 1.9486115376154582, 1.9475207527478535, 1.9464666644732158, 1.9454265634218852, 1.944391926129659, 1.9433323740959167, 1.9421916405359905, 1.940934459368388, 1.939588228861491, 1.9381505052248638, 1.9366278052330017, 1.9350275595982869, 1.9333744049072266, 1.9317682385444641, 1.9302226901054382, 1.9286995927492778, 1.9272679289182026, 1.9258615573247273, 1.9245406190554302, 1.9232618411382039, 1.9220742583274841, 1.9209452072779338, 1.9199015895525615, 1.9188894033432007, 1.9178749521573384, 1.9168793161710103, 1.9159398674964905, 1.9150172074635823, 1.9138800501823425, 1.9128324190775554, 1.911917467912038, 1.911080241203308, 1.9102645913759868, 1.9093185265858967, 1.9084429144859314, 1.9077231884002686, 1.9070461789766948, 1.9064319332440693, 1.9057177503903706, 1.905083159605662, 1.9045224785804749, 1.9040074745814006, 1.9035075108210247], "best_validation_epoch": 100}