{"total_training_time": 4.830873727798462, "train_loss": [null, 1.8766208191712697, 1.507751077413559, 1.3421731193860371, 1.2434152364730835, 1.1790551443894703, 1.1352906972169876, 1.105008711417516, 1.0857785443464916, 1.0565322935581207, 1.0290358364582062, 0.9988584717114767, 0.9759074151515961, 0.9718312670787176, 0.9494515806436539, 0.927067165573438], "val_loss": [2.2416248520215354, 1.671816607316335, 1.459636131922404, 1.3194758892059326, 1.256658951441447, 1.1916855374972026, 1.1475032965342205, 1.1270066897074382, 1.102385421593984, 1.0745741724967957, 1.0426774124304454, 1.0231455365816753, 1.0024659434954326, 1.0158256093660991, 0.9943929314613342, 0.9827884137630463], "best_validation_epoch": 15}