{"total_training_time": 4.512251377105713, "train_loss": [null, 0.9235427727301916, 0.7883367389440536, 0.7122756739457449, 0.702764481306076, 0.6869203448295593, 0.6791071891784668, 0.6686541785796484, 0.6511385142803192, 0.6349456955989202, 0.6239000906546911, 0.6147988140583038, 0.6079360097646713, 0.6016583492358526, 0.5967079897721609, 0.5919588555892309], "val_loss": [1.0005426506201427, 0.8755076229572296, 0.723453015089035, 0.6884916722774506, 0.6770497858524323, 0.6738345424334208, 0.6601297458012899, 0.6509176393349966, 0.6445810894171397, 0.63311039408048, 0.6211885611216227, 0.6194797952969869, 0.6170274317264557, 0.6168791353702545, 0.6126379470030466, 0.6161859532197317], "best_validation_epoch": 14}