{"epoch": 0, "train_loss": null, "val_loss": 0.9256319403648376, "best_epoch": 0, "best_val_loss": 0.9256319403648376}
{"epoch": 1, "train_loss": 0.8704264362653097, "val_loss": 0.7863024969895681, "best_epoch": 1, "best_val_loss": 0.7863024969895681}
{"epoch": 2, "train_loss": 0.7875823279221853, "val_loss": 0.761986126502355, "best_epoch": 2, "best_val_loss": 0.761986126502355}
{"epoch": 3, "train_loss": 0.7429530868927637, "val_loss": 0.7397311528523763, "best_epoch": 3, "best_val_loss": 0.7397311528523763}
{"epoch": 4, "train_loss": 0.7008285721143087, "val_loss": 0.6900649964809418, "best_epoch": 4, "best_val_loss": 0.6900649964809418}
{"epoch": 5, "train_loss": 0.5977141136924425, "val_loss": 0.5820459326108297, "best_epoch": 5, "best_val_loss": 0.5820459326108297}
{"epoch": 6, "train_loss": 0.5486073444286982, "val_loss": 0.5692322502533594, "best_epoch": 6, "best_val_loss": 0.5692322502533594}
{"epoch": 7, "train_loss": 0.5194859057664871, "val_loss": 0.5549622674783071, "best_epoch": 7, "best_val_loss": 0.5549622674783071}
{"epoch": 8, "train_loss": 0.5053756435712179, "val_loss": 0.5425975074370702, "best_epoch": 8, "best_val_loss": 0.5425975074370702}
{"epoch": 9, "train_loss": 0.49320297439893085, "val_loss": 0.5353591293096542, "best_epoch": 9, "best_val_loss": 0.5353591293096542}
{"epoch": 10, "train_loss": 0.4836496909459432, "val_loss": 0.5347490807374319, "best_epoch": 10, "best_val_loss": 0.5347490807374319}
{"epoch": 11, "train_loss": 0.47640469918648404, "val_loss": 0.5361674726009369, "best_epoch": 10, "best_val_loss": 0.5347490807374319}
{"epoch": 12, "train_loss": 0.4685025115807851, "val_loss": 0.5319403111934662, "best_epoch": 12, "best_val_loss": 0.5319403111934662}
{"epoch": 13, "train_loss": 0.4634012480576833, "val_loss": 0.5227987517913183, "best_epoch": 13, "best_val_loss": 0.5227987517913183}
{"epoch": 14, "train_loss": 0.45756494253873825, "val_loss": 0.5241258591413498, "best_epoch": 13, "best_val_loss": 0.5227987517913183}
{"epoch": 15, "train_loss": 0.4514397233724594, "val_loss": 0.524839053551356, "best_epoch": 13, "best_val_loss": 0.5227987517913183}
{"epoch": 16, "train_loss": 0.44914887348810834, "val_loss": 0.5224282294511795, "best_epoch": 16, "best_val_loss": 0.5224282294511795}
{"epoch": 17, "train_loss": 0.445852758983771, "val_loss": 0.5247919261455536, "best_epoch": 16, "best_val_loss": 0.5224282294511795}
{"epoch": 18, "train_loss": 0.442154402534167, "val_loss": 0.5255464017391205, "best_epoch": 16, "best_val_loss": 0.5224282294511795}
{"epoch": 19, "train_loss": 0.43975234776735306, "val_loss": 0.5281841059525808, "best_epoch": 16, "best_val_loss": 0.5224282294511795}
{"epoch": 20, "train_loss": 0.4516530781984329, "val_loss": 0.529800479610761, "best_epoch": 16, "best_val_loss": 0.5224282294511795}
{"epoch": 21, "train_loss": 0.4415227646629016, "val_loss": 0.5212958753108978, "best_epoch": 21, "best_val_loss": 0.5212958753108978}
{"epoch": 22, "train_loss": 0.43911035855611164, "val_loss": 0.5242804636557897, "best_epoch": 21, "best_val_loss": 0.5212958753108978}
{"epoch": 23, "train_loss": 0.4284942050774892, "val_loss": 0.5157014479239782, "best_epoch": 23, "best_val_loss": 0.5157014479239782}
{"epoch": 24, "train_loss": 0.42444899926582974, "val_loss": 0.518238753080368, "best_epoch": 23, "best_val_loss": 0.5157014479239782}
{"epoch": 25, "train_loss": 0.4218934699892998, "val_loss": 0.5158053040504456, "best_epoch": 23, "best_val_loss": 0.5157014479239782}
{"epoch": 26, "train_loss": 0.4220753212769826, "val_loss": 0.5217878222465515, "best_epoch": 23, "best_val_loss": 0.5157014479239782}
{"epoch": 27, "train_loss": 0.426165630420049, "val_loss": 0.5189993480841318, "best_epoch": 23, "best_val_loss": 0.5157014479239782}
{"epoch": 28, "train_loss": 0.4173467929164569, "val_loss": 0.5179915179808935, "best_epoch": 23, "best_val_loss": 0.5157014479239782}
{"epoch": 29, "train_loss": 0.4191150590777397, "val_loss": 0.520965650677681, "best_epoch": 23, "best_val_loss": 0.5157014479239782}
{"epoch": 30, "train_loss": 0.4180790111422539, "val_loss": 0.5229762345552444, "best_epoch": 23, "best_val_loss": 0.5157014479239782}
{"epoch": 31, "train_loss": 0.4140382508436839, "val_loss": 0.5132413158814112, "best_epoch": 31, "best_val_loss": 0.5132413158814112}
{"epoch": 32, "train_loss": 0.4126555100083351, "val_loss": 0.5141670604546865, "best_epoch": 31, "best_val_loss": 0.5132413158814112}
{"epoch": 33, "train_loss": 0.4144506976008415, "val_loss": 0.5211351066827774, "best_epoch": 31, "best_val_loss": 0.5132413158814112}
{"epoch": 34, "train_loss": 0.41090239336093265, "val_loss": 0.5131286084651947, "best_epoch": 34, "best_val_loss": 0.5131286084651947}
{"epoch": 35, "train_loss": 0.4097415506839752, "val_loss": 0.5120597432057062, "best_epoch": 35, "best_val_loss": 0.5120597432057062}
{"epoch": 36, "train_loss": 0.4082003061970075, "val_loss": 0.5121908386548361, "best_epoch": 35, "best_val_loss": 0.5120597432057062}
{"epoch": 37, "train_loss": 0.40556936462720233, "val_loss": 0.5115968982378641, "best_epoch": 37, "best_val_loss": 0.5115968982378641}
{"epoch": 38, "train_loss": 0.4037233218550682, "val_loss": 0.5090439120928446, "best_epoch": 38, "best_val_loss": 0.5090439120928446}
{"epoch": 39, "train_loss": 0.4040133034189542, "val_loss": 0.5138048181931177, "best_epoch": 38, "best_val_loss": 0.5090439120928446}
{"epoch": 40, "train_loss": 0.40569022794564563, "val_loss": 0.5164625296990076, "best_epoch": 38, "best_val_loss": 0.5090439120928446}
{"epoch": 41, "train_loss": 0.40259116639693576, "val_loss": 0.5126868337392807, "best_epoch": 38, "best_val_loss": 0.5090439120928446}
{"epoch": 42, "train_loss": 0.40593359619379044, "val_loss": 0.5072084367275238, "best_epoch": 42, "best_val_loss": 0.5072084367275238}
{"epoch": 43, "train_loss": 0.405280922849973, "val_loss": 0.5071387141942978, "best_epoch": 43, "best_val_loss": 0.5071387141942978}
{"epoch": 44, "train_loss": 0.40156525125106174, "val_loss": 0.5096989224354426, "best_epoch": 43, "best_val_loss": 0.5071387141942978}
{"epoch": 45, "train_loss": 0.39979493618011475, "val_loss": 0.5076685597499212, "best_epoch": 43, "best_val_loss": 0.5071387141942978}
{"epoch": 46, "train_loss": 0.40106582393248874, "val_loss": 0.5088841716448466, "best_epoch": 43, "best_val_loss": 0.5071387141942978}
{"epoch": 47, "train_loss": 0.40411413212617237, "val_loss": 0.5125783185164133, "best_epoch": 43, "best_val_loss": 0.5071387141942978}
{"epoch": 48, "train_loss": 0.40391014516353607, "val_loss": 0.505120520790418, "best_epoch": 48, "best_val_loss": 0.505120520790418}
{"epoch": 49, "train_loss": 0.403450571000576, "val_loss": 0.5075600991646448, "best_epoch": 48, "best_val_loss": 0.505120520790418}
{"epoch": 50, "train_loss": 0.4022434900204341, "val_loss": 0.5066175758838654, "best_epoch": 48, "best_val_loss": 0.505120520790418}
