{"total_training_time": 13.139568090438843, "train_loss": [null, 0.8704264362653097, 0.7875823279221853, 0.7429530868927637, 0.7008285721143087, 0.5977141136924425, 0.5486073444286982, 0.5194859057664871, 0.5053756435712179, 0.49320297439893085, 0.4836496909459432, 0.47640469918648404, 0.4685025115807851, 0.4634012480576833, 0.45756494253873825, 0.4514397233724594, 0.44914887348810834, 0.445852758983771, 0.442154402534167, 0.43975234776735306, 0.4516530781984329, 0.4415227646629016, 0.43911035855611164, 0.4284942050774892, 0.42444899926582974, 0.4218934699892998, 0.4220753212769826, 0.426165630420049, 0.4173467929164569, 0.4191150590777397, 0.4180790111422539, 0.4140382508436839, 0.4126555100083351, 0.4144506976008415, 0.41090239336093265, 0.4097415506839752, 0.4082003061970075, 0.40556936462720233, 0.4037233218550682, 0.4040133034189542, 0.40569022794564563, 0.40259116639693576, 0.40593359619379044, 0.405280922849973, 0.40156525125106174, 0.39979493618011475, 0.40106582393248874, 0.40411413212617237, 0.40391014516353607, 0.403450571000576, 0.4022434900204341], "val_loss": [0.9256319403648376, 0.7863024969895681, 0.761986126502355, 0.7397311528523763, 0.6900649964809418, 0.5820459326108297, 0.5692322502533594, 0.5549622674783071, 0.5425975074370702, 0.5353591293096542, 0.5347490807374319, 0.5361674726009369, 0.5319403111934662, 0.5227987517913183, 0.5241258591413498, 0.524839053551356, 0.5224282294511795, 0.5247919261455536, 0.5255464017391205, 0.5281841059525808, 0.529800479610761, 0.5212958753108978, 0.5242804636557897, 0.5157014479239782, 0.518238753080368, 0.5158053040504456, 0.5217878222465515, 0.5189993480841318, 0.5179915179808935, 0.520965650677681, 0.5229762345552444, 0.5132413158814112, 0.5141670604546865, 0.5211351066827774, 0.5131286084651947, 0.5120597432057062, 0.5121908386548361, 0.5115968982378641, 0.5090439120928446, 0.5138048181931177, 0.5164625296990076, 0.5126868337392807, 0.5072084367275238, 0.5071387141942978, 0.5096989224354426, 0.5076685597499212, 0.5088841716448466, 0.5125783185164133, 0.505120520790418, 0.5075600991646448, 0.5066175758838654], "best_validation_epoch": 48}