{"epoch": 0, "train_loss": null, "val_loss": 1.6904007004840034, "best_epoch": 0, "best_val_loss": 1.6904007004840034}
{"epoch": 1, "train_loss": 1.040986454486847, "val_loss": 0.888364206467356, "best_epoch": 1, "best_val_loss": 0.888364206467356}
{"epoch": 2, "train_loss": 0.8447647869586945, "val_loss": 0.8328646027616092, "best_epoch": 2, "best_val_loss": 0.8328646027616092}
{"epoch": 3, "train_loss": 0.7850025108882359, "val_loss": 0.7873845707092967, "best_epoch": 3, "best_val_loss": 0.7873845707092967}
{"epoch": 4, "train_loss": 0.7489999328340803, "val_loss": 0.7314372775810105, "best_epoch": 4, "best_val_loss": 0.7314372775810105}
{"epoch": 5, "train_loss": 0.7191501251288823, "val_loss": 0.7039639981729644, "best_epoch": 5, "best_val_loss": 0.7039639981729644}
{"epoch": 6, "train_loss": 0.6939534400190626, "val_loss": 0.6852328452680793, "best_epoch": 6, "best_val_loss": 0.6852328452680793}
{"epoch": 7, "train_loss": 0.6786562464066914, "val_loss": 0.6720512397587299, "best_epoch": 7, "best_val_loss": 0.6720512397587299}
{"epoch": 8, "train_loss": 0.6622185098273413, "val_loss": 0.6686258097844464, "best_epoch": 8, "best_val_loss": 0.6686258097844464}
{"epoch": 9, "train_loss": 0.6519165422235217, "val_loss": 0.6564278820795673, "best_epoch": 9, "best_val_loss": 0.6564278820795673}
{"epoch": 10, "train_loss": 0.6440583923033305, "val_loss": 0.6575015735413346, "best_epoch": 9, "best_val_loss": 0.6564278820795673}
{"epoch": 11, "train_loss": 0.6350206800869533, "val_loss": 0.6561971769801208, "best_epoch": 11, "best_val_loss": 0.6561971769801208}
{"epoch": 12, "train_loss": 0.6343512109347752, "val_loss": 0.6501407234796456, "best_epoch": 12, "best_val_loss": 0.6501407234796456}
{"epoch": 13, "train_loss": 0.6281368289675031, "val_loss": 0.6556423934442657, "best_epoch": 12, "best_val_loss": 0.6501407234796456}
{"epoch": 14, "train_loss": 0.6308273826326642, "val_loss": 0.644935913916145, "best_epoch": 14, "best_val_loss": 0.644935913916145}
{"epoch": 15, "train_loss": 0.6274171284266881, "val_loss": 0.6407098025083542, "best_epoch": 15, "best_val_loss": 0.6407098025083542}
