{"total_training_time": 29.545782566070557, "train_loss": [null, 1.040986454486847, 0.8447647869586945, 0.7850025108882359, 0.7489999328340803, 0.7191501251288823, 0.6939534400190626, 0.6786562464066914, 0.6622185098273413, 0.6519165422235217, 0.6440583923033305, 0.6350206800869533, 0.6343512109347752, 0.6281368289675031, 0.6308273826326642, 0.6274171284266881], "val_loss": [1.6904007004840034, 0.888364206467356, 0.8328646027616092, 0.7873845707092967, 0.7314372775810105, 0.7039639981729644, 0.6852328452680793, 0.6720512397587299, 0.6686258097844464, 0.6564278820795673, 0.6575015735413346, 0.6561971769801208, 0.6501407234796456, 0.6556423934442657, 0.644935913916145, 0.6407098025083542], "best_validation_epoch": 15}