{"epoch": 0, "train_loss": null, "val_loss": 1.9724716742833455, "best_epoch": 0, "best_val_loss": 1.9724716742833455}
{"epoch": 1, "train_loss": 1.9031292100747426, "val_loss": 1.8101290067036946, "best_epoch": 1, "best_val_loss": 1.8101290067036946}
{"epoch": 2, "train_loss": 1.7318980594476063, "val_loss": 1.6223716735839844, "best_epoch": 2, "best_val_loss": 1.6223716735839844}
{"epoch": 3, "train_loss": 1.5629169344902039, "val_loss": 1.5076146523157756, "best_epoch": 3, "best_val_loss": 1.5076146523157756}
{"epoch": 4, "train_loss": 1.4973724981149037, "val_loss": 1.486863334973653, "best_epoch": 4, "best_val_loss": 1.486863334973653}
{"epoch": 5, "train_loss": 1.4816255072752635, "val_loss": 1.4658976793289185, "best_epoch": 5, "best_val_loss": 1.4658976793289185}
{"epoch": 6, "train_loss": 1.453424831231435, "val_loss": 1.4389205972353618, "best_epoch": 6, "best_val_loss": 1.4389205972353618}
{"epoch": 7, "train_loss": 1.4335749646027882, "val_loss": 1.431481917699178, "best_epoch": 7, "best_val_loss": 1.431481917699178}
{"epoch": 8, "train_loss": 1.431974043448766, "val_loss": 1.432697017987569, "best_epoch": 7, "best_val_loss": 1.431481917699178}
{"epoch": 9, "train_loss": 1.430795540412267, "val_loss": 1.4293051759401958, "best_epoch": 9, "best_val_loss": 1.4293051759401958}
{"epoch": 10, "train_loss": 1.4287805358568828, "val_loss": 1.431618094444275, "best_epoch": 9, "best_val_loss": 1.4293051759401958}
{"epoch": 11, "train_loss": 1.4311012427012126, "val_loss": 1.4287510514259338, "best_epoch": 11, "best_val_loss": 1.4287510514259338}
{"epoch": 12, "train_loss": 1.4324491222699482, "val_loss": 1.4286542733510335, "best_epoch": 12, "best_val_loss": 1.4286542733510335}
{"epoch": 13, "train_loss": 1.429402897755305, "val_loss": 1.4302073915799458, "best_epoch": 12, "best_val_loss": 1.4286542733510335}
{"epoch": 14, "train_loss": 1.4285676876703899, "val_loss": 1.4287550052007039, "best_epoch": 12, "best_val_loss": 1.4286542733510335}
{"epoch": 15, "train_loss": 1.4297378460566204, "val_loss": 1.4323224822680156, "best_epoch": 12, "best_val_loss": 1.4286542733510335}
{"epoch": 16, "train_loss": 1.4323646028836567, "val_loss": 1.4284756779670715, "best_epoch": 16, "best_val_loss": 1.4284756779670715}
{"epoch": 17, "train_loss": 1.429036905368169, "val_loss": 1.4338109294573467, "best_epoch": 16, "best_val_loss": 1.4284756779670715}
{"epoch": 18, "train_loss": 1.428676684697469, "val_loss": 1.4310568769772847, "best_epoch": 16, "best_val_loss": 1.4284756779670715}
{"epoch": 19, "train_loss": 1.4309113919734955, "val_loss": 1.4297246932983398, "best_epoch": 16, "best_val_loss": 1.4284756779670715}
{"epoch": 20, "train_loss": 1.428989291191101, "val_loss": 1.4311481912930806, "best_epoch": 16, "best_val_loss": 1.4284756779670715}
{"epoch": 21, "train_loss": 1.4300854007403057, "val_loss": 1.4296720425287883, "best_epoch": 16, "best_val_loss": 1.4284756779670715}
{"epoch": 22, "train_loss": 1.4306734204292297, "val_loss": 1.4282411932945251, "best_epoch": 22, "best_val_loss": 1.4282411932945251}
{"epoch": 23, "train_loss": 1.4307281176249187, "val_loss": 1.4302088419596355, "best_epoch": 22, "best_val_loss": 1.4282411932945251}
{"epoch": 24, "train_loss": 1.4298785328865051, "val_loss": 1.4319960077603657, "best_epoch": 22, "best_val_loss": 1.4282411932945251}
{"epoch": 25, "train_loss": 1.4274689455827076, "val_loss": 1.4280251661936443, "best_epoch": 25, "best_val_loss": 1.4280251661936443}
{"epoch": 26, "train_loss": 1.4279635846614838, "val_loss": 1.431062360604604, "best_epoch": 25, "best_val_loss": 1.4280251661936443}
{"epoch": 27, "train_loss": 1.4275749325752258, "val_loss": 1.4288676579793294, "best_epoch": 25, "best_val_loss": 1.4280251661936443}
{"epoch": 28, "train_loss": 1.429792881011963, "val_loss": 1.4286911487579346, "best_epoch": 25, "best_val_loss": 1.4280251661936443}
{"epoch": 29, "train_loss": 1.4315635164578755, "val_loss": 1.4293717940648396, "best_epoch": 25, "best_val_loss": 1.4280251661936443}
{"epoch": 30, "train_loss": 1.4294087290763855, "val_loss": 1.4325039585431416, "best_epoch": 25, "best_val_loss": 1.4280251661936443}
