{"total_training_time": 7.7596352100372314, "train_loss": [null, 1.9031292100747426, 1.7318980594476063, 1.5629169344902039, 1.4973724981149037, 1.4816255072752635, 1.453424831231435, 1.4335749646027882, 1.431974043448766, 1.430795540412267, 1.4287805358568828, 1.4311012427012126, 1.4324491222699482, 1.429402897755305, 1.4285676876703899, 1.4297378460566204, 1.4323646028836567, 1.429036905368169, 1.428676684697469, 1.4309113919734955, 1.428989291191101, 1.4300854007403057, 1.4306734204292297, 1.4307281176249187, 1.4298785328865051, 1.4274689455827076, 1.4279635846614838, 1.4275749325752258, 1.429792881011963, 1.4315635164578755, 1.4294087290763855], "val_loss": [1.9724716742833455, 1.8101290067036946, 1.6223716735839844, 1.5076146523157756, 1.486863334973653, 1.4658976793289185, 1.4389205972353618, 1.431481917699178, 1.432697017987569, 1.4293051759401958, 1.431618094444275, 1.4287510514259338, 1.4286542733510335, 1.4302073915799458, 1.4287550052007039, 1.4323224822680156, 1.4284756779670715, 1.4338109294573467, 1.4310568769772847, 1.4297246932983398, 1.4311481912930806, 1.4296720425287883, 1.4282411932945251, 1.4302088419596355, 1.4319960077603657, 1.4280251661936443, 1.431062360604604, 1.4288676579793294, 1.4286911487579346, 1.4293717940648396, 1.4325039585431416], "best_validation_epoch": 25}