{"epoch": 0, "train_loss": null, "val_loss": 0.9795432190100352, "best_epoch": 0, "best_val_loss": 0.9795432190100352}
{"epoch": 1, "train_loss": 0.8942395001649857, "val_loss": 0.7255108257134756, "best_epoch": 1, "best_val_loss": 0.7255108257134756}
{"epoch": 2, "train_loss": 0.4964200754960378, "val_loss": 0.2710348467032115, "best_epoch": 2, "best_val_loss": 0.2710348467032115}
{"epoch": 3, "train_loss": 0.20786915719509125, "val_loss": 0.15616132567326227, "best_epoch": 3, "best_val_loss": 0.15616132567326227}
{"epoch": 4, "train_loss": 0.1192189712698261, "val_loss": 0.10594318217287461, "best_epoch": 4, "best_val_loss": 0.10594318217287461}
{"epoch": 5, "train_loss": 0.08938617814177026, "val_loss": 0.09374560920211177, "best_epoch": 5, "best_val_loss": 0.09374560920211177}
{"epoch": 6, "train_loss": 0.0806160361195604, "val_loss": 0.08904117687294881, "best_epoch": 6, "best_val_loss": 0.08904117687294881}
{"epoch": 7, "train_loss": 0.07743681590848912, "val_loss": 0.08605979774923374, "best_epoch": 7, "best_val_loss": 0.08605979774923374}
{"epoch": 8, "train_loss": 0.07546739636260706, "val_loss": 0.08294885236925136, "best_epoch": 8, "best_val_loss": 0.08294885236925136}
{"epoch": 9, "train_loss": 0.07426608054083772, "val_loss": 0.08182474844700967, "best_epoch": 9, "best_val_loss": 0.08182474844700967}
{"epoch": 10, "train_loss": 0.07344351208303124, "val_loss": 0.08138811023673043, "best_epoch": 10, "best_val_loss": 0.08138811023673043}
{"epoch": 11, "train_loss": 0.07240642749820836, "val_loss": 0.08052367325096081, "best_epoch": 11, "best_val_loss": 0.08052367325096081}
{"epoch": 12, "train_loss": 0.07185089490182388, "val_loss": 0.07891784502620187, "best_epoch": 12, "best_val_loss": 0.07891784502620187}
{"epoch": 13, "train_loss": 0.07104268972761929, "val_loss": 0.07590615767791557, "best_epoch": 13, "best_val_loss": 0.07590615767791557}
{"epoch": 14, "train_loss": 0.07053458685307608, "val_loss": 0.07461036203312688, "best_epoch": 14, "best_val_loss": 0.07461036203312688}
{"epoch": 15, "train_loss": 0.0702378259205337, "val_loss": 0.07422872383419114, "best_epoch": 15, "best_val_loss": 0.07422872383419114}
{"epoch": 16, "train_loss": 0.07001023866178002, "val_loss": 0.07386600538544978, "best_epoch": 16, "best_val_loss": 0.07386600538544978}
{"epoch": 17, "train_loss": 0.0698391059122514, "val_loss": 0.07363701671905194, "best_epoch": 17, "best_val_loss": 0.07363701671905194}
{"epoch": 18, "train_loss": 0.06969368594582193, "val_loss": 0.07348596747033298, "best_epoch": 18, "best_val_loss": 0.07348596747033298}
{"epoch": 19, "train_loss": 0.06957464483760607, "val_loss": 0.07333593444006208, "best_epoch": 19, "best_val_loss": 0.07333593444006208}
{"epoch": 20, "train_loss": 0.0694694092356561, "val_loss": 0.07319913755054586, "best_epoch": 20, "best_val_loss": 0.07319913755054586}
{"epoch": 21, "train_loss": 0.06937774797552265, "val_loss": 0.07309231803325626, "best_epoch": 21, "best_val_loss": 0.07309231803325626}
{"epoch": 22, "train_loss": 0.06929708834165164, "val_loss": 0.07300076832567963, "best_epoch": 22, "best_val_loss": 0.07300076832567963}
{"epoch": 23, "train_loss": 0.06922771202516742, "val_loss": 0.07291383461658067, "best_epoch": 23, "best_val_loss": 0.07291383461658067}
{"epoch": 24, "train_loss": 0.06916452243846531, "val_loss": 0.07283498353596467, "best_epoch": 24, "best_val_loss": 0.07283498353596467}
{"epoch": 25, "train_loss": 0.06910685950667055, "val_loss": 0.07277056314827253, "best_epoch": 25, "best_val_loss": 0.07277056314827253}
{"epoch": 26, "train_loss": 0.06905654217795625, "val_loss": 0.07270783452743974, "best_epoch": 26, "best_val_loss": 0.07270783452743974}
{"epoch": 27, "train_loss": 0.06900953271542676, "val_loss": 0.07264677522471175, "best_epoch": 27, "best_val_loss": 0.07264677522471175}
{"epoch": 28, "train_loss": 0.06896559342809876, "val_loss": 0.07259755233826581, "best_epoch": 28, "best_val_loss": 0.07259755233826581}
{"epoch": 29, "train_loss": 0.06892741128103808, "val_loss": 0.0725549565977417, "best_epoch": 29, "best_val_loss": 0.0725549565977417}
{"epoch": 30, "train_loss": 0.06889314245563583, "val_loss": 0.07251300429925323, "best_epoch": 30, "best_val_loss": 0.07251300429925323}
{"epoch": 31, "train_loss": 0.0688613897000323, "val_loss": 0.07247087077606314, "best_epoch": 31, "best_val_loss": 0.07247087077606314}
{"epoch": 32, "train_loss": 0.06883204016897555, "val_loss": 0.07243561484938255, "best_epoch": 32, "best_val_loss": 0.07243561484938255}
{"epoch": 33, "train_loss": 0.06880483963201793, "val_loss": 0.07240328715852229, "best_epoch": 33, "best_val_loss": 0.07240328715852229}
{"epoch": 34, "train_loss": 0.06877990995781147, "val_loss": 0.07237315841969878, "best_epoch": 34, "best_val_loss": 0.07237315841969878}
{"epoch": 35, "train_loss": 0.06875693243273417, "val_loss": 0.07234353701642249, "best_epoch": 35, "best_val_loss": 0.07234353701642249}
{"epoch": 36, "train_loss": 0.06873484637253569, "val_loss": 0.07231934529894109, "best_epoch": 36, "best_val_loss": 0.07231934529894109}
{"epoch": 37, "train_loss": 0.06871548781903887, "val_loss": 0.07229464108725854, "best_epoch": 37, "best_val_loss": 0.07229464108725854}
{"epoch": 38, "train_loss": 0.0686966639077582, "val_loss": 0.0722698809307379, "best_epoch": 38, "best_val_loss": 0.0722698809307379}
{"epoch": 39, "train_loss": 0.06867919352953322, "val_loss": 0.07224789377020595, "best_epoch": 39, "best_val_loss": 0.07224789377020595}
{"epoch": 40, "train_loss": 0.06866250449335591, "val_loss": 0.07223001116653904, "best_epoch": 40, "best_val_loss": 0.07223001116653904}
{"epoch": 41, "train_loss": 0.06864771133708321, "val_loss": 0.07221165669034235, "best_epoch": 41, "best_val_loss": 0.07221165669034235}
{"epoch": 42, "train_loss": 0.0686332378603159, "val_loss": 0.07219260207906093, "best_epoch": 42, "best_val_loss": 0.07219260207906093}
{"epoch": 43, "train_loss": 0.06861968701984249, "val_loss": 0.07217515235970495, "best_epoch": 43, "best_val_loss": 0.07217515235970495}
{"epoch": 44, "train_loss": 0.06860678157196769, "val_loss": 0.07216131664123775, "best_epoch": 44, "best_val_loss": 0.07216131664123775}
{"epoch": 45, "train_loss": 0.06859518956055884, "val_loss": 0.0721470221784936, "best_epoch": 45, "best_val_loss": 0.0721470221784936}
{"epoch": 46, "train_loss": 0.06858386250920982, "val_loss": 0.072131755167599, "best_epoch": 46, "best_val_loss": 0.072131755167599}
{"epoch": 47, "train_loss": 0.06857317993126344, "val_loss": 0.07211780281189324, "best_epoch": 47, "best_val_loss": 0.07211780281189324}
{"epoch": 48, "train_loss": 0.06856296660953376, "val_loss": 0.07210603276325855, "best_epoch": 48, "best_val_loss": 0.07210603276325855}
{"epoch": 49, "train_loss": 0.06855339802010955, "val_loss": 0.07209489002949947, "best_epoch": 49, "best_val_loss": 0.07209489002949947}
{"epoch": 50, "train_loss": 0.06854446320115433, "val_loss": 0.07208395016520323, "best_epoch": 50, "best_val_loss": 0.07208395016520323}
