{"total_training_time": 7.546855926513672, "train_loss": [null, 0.8942395001649857, 0.4964200754960378, 0.20786915719509125, 0.1192189712698261, 0.08938617814177026, 0.0806160361195604, 0.07743681590848912, 0.07546739636260706, 0.07426608054083772, 0.07344351208303124, 0.07240642749820836, 0.07185089490182388, 0.07104268972761929, 0.07053458685307608, 0.0702378259205337, 0.07001023866178002, 0.0698391059122514, 0.06969368594582193, 0.06957464483760607, 0.0694694092356561, 0.06937774797552265, 0.06929708834165164, 0.06922771202516742, 0.06916452243846531, 0.06910685950667055, 0.06905654217795625, 0.06900953271542676, 0.06896559342809876, 0.06892741128103808, 0.06889314245563583, 0.0688613897000323, 0.06883204016897555, 0.06880483963201793, 0.06877990995781147, 0.06875693243273417, 0.06873484637253569, 0.06871548781903887, 0.0686966639077582, 0.06867919352953322, 0.06866250449335591, 0.06864771133708321, 0.0686332378603159, 0.06861968701984249, 0.06860678157196769, 0.06859518956055884, 0.06858386250920982, 0.06857317993126344, 0.06856296660953376, 0.06855339802010955, 0.06854446320115433], "val_loss": [0.9795432190100352, 0.7255108257134756, 0.2710348467032115, 0.15616132567326227, 0.10594318217287461, 0.09374560920211177, 0.08904117687294881, 0.08605979774923374, 0.08294885236925136, 0.08182474844700967, 0.08138811023673043, 0.08052367325096081, 0.07891784502620187, 0.07590615767791557, 0.07461036203312688, 0.07422872383419114, 0.07386600538544978, 0.07363701671905194, 0.07348596747033298, 0.07333593444006208, 0.07319913755054586, 0.07309231803325626, 0.07300076832567963, 0.07291383461658067, 0.07283498353596467, 0.07277056314827253, 0.07270783452743974, 0.07264677522471175, 0.07259755233826581, 0.0725549565977417, 0.07251300429925323, 0.07247087077606314, 0.07243561484938255, 0.07240328715852229, 0.07237315841969878, 0.07234353701642249, 0.07231934529894109, 0.07229464108725854, 0.0722698809307379, 0.07224789377020595, 0.07223001116653904, 0.07221165669034235, 0.07219260207906093, 0.07217515235970495, 0.07216131664123775, 0.0721470221784936, 0.072131755167599, 0.07211780281189324, 0.07210603276325855, 0.07209489002949947, 0.07208395016520323], "best_validation_epoch": 50}