{"epoch": 0, "train_loss": null, "val_loss": 10.606555408619819, "best_epoch": 0, "best_val_loss": 10.606555408619819}
{"epoch": 1, "train_loss": 1.1604617879745809, "val_loss": 0.8179621430153542, "best_epoch": 1, "best_val_loss": 0.8179621430153542}
{"epoch": 2, "train_loss": 0.7476722126311445, "val_loss": 0.7019743760849567, "best_epoch": 2, "best_val_loss": 0.7019743760849567}
{"epoch": 3, "train_loss": 0.6543961817913867, "val_loss": 0.627224354747128, "best_epoch": 3, "best_val_loss": 0.627224354747128}
{"epoch": 4, "train_loss": 0.5974818590473622, "val_loss": 0.5664694046086454, "best_epoch": 4, "best_val_loss": 0.5664694046086454}
{"epoch": 5, "train_loss": 0.5479260962060157, "val_loss": 0.5424931098489051, "best_epoch": 5, "best_val_loss": 0.5424931098489051}
{"epoch": 6, "train_loss": 0.526198702923795, "val_loss": 0.5293977562575898, "best_epoch": 6, "best_val_loss": 0.5293977562575898}
{"epoch": 7, "train_loss": 0.509558908038951, "val_loss": 0.5129579997601661, "best_epoch": 7, "best_val_loss": 0.5129579997601661}
{"epoch": 8, "train_loss": 0.5031118465864912, "val_loss": 0.5091580590827668, "best_epoch": 8, "best_val_loss": 0.5091580590827668}
{"epoch": 9, "train_loss": 0.499519060330188, "val_loss": 0.5046448948535514, "best_epoch": 9, "best_val_loss": 0.5046448948535514}
{"epoch": 10, "train_loss": 0.49628273933491807, "val_loss": 0.5019783873824363, "best_epoch": 10, "best_val_loss": 0.5019783873824363}
{"epoch": 11, "train_loss": 0.49163687387679483, "val_loss": 0.4964977599521901, "best_epoch": 11, "best_val_loss": 0.4964977599521901}
{"epoch": 12, "train_loss": 0.48946769757473724, "val_loss": 0.5005609047539691, "best_epoch": 11, "best_val_loss": 0.4964977599521901}
{"epoch": 13, "train_loss": 0.48751839107655465, "val_loss": 0.49749247896227433, "best_epoch": 11, "best_val_loss": 0.4964977599521901}
{"epoch": 14, "train_loss": 0.48786828327686227, "val_loss": 0.49856199252795663, "best_epoch": 11, "best_val_loss": 0.4964977599521901}
{"epoch": 15, "train_loss": 0.4852105037329045, "val_loss": 0.4911999157134523, "best_epoch": 15, "best_val_loss": 0.4911999157134523}
{"epoch": 16, "train_loss": 0.48579912084214233, "val_loss": 0.49649047169913635, "best_epoch": 15, "best_val_loss": 0.4911999157134523}
{"epoch": 17, "train_loss": 0.4842922250007061, "val_loss": 0.49648281075852985, "best_epoch": 15, "best_val_loss": 0.4911999157134523}
{"epoch": 18, "train_loss": 0.4796016936606549, "val_loss": 0.48726807185944093, "best_epoch": 18, "best_val_loss": 0.48726807185944093}
{"epoch": 19, "train_loss": 0.4784890867928241, "val_loss": 0.4852856457867521, "best_epoch": 19, "best_val_loss": 0.4852856457867521}
{"epoch": 20, "train_loss": 0.47871417295425495, "val_loss": 0.49050292769011034, "best_epoch": 19, "best_val_loss": 0.4852856457867521}
{"epoch": 21, "train_loss": 0.48137168865254587, "val_loss": 0.4862905552095555, "best_epoch": 19, "best_val_loss": 0.4852856457867521}
{"epoch": 22, "train_loss": 0.47862970733896215, "val_loss": 0.4907199241062428, "best_epoch": 19, "best_val_loss": 0.4852856457867521}
{"epoch": 23, "train_loss": 0.4802153833368991, "val_loss": 0.49373418267102953, "best_epoch": 19, "best_val_loss": 0.4852856457867521}
{"epoch": 24, "train_loss": 0.47090252542749367, "val_loss": 0.4770141702858692, "best_epoch": 24, "best_val_loss": 0.4770141702858692}
{"epoch": 25, "train_loss": 0.46983855563275356, "val_loss": 0.4816902657931155, "best_epoch": 24, "best_val_loss": 0.4770141702858692}
{"epoch": 26, "train_loss": 0.47039524792356696, "val_loss": 0.47935661047380024, "best_epoch": 24, "best_val_loss": 0.4770141702858692}
{"epoch": 27, "train_loss": 0.46954561846053344, "val_loss": 0.4840535712527468, "best_epoch": 24, "best_val_loss": 0.4770141702858692}
{"epoch": 28, "train_loss": 0.46828199631356177, "val_loss": 0.47925253434384124, "best_epoch": 24, "best_val_loss": 0.4770141702858692}
{"epoch": 29, "train_loss": 0.46994124689000716, "val_loss": 0.487035066602712, "best_epoch": 24, "best_val_loss": 0.4770141702858692}
{"epoch": 30, "train_loss": 0.47461235567610316, "val_loss": 0.4925066260422798, "best_epoch": 24, "best_val_loss": 0.4770141702858692}
{"epoch": 31, "train_loss": 0.4736339226682135, "val_loss": 0.4851032220461267, "best_epoch": 24, "best_val_loss": 0.4770141702858692}
{"epoch": 32, "train_loss": 0.47067092638066477, "val_loss": 0.4777137194066606, "best_epoch": 24, "best_val_loss": 0.4770141702858692}
{"epoch": 33, "train_loss": 0.4698239566797906, "val_loss": 0.47670563785953723, "best_epoch": 33, "best_val_loss": 0.47670563785953723}
{"epoch": 34, "train_loss": 0.4683263431204126, "val_loss": 0.48116842570140006, "best_epoch": 33, "best_val_loss": 0.47670563785953723}
{"epoch": 35, "train_loss": 0.46820289353106886, "val_loss": 0.47664826268211324, "best_epoch": 35, "best_val_loss": 0.47664826268211324}
{"epoch": 36, "train_loss": 0.4704114809315255, "val_loss": 0.4806150000621664, "best_epoch": 35, "best_val_loss": 0.47664826268211324}
{"epoch": 37, "train_loss": 0.47092197632535976, "val_loss": 0.4797445658515108, "best_epoch": 35, "best_val_loss": 0.47664826268211324}
{"epoch": 38, "train_loss": 0.4693798725909375, "val_loss": 0.4791941929687845, "best_epoch": 35, "best_val_loss": 0.47664826268211324}
{"epoch": 39, "train_loss": 0.4715723194340442, "val_loss": 0.4841221607428916, "best_epoch": 35, "best_val_loss": 0.47664826268211324}
{"epoch": 40, "train_loss": 0.47306775393638206, "val_loss": 0.48935228839833683, "best_epoch": 35, "best_val_loss": 0.47664826268211324}
{"epoch": 41, "train_loss": 0.46931871099674954, "val_loss": 0.4823337133894575, "best_epoch": 35, "best_val_loss": 0.47664826268211324}
{"epoch": 42, "train_loss": 0.46906840040328657, "val_loss": 0.47700454714767476, "best_epoch": 35, "best_val_loss": 0.47664826268211324}
{"epoch": 43, "train_loss": 0.46857562299738537, "val_loss": 0.47519417289406696, "best_epoch": 43, "best_val_loss": 0.47519417289406696}
{"epoch": 44, "train_loss": 0.4699770392889672, "val_loss": 0.4865154673920033, "best_epoch": 43, "best_val_loss": 0.47519417289406696}
{"epoch": 45, "train_loss": 0.4747012473167257, "val_loss": 0.48569785827334894, "best_epoch": 43, "best_val_loss": 0.47519417289406696}
{"epoch": 46, "train_loss": 0.4703354565387077, "val_loss": 0.48230610280594927, "best_epoch": 43, "best_val_loss": 0.47519417289406696}
{"epoch": 47, "train_loss": 0.4672804082961793, "val_loss": 0.4767945121894491, "best_epoch": 43, "best_val_loss": 0.47519417289406696}
{"epoch": 48, "train_loss": 0.466599240899086, "val_loss": 0.4784057210100458, "best_epoch": 43, "best_val_loss": 0.47519417289406696}
{"epoch": 49, "train_loss": 0.4656947326786975, "val_loss": 0.47790146286183216, "best_epoch": 43, "best_val_loss": 0.47519417289406696}
{"epoch": 50, "train_loss": 0.46562253699657763, "val_loss": 0.4864456273932406, "best_epoch": 43, "best_val_loss": 0.47519417289406696}
