{"total_training_time": 796.4366493225098, "train_loss": [null, 1.1604617879745809, 0.7476722126311445, 0.6543961817913867, 0.5974818590473622, 0.5479260962060157, 0.526198702923795, 0.509558908038951, 0.5031118465864912, 0.499519060330188, 0.49628273933491807, 0.49163687387679483, 0.48946769757473724, 0.48751839107655465, 0.48786828327686227, 0.4852105037329045, 0.48579912084214233, 0.4842922250007061, 0.4796016936606549, 0.4784890867928241, 0.47871417295425495, 0.48137168865254587, 0.47862970733896215, 0.4802153833368991, 0.47090252542749367, 0.46983855563275356, 0.47039524792356696, 0.46954561846053344, 0.46828199631356177, 0.46994124689000716, 0.47461235567610316, 0.4736339226682135, 0.47067092638066477, 0.4698239566797906, 0.4683263431204126, 0.46820289353106886, 0.4704114809315255, 0.47092197632535976, 0.4693798725909375, 0.4715723194340442, 0.47306775393638206, 0.46931871099674954, 0.46906840040328657, 0.46857562299738537, 0.4699770392889672, 0.4747012473167257, 0.4703354565387077, 0.4672804082961793, 0.466599240899086, 0.4656947326786975, 0.46562253699657763], "val_loss": [10.606555408619819, 0.8179621430153542, 0.7019743760849567, 0.627224354747128, 0.5664694046086454, 0.5424931098489051, 0.5293977562575898, 0.5129579997601661, 0.5091580590827668, 0.5046448948535514, 0.5019783873824363, 0.4964977599521901, 0.5005609047539691, 0.49749247896227433, 0.49856199252795663, 0.4911999157134523, 0.49649047169913635, 0.49648281075852985, 0.48726807185944093, 0.4852856457867521, 0.49050292769011034, 0.4862905552095555, 0.4907199241062428, 0.49373418267102953, 0.4770141702858692, 0.4816902657931155, 0.47935661047380024, 0.4840535712527468, 0.47925253434384124, 0.487035066602712, 0.4925066260422798, 0.4851032220461267, 0.4777137194066606, 0.47670563785953723, 0.48116842570140006, 0.47664826268211324, 0.4806150000621664, 0.4797445658515108, 0.4791941929687845, 0.4841221607428916, 0.48935228839833683, 0.4823337133894575, 0.47700454714767476, 0.47519417289406696, 0.4865154673920033, 0.48569785827334894, 0.48230610280594927, 0.4767945121894491, 0.4784057210100458, 0.47790146286183216, 0.4864456273932406], "best_validation_epoch": 43}