{"epoch": 0, "train_loss": null, "val_loss": 1.5294546882311504, "best_epoch": 0, "best_val_loss": 1.5294546882311504}
{"epoch": 1, "train_loss": 1.5280731817086537, "val_loss": 1.5411715507507324, "best_epoch": 1, "best_val_loss": 1.5411715507507324}
{"epoch": 2, "train_loss": 1.5985301236311595, "val_loss": 1.5609289407730103, "best_epoch": 1, "best_val_loss": 1.5411715507507324}
{"epoch": 3, "train_loss": 1.5496435364087422, "val_loss": 1.5561233162879944, "best_epoch": 1, "best_val_loss": 1.5411715507507324}
{"epoch": 4, "train_loss": 1.5307432015736897, "val_loss": 1.5627656976381938, "best_epoch": 1, "best_val_loss": 1.5411715507507324}
{"epoch": 5, "train_loss": 1.4998740057150524, "val_loss": 1.539669434229533, "best_epoch": 5, "best_val_loss": 1.539669434229533}
{"epoch": 6, "train_loss": 1.5570196211338043, "val_loss": 1.5022831161816914, "best_epoch": 6, "best_val_loss": 1.5022831161816914}
{"epoch": 7, "train_loss": 1.5210898419221242, "val_loss": 1.5382169286410015, "best_epoch": 6, "best_val_loss": 1.5022831161816914}
{"epoch": 8, "train_loss": 1.5945188403129578, "val_loss": 1.5124038259188335, "best_epoch": 6, "best_val_loss": 1.5022831161816914}
{"epoch": 9, "train_loss": 1.5965404113133748, "val_loss": 1.5067904591560364, "best_epoch": 6, "best_val_loss": 1.5022831161816914}
{"epoch": 10, "train_loss": 1.5237060288588207, "val_loss": 1.5795781413714092, "best_epoch": 6, "best_val_loss": 1.5022831161816914}
