{"total_training_time": 144.19682788848877, "train_loss": [null, 1.5280731817086537, 1.5985301236311595, 1.5496435364087422, 1.5307432015736897, 1.4998740057150524, 1.5570196211338043, 1.5210898419221242, 1.5945188403129578, 1.5965404113133748, 1.5237060288588207], "val_loss": [1.5294546882311504, 1.5411715507507324, 1.5609289407730103, 1.5561233162879944, 1.5627656976381938, 1.539669434229533, 1.5022831161816914, 1.5382169286410015, 1.5124038259188335, 1.5067904591560364, 1.5795781413714092], "best_validation_epoch": 6}