{"epoch": 0, "train_loss": null, "val_loss": 0.9472027023633321, "best_epoch": 0, "best_val_loss": 0.9472027023633321}
{"epoch": 1, "train_loss": 0.8161986966927847, "val_loss": 0.597136378288269, "best_epoch": 1, "best_val_loss": 0.597136378288269}
{"epoch": 2, "train_loss": 0.41684187451998395, "val_loss": 0.2653188357750575, "best_epoch": 2, "best_val_loss": 0.2653188357750575}
{"epoch": 3, "train_loss": 0.19416295923292637, "val_loss": 0.15071077148119608, "best_epoch": 3, "best_val_loss": 0.15071077148119608}
{"epoch": 4, "train_loss": 0.11248395297055443, "val_loss": 0.10630804020911455, "best_epoch": 4, "best_val_loss": 0.10630804020911455}
{"epoch": 5, "train_loss": 0.0884317927993834, "val_loss": 0.09249847277533263, "best_epoch": 5, "best_val_loss": 0.09249847277533263}
{"epoch": 6, "train_loss": 0.08085801919999842, "val_loss": 0.08830284051752339, "best_epoch": 6, "best_val_loss": 0.08830284051752339}
{"epoch": 7, "train_loss": 0.07752123141350846, "val_loss": 0.08655047713546082, "best_epoch": 7, "best_val_loss": 0.08655047713546082}
{"epoch": 8, "train_loss": 0.07554481087330107, "val_loss": 0.08543744056563203, "best_epoch": 8, "best_val_loss": 0.08543744056563203}
{"epoch": 9, "train_loss": 0.07407854207364532, "val_loss": 0.08466518821660429, "best_epoch": 9, "best_val_loss": 0.08466518821660429}
{"epoch": 10, "train_loss": 0.07261319928026448, "val_loss": 0.08381403398622449, "best_epoch": 10, "best_val_loss": 0.08381403398622449}
{"epoch": 11, "train_loss": 0.07001633232478828, "val_loss": 0.08216123593350251, "best_epoch": 11, "best_val_loss": 0.08216123593350251}
{"epoch": 12, "train_loss": 0.06822930679967006, "val_loss": 0.08079919026931748, "best_epoch": 12, "best_val_loss": 0.08079919026931748}
{"epoch": 13, "train_loss": 0.06722815360020225, "val_loss": 0.08007103877995785, "best_epoch": 13, "best_val_loss": 0.08007103877995785}
{"epoch": 14, "train_loss": 0.06642157489356275, "val_loss": 0.07808851510829602, "best_epoch": 14, "best_val_loss": 0.07808851510829602}
{"epoch": 15, "train_loss": 0.06525157149493073, "val_loss": 0.07685301190940663, "best_epoch": 15, "best_val_loss": 0.07685301190940663}
{"epoch": 16, "train_loss": 0.06462834609070948, "val_loss": 0.07652405715392281, "best_epoch": 16, "best_val_loss": 0.07652405715392281}
{"epoch": 17, "train_loss": 0.06434677849756554, "val_loss": 0.07623244234612987, "best_epoch": 17, "best_val_loss": 0.07623244234612987}
{"epoch": 18, "train_loss": 0.0641168912819315, "val_loss": 0.07597740994727549, "best_epoch": 18, "best_val_loss": 0.07597740994727549}
{"epoch": 19, "train_loss": 0.06394783630336558, "val_loss": 0.0757565792640283, "best_epoch": 19, "best_val_loss": 0.0757565792640283}
{"epoch": 20, "train_loss": 0.06381319430996275, "val_loss": 0.0755656069862501, "best_epoch": 20, "best_val_loss": 0.0755656069862501}
{"epoch": 21, "train_loss": 0.06369957329782967, "val_loss": 0.07540719782506737, "best_epoch": 21, "best_val_loss": 0.07540719782506737}
{"epoch": 22, "train_loss": 0.06360377507977925, "val_loss": 0.0752730867388891, "best_epoch": 22, "best_val_loss": 0.0752730867388891}
{"epoch": 23, "train_loss": 0.06352176865038928, "val_loss": 0.07515508992461643, "best_epoch": 23, "best_val_loss": 0.07515508992461643}
{"epoch": 24, "train_loss": 0.06345025965977887, "val_loss": 0.07505070172434596, "best_epoch": 24, "best_val_loss": 0.07505070172434596}
{"epoch": 25, "train_loss": 0.06338820859309635, "val_loss": 0.07495835850325723, "best_epoch": 25, "best_val_loss": 0.07495835850325723}
{"epoch": 26, "train_loss": 0.06333279590883951, "val_loss": 0.07487459345914733, "best_epoch": 26, "best_val_loss": 0.07487459345914733}
{"epoch": 27, "train_loss": 0.06328342772030737, "val_loss": 0.07479842411218367, "best_epoch": 27, "best_val_loss": 0.07479842411218367}
{"epoch": 28, "train_loss": 0.06323962655490807, "val_loss": 0.0747291004396781, "best_epoch": 28, "best_val_loss": 0.0747291004396781}
{"epoch": 29, "train_loss": 0.06319955683284206, "val_loss": 0.07466615917655872, "best_epoch": 29, "best_val_loss": 0.07466615917655872}
{"epoch": 30, "train_loss": 0.06316369609218479, "val_loss": 0.0746092492142149, "best_epoch": 30, "best_val_loss": 0.0746092492142149}
{"epoch": 31, "train_loss": 0.0631306490310332, "val_loss": 0.07455676769071336, "best_epoch": 31, "best_val_loss": 0.07455676769071336}
{"epoch": 32, "train_loss": 0.06310076604070976, "val_loss": 0.07450832568429178, "best_epoch": 32, "best_val_loss": 0.07450832568429178}
{"epoch": 33, "train_loss": 0.06307323421848803, "val_loss": 0.0744638885371387, "best_epoch": 33, "best_val_loss": 0.0744638885371387}
{"epoch": 34, "train_loss": 0.0630479117013844, "val_loss": 0.0744222387499273, "best_epoch": 34, "best_val_loss": 0.0744222387499273}
{"epoch": 35, "train_loss": 0.06302459777058782, "val_loss": 0.0743836397753815, "best_epoch": 35, "best_val_loss": 0.0743836397753815}
{"epoch": 36, "train_loss": 0.06300296646259085, "val_loss": 0.07434801325507578, "best_epoch": 36, "best_val_loss": 0.07434801325507578}
{"epoch": 37, "train_loss": 0.0629829312996056, "val_loss": 0.07431535681826063, "best_epoch": 37, "best_val_loss": 0.07431535681826063}
{"epoch": 38, "train_loss": 0.06296427632029615, "val_loss": 0.07428464859791954, "best_epoch": 38, "best_val_loss": 0.07428464859791954}
{"epoch": 39, "train_loss": 0.06294692887301305, "val_loss": 0.07425473634187559, "best_epoch": 39, "best_val_loss": 0.07425473634187559}
{"epoch": 40, "train_loss": 0.06293072423007591, "val_loss": 0.07422619142501692, "best_epoch": 40, "best_val_loss": 0.07422619142501692}
{"epoch": 41, "train_loss": 0.06291556034617922, "val_loss": 0.07419896086260754, "best_epoch": 41, "best_val_loss": 0.07419896086260754}
{"epoch": 42, "train_loss": 0.06290143286484333, "val_loss": 0.07423964826618128, "best_epoch": 41, "best_val_loss": 0.07419896086260754}
{"epoch": 43, "train_loss": 0.06288808331131197, "val_loss": 0.07426081175556949, "best_epoch": 41, "best_val_loss": 0.07419896086260754}
{"epoch": 44, "train_loss": 0.06287557097251313, "val_loss": 0.07425089406751795, "best_epoch": 41, "best_val_loss": 0.07419896086260754}
{"epoch": 45, "train_loss": 0.06286382423483398, "val_loss": 0.07423176333759329, "best_epoch": 41, "best_val_loss": 0.07419896086260754}
{"epoch": 46, "train_loss": 0.06285270800920746, "val_loss": 0.07421210775404082, "best_epoch": 41, "best_val_loss": 0.07419896086260754}
{"epoch": 47, "train_loss": 0.06284221784517285, "val_loss": 0.07419235558093835, "best_epoch": 47, "best_val_loss": 0.07419235558093835}
{"epoch": 48, "train_loss": 0.06283229583974996, "val_loss": 0.07417507560057857, "best_epoch": 48, "best_val_loss": 0.07417507560057857}
{"epoch": 49, "train_loss": 0.06282269046550937, "val_loss": 0.07415679407434557, "best_epoch": 49, "best_val_loss": 0.07415679407434557}
{"epoch": 50, "train_loss": 0.06281350721413521, "val_loss": 0.0741422682992076, "best_epoch": 50, "best_val_loss": 0.0741422682992076}
