{"total_training_time": 7.360220432281494, "train_loss": [null, 0.8161986966927847, 0.41684187451998395, 0.19416295923292637, 0.11248395297055443, 0.0884317927993834, 0.08085801919999842, 0.07752123141350846, 0.07554481087330107, 0.07407854207364532, 0.07261319928026448, 0.07001633232478828, 0.06822930679967006, 0.06722815360020225, 0.06642157489356275, 0.06525157149493073, 0.06462834609070948, 0.06434677849756554, 0.0641168912819315, 0.06394783630336558, 0.06381319430996275, 0.06369957329782967, 0.06360377507977925, 0.06352176865038928, 0.06345025965977887, 0.06338820859309635, 0.06333279590883951, 0.06328342772030737, 0.06323962655490807, 0.06319955683284206, 0.06316369609218479, 0.0631306490310332, 0.06310076604070976, 0.06307323421848803, 0.0630479117013844, 0.06302459777058782, 0.06300296646259085, 0.0629829312996056, 0.06296427632029615, 0.06294692887301305, 0.06293072423007591, 0.06291556034617922, 0.06290143286484333, 0.06288808331131197, 0.06287557097251313, 0.06286382423483398, 0.06285270800920746, 0.06284221784517285, 0.06283229583974996, 0.06282269046550937, 0.06281350721413521], "val_loss": [0.9472027023633321, 0.597136378288269, 0.2653188357750575, 0.15071077148119608, 0.10630804020911455, 0.09249847277533263, 0.08830284051752339, 0.08655047713546082, 0.08543744056563203, 0.08466518821660429, 0.08381403398622449, 0.08216123593350251, 0.08079919026931748, 0.08007103877995785, 0.07808851510829602, 0.07685301190940663, 0.07652405715392281, 0.07623244234612987, 0.07597740994727549, 0.0757565792640283, 0.0755656069862501, 0.07540719782506737, 0.0752730867388891, 0.07515508992461643, 0.07505070172434596, 0.07495835850325723, 0.07487459345914733, 0.07479842411218367, 0.0747291004396781, 0.07466615917655872, 0.0746092492142149, 0.07455676769071336, 0.07450832568429178, 0.0744638885371387, 0.0744222387499273, 0.0743836397753815, 0.07434801325507578, 0.07431535681826063, 0.07428464859791954, 0.07425473634187559, 0.07422619142501692, 0.07419896086260754, 0.07423964826618128, 0.07426081175556949, 0.07425089406751795, 0.07423176333759329, 0.07421210775404082, 0.07419235558093835, 0.07417507560057857, 0.07415679407434557, 0.0741422682992076], "best_validation_epoch": 50}