{"epoch": 0, "train_loss": null, "val_loss": 0.9695518215497335, "best_epoch": 0, "best_val_loss": 0.9695518215497335}
{"epoch": 1, "train_loss": 0.8369778245687485, "val_loss": 0.6379042665163676, "best_epoch": 1, "best_val_loss": 0.6379042665163676}
{"epoch": 2, "train_loss": 0.5175696586569151, "val_loss": 0.4156533131996791, "best_epoch": 2, "best_val_loss": 0.4156533131996791}
{"epoch": 3, "train_loss": 0.34547632187604904, "val_loss": 0.25810571014881134, "best_epoch": 3, "best_val_loss": 0.25810571014881134}
{"epoch": 4, "train_loss": 0.21383859713872275, "val_loss": 0.16879942268133163, "best_epoch": 4, "best_val_loss": 0.16879942268133163}
{"epoch": 5, "train_loss": 0.14742559815446535, "val_loss": 0.12712974349657694, "best_epoch": 5, "best_val_loss": 0.12712974349657694}
{"epoch": 6, "train_loss": 0.112353324269255, "val_loss": 0.10574864782392979, "best_epoch": 6, "best_val_loss": 0.10574864782392979}
{"epoch": 7, "train_loss": 0.0938797149186333, "val_loss": 0.0938979871571064, "best_epoch": 7, "best_val_loss": 0.0938979871571064}
{"epoch": 8, "train_loss": 0.08606437873095274, "val_loss": 0.08885937184095383, "best_epoch": 8, "best_val_loss": 0.08885937184095383}
{"epoch": 9, "train_loss": 0.08221814253677924, "val_loss": 0.08586286505063374, "best_epoch": 9, "best_val_loss": 0.08586286505063374}
{"epoch": 10, "train_loss": 0.08027075634648402, "val_loss": 0.08393200176457564, "best_epoch": 10, "best_val_loss": 0.08393200176457564}
{"epoch": 11, "train_loss": 0.07925851456820965, "val_loss": 0.08301083743572235, "best_epoch": 11, "best_val_loss": 0.08301083743572235}
{"epoch": 12, "train_loss": 0.07866331127782662, "val_loss": 0.08247388837238152, "best_epoch": 12, "best_val_loss": 0.08247388837238152}
{"epoch": 13, "train_loss": 0.07825605912754934, "val_loss": 0.08207791112363338, "best_epoch": 13, "best_val_loss": 0.08207791112363338}
{"epoch": 14, "train_loss": 0.07793727982789278, "val_loss": 0.08175922930240631, "best_epoch": 14, "best_val_loss": 0.08175922930240631}
{"epoch": 15, "train_loss": 0.07763263334830602, "val_loss": 0.08148940031727155, "best_epoch": 15, "best_val_loss": 0.08148940031727155}
{"epoch": 16, "train_loss": 0.07739513088017702, "val_loss": 0.0812505471209685, "best_epoch": 16, "best_val_loss": 0.0812505471209685}
{"epoch": 17, "train_loss": 0.07722951099276543, "val_loss": 0.08105572499334812, "best_epoch": 17, "best_val_loss": 0.08105572499334812}
{"epoch": 18, "train_loss": 0.07709087120989959, "val_loss": 0.08089172032972176, "best_epoch": 18, "best_val_loss": 0.08089172032972176}
{"epoch": 19, "train_loss": 0.07697162218391895, "val_loss": 0.08075346611440182, "best_epoch": 19, "best_val_loss": 0.08075346611440182}
{"epoch": 20, "train_loss": 0.07686011989911397, "val_loss": 0.08063300450642903, "best_epoch": 20, "best_val_loss": 0.08063300450642903}
{"epoch": 21, "train_loss": 0.07603347829232614, "val_loss": 0.08052533802886803, "best_epoch": 21, "best_val_loss": 0.08052533802886803}
{"epoch": 22, "train_loss": 0.07538082264363766, "val_loss": 0.08044161647558212, "best_epoch": 22, "best_val_loss": 0.08044161647558212}
{"epoch": 23, "train_loss": 0.07516403278956811, "val_loss": 0.08034144900739193, "best_epoch": 23, "best_val_loss": 0.08034144900739193}
{"epoch": 24, "train_loss": 0.07506893668323755, "val_loss": 0.08020864116648833, "best_epoch": 24, "best_val_loss": 0.08020864116648833}
{"epoch": 25, "train_loss": 0.07499091389278571, "val_loss": 0.08012289553880692, "best_epoch": 25, "best_val_loss": 0.08012289553880692}
{"epoch": 26, "train_loss": 0.0749279943605264, "val_loss": 0.08007117609182994, "best_epoch": 26, "best_val_loss": 0.08007117609182994}
{"epoch": 27, "train_loss": 0.07487650588154793, "val_loss": 0.08002022219200929, "best_epoch": 27, "best_val_loss": 0.08002022219200929}
{"epoch": 28, "train_loss": 0.07483142707496881, "val_loss": 0.07997198837498824, "best_epoch": 28, "best_val_loss": 0.07997198837498824}
{"epoch": 29, "train_loss": 0.07479153294116259, "val_loss": 0.07992486096918583, "best_epoch": 29, "best_val_loss": 0.07992486096918583}
{"epoch": 30, "train_loss": 0.0747557741900285, "val_loss": 0.079879696170489, "best_epoch": 30, "best_val_loss": 0.079879696170489}
{"epoch": 31, "train_loss": 0.07472348834077518, "val_loss": 0.07984687015414238, "best_epoch": 31, "best_val_loss": 0.07984687015414238}
{"epoch": 32, "train_loss": 0.07469409921516974, "val_loss": 0.0798137504607439, "best_epoch": 32, "best_val_loss": 0.0798137504607439}
{"epoch": 33, "train_loss": 0.07466731561968724, "val_loss": 0.07978092133998871, "best_epoch": 33, "best_val_loss": 0.07978092133998871}
{"epoch": 34, "train_loss": 0.07464269176125526, "val_loss": 0.07975006413956483, "best_epoch": 34, "best_val_loss": 0.07975006413956483}
{"epoch": 35, "train_loss": 0.0746200941503048, "val_loss": 0.07972586279114087, "best_epoch": 35, "best_val_loss": 0.07972586279114087}
{"epoch": 36, "train_loss": 0.07459926015386979, "val_loss": 0.07970224507153034, "best_epoch": 36, "best_val_loss": 0.07970224507153034}
{"epoch": 37, "train_loss": 0.07457988491902749, "val_loss": 0.07967879871527354, "best_epoch": 37, "best_val_loss": 0.07967879871527354}
{"epoch": 38, "train_loss": 0.07456197931120793, "val_loss": 0.07966038522620995, "best_epoch": 38, "best_val_loss": 0.07966038522620995}
{"epoch": 39, "train_loss": 0.07454532322784264, "val_loss": 0.0796422151227792, "best_epoch": 39, "best_val_loss": 0.0796422151227792}
{"epoch": 40, "train_loss": 0.07452975523968537, "val_loss": 0.07962644907335441, "best_epoch": 40, "best_val_loss": 0.07962644907335441}
{"epoch": 41, "train_loss": 0.07451522381355365, "val_loss": 0.07961059920489788, "best_epoch": 41, "best_val_loss": 0.07961059920489788}
{"epoch": 42, "train_loss": 0.07450173919399579, "val_loss": 0.07960199192166328, "best_epoch": 42, "best_val_loss": 0.07960199192166328}
{"epoch": 43, "train_loss": 0.07448894965151946, "val_loss": 0.07958839771648248, "best_epoch": 43, "best_val_loss": 0.07958839771648248}
{"epoch": 44, "train_loss": 0.07447698712348938, "val_loss": 0.07957795262336731, "best_epoch": 44, "best_val_loss": 0.07957795262336731}
{"epoch": 45, "train_loss": 0.07446568707625072, "val_loss": 0.07956912058095138, "best_epoch": 45, "best_val_loss": 0.07956912058095138}
{"epoch": 46, "train_loss": 0.07445513177663088, "val_loss": 0.07956445589661598, "best_epoch": 46, "best_val_loss": 0.07956445589661598}
{"epoch": 47, "train_loss": 0.07444514116893212, "val_loss": 0.07955780749519666, "best_epoch": 47, "best_val_loss": 0.07955780749519666}
{"epoch": 48, "train_loss": 0.07443571276962757, "val_loss": 0.07955039106309414, "best_epoch": 48, "best_val_loss": 0.07955039106309414}
{"epoch": 49, "train_loss": 0.07442673109471798, "val_loss": 0.07954290385047595, "best_epoch": 49, "best_val_loss": 0.07954290385047595}
{"epoch": 50, "train_loss": 0.07441830200453599, "val_loss": 0.07953996025025845, "best_epoch": 50, "best_val_loss": 0.07953996025025845}
