{"total_training_time": 7.3517701625823975, "train_loss": [null, 0.8369778245687485, 0.5175696586569151, 0.34547632187604904, 0.21383859713872275, 0.14742559815446535, 0.112353324269255, 0.0938797149186333, 0.08606437873095274, 0.08221814253677924, 0.08027075634648402, 0.07925851456820965, 0.07866331127782662, 0.07825605912754934, 0.07793727982789278, 0.07763263334830602, 0.07739513088017702, 0.07722951099276543, 0.07709087120989959, 0.07697162218391895, 0.07686011989911397, 0.07603347829232614, 0.07538082264363766, 0.07516403278956811, 0.07506893668323755, 0.07499091389278571, 0.0749279943605264, 0.07487650588154793, 0.07483142707496881, 0.07479153294116259, 0.0747557741900285, 0.07472348834077518, 0.07469409921516974, 0.07466731561968724, 0.07464269176125526, 0.0746200941503048, 0.07459926015386979, 0.07457988491902749, 0.07456197931120793, 0.07454532322784264, 0.07452975523968537, 0.07451522381355365, 0.07450173919399579, 0.07448894965151946, 0.07447698712348938, 0.07446568707625072, 0.07445513177663088, 0.07444514116893212, 0.07443571276962757, 0.07442673109471798, 0.07441830200453599], "val_loss": [0.9695518215497335, 0.6379042665163676, 0.4156533131996791, 0.25810571014881134, 0.16879942268133163, 0.12712974349657694, 0.10574864782392979, 0.0938979871571064, 0.08885937184095383, 0.08586286505063374, 0.08393200176457564, 0.08301083743572235, 0.08247388837238152, 0.08207791112363338, 0.08175922930240631, 0.08148940031727155, 0.0812505471209685, 0.08105572499334812, 0.08089172032972176, 0.08075346611440182, 0.08063300450642903, 0.08052533802886803, 0.08044161647558212, 0.08034144900739193, 0.08020864116648833, 0.08012289553880692, 0.08007117609182994, 0.08002022219200929, 0.07997198837498824, 0.07992486096918583, 0.079879696170489, 0.07984687015414238, 0.0798137504607439, 0.07978092133998871, 0.07975006413956483, 0.07972586279114087, 0.07970224507153034, 0.07967879871527354, 0.07966038522620995, 0.0796422151227792, 0.07962644907335441, 0.07961059920489788, 0.07960199192166328, 0.07958839771648248, 0.07957795262336731, 0.07956912058095138, 0.07956445589661598, 0.07955780749519666, 0.07955039106309414, 0.07954290385047595, 0.07953996025025845], "best_validation_epoch": 50}