{"epoch": 0, "train_loss": null, "val_loss": 0.9099307854970297, "best_epoch": 0, "best_val_loss": 0.9099307854970297}
{"epoch": 1, "train_loss": 0.8639636089404424, "val_loss": 0.8528236846129099, "best_epoch": 1, "best_val_loss": 0.8528236846129099}
{"epoch": 2, "train_loss": 0.8085164477427801, "val_loss": 0.8201963901519775, "best_epoch": 2, "best_val_loss": 0.8201963901519775}
{"epoch": 3, "train_loss": 0.7702287485202154, "val_loss": 0.776081363360087, "best_epoch": 3, "best_val_loss": 0.776081363360087}
{"epoch": 4, "train_loss": 0.7454313536485037, "val_loss": 0.7502294977506002, "best_epoch": 4, "best_val_loss": 0.7502294977506002}
{"epoch": 5, "train_loss": 0.7318950692812601, "val_loss": 0.7394112050533295, "best_epoch": 5, "best_val_loss": 0.7394112050533295}
{"epoch": 6, "train_loss": 0.7193134178717931, "val_loss": 0.7280166149139404, "best_epoch": 6, "best_val_loss": 0.7280166149139404}
{"epoch": 7, "train_loss": 0.7046357293923696, "val_loss": 0.7062819202740988, "best_epoch": 7, "best_val_loss": 0.7062819202740988}
{"epoch": 8, "train_loss": 0.6875357528527578, "val_loss": 0.6885639429092407, "best_epoch": 8, "best_val_loss": 0.6885639429092407}
{"epoch": 9, "train_loss": 0.6739827493826548, "val_loss": 0.6632803976535797, "best_epoch": 9, "best_val_loss": 0.6632803976535797}
{"epoch": 10, "train_loss": 0.6620364387830099, "val_loss": 0.645929197470347, "best_epoch": 10, "best_val_loss": 0.645929197470347}
{"epoch": 11, "train_loss": 0.6522053629159927, "val_loss": 0.6402533451716105, "best_epoch": 11, "best_val_loss": 0.6402533451716105}
{"epoch": 12, "train_loss": 0.6450926214456558, "val_loss": 0.6395747860272726, "best_epoch": 12, "best_val_loss": 0.6395747860272726}
{"epoch": 13, "train_loss": 0.6405447622140249, "val_loss": 0.6438705225785574, "best_epoch": 12, "best_val_loss": 0.6395747860272726}
{"epoch": 14, "train_loss": 0.6378569503625234, "val_loss": 0.6395099560419718, "best_epoch": 14, "best_val_loss": 0.6395099560419718}
{"epoch": 15, "train_loss": 0.6261724630991617, "val_loss": 0.6377574304739634, "best_epoch": 15, "best_val_loss": 0.6377574304739634}
{"epoch": 16, "train_loss": 0.6193149189154307, "val_loss": 0.6360326409339905, "best_epoch": 16, "best_val_loss": 0.6360326409339905}
{"epoch": 17, "train_loss": 0.6143985788027445, "val_loss": 0.6231601238250732, "best_epoch": 17, "best_val_loss": 0.6231601238250732}
{"epoch": 18, "train_loss": 0.6069919069608053, "val_loss": 0.6126009821891785, "best_epoch": 18, "best_val_loss": 0.6126009821891785}
{"epoch": 19, "train_loss": 0.6047894606987635, "val_loss": 0.611691822608312, "best_epoch": 19, "best_val_loss": 0.611691822608312}
{"epoch": 20, "train_loss": 0.6006509264310201, "val_loss": 0.6113100647926331, "best_epoch": 20, "best_val_loss": 0.6113100647926331}
{"epoch": 21, "train_loss": 0.5986661116282145, "val_loss": 0.6073098679383596, "best_epoch": 21, "best_val_loss": 0.6073098679383596}
{"epoch": 22, "train_loss": 0.5947685738404592, "val_loss": 0.6042615671952566, "best_epoch": 22, "best_val_loss": 0.6042615671952566}
{"epoch": 23, "train_loss": 0.5952249815066656, "val_loss": 0.6059895952542623, "best_epoch": 22, "best_val_loss": 0.6042615671952566}
{"epoch": 24, "train_loss": 0.5926094651222229, "val_loss": 0.6064790487289429, "best_epoch": 22, "best_val_loss": 0.6042615671952566}
{"epoch": 25, "train_loss": 0.5913818677266439, "val_loss": 0.6090631783008575, "best_epoch": 22, "best_val_loss": 0.6042615671952566}
{"epoch": 26, "train_loss": 0.5876258015632629, "val_loss": 0.6117930511633555, "best_epoch": 22, "best_val_loss": 0.6042615671952566}
{"epoch": 27, "train_loss": 0.5839648544788361, "val_loss": 0.6120394666989645, "best_epoch": 22, "best_val_loss": 0.6042615671952566}
{"epoch": 28, "train_loss": 0.5830384890238444, "val_loss": 0.6120057205359141, "best_epoch": 22, "best_val_loss": 0.6042615671952566}
{"epoch": 29, "train_loss": 0.5814695258935293, "val_loss": 0.6128360033035278, "best_epoch": 22, "best_val_loss": 0.6042615671952566}
{"epoch": 30, "train_loss": 0.5814085503419241, "val_loss": 0.6126512289047241, "best_epoch": 22, "best_val_loss": 0.6042615671952566}
