{"total_training_time": 8.048493146896362, "train_loss": [null, 0.8639636089404424, 0.8085164477427801, 0.7702287485202154, 0.7454313536485037, 0.7318950692812601, 0.7193134178717931, 0.7046357293923696, 0.6875357528527578, 0.6739827493826548, 0.6620364387830099, 0.6522053629159927, 0.6450926214456558, 0.6405447622140249, 0.6378569503625234, 0.6261724630991617, 0.6193149189154307, 0.6143985788027445, 0.6069919069608053, 0.6047894606987635, 0.6006509264310201, 0.5986661116282145, 0.5947685738404592, 0.5952249815066656, 0.5926094651222229, 0.5913818677266439, 0.5876258015632629, 0.5839648544788361, 0.5830384890238444, 0.5814695258935293, 0.5814085503419241], "val_loss": [0.9099307854970297, 0.8528236846129099, 0.8201963901519775, 0.776081363360087, 0.7502294977506002, 0.7394112050533295, 0.7280166149139404, 0.7062819202740988, 0.6885639429092407, 0.6632803976535797, 0.645929197470347, 0.6402533451716105, 0.6395747860272726, 0.6438705225785574, 0.6395099560419718, 0.6377574304739634, 0.6360326409339905, 0.6231601238250732, 0.6126009821891785, 0.611691822608312, 0.6113100647926331, 0.6073098679383596, 0.6042615671952566, 0.6059895952542623, 0.6064790487289429, 0.6090631783008575, 0.6117930511633555, 0.6120394666989645, 0.6120057205359141, 0.6128360033035278, 0.6126512289047241], "best_validation_epoch": 22}