{"epoch": 0, "train_loss": null, "val_loss": 2.314405600229899, "best_epoch": 0, "best_val_loss": 2.314405600229899}
{"epoch": 1, "train_loss": 2.2140947182973227, "val_loss": 2.1588143507639566, "best_epoch": 1, "best_val_loss": 2.1588143507639566}
{"epoch": 2, "train_loss": 2.059345304965973, "val_loss": 2.0263479948043823, "best_epoch": 2, "best_val_loss": 2.0263479948043823}
{"epoch": 3, "train_loss": 1.9210888644059498, "val_loss": 1.8352891604105632, "best_epoch": 3, "best_val_loss": 1.8352891604105632}
{"epoch": 4, "train_loss": 1.770741214354833, "val_loss": 1.753517250219981, "best_epoch": 4, "best_val_loss": 1.753517250219981}
{"epoch": 5, "train_loss": 1.7345015406608582, "val_loss": 1.7209612329800923, "best_epoch": 5, "best_val_loss": 1.7209612329800923}
{"epoch": 6, "train_loss": 1.697981595993042, "val_loss": 1.6506112416585286, "best_epoch": 6, "best_val_loss": 1.6506112416585286}
{"epoch": 7, "train_loss": 1.6182325383027394, "val_loss": 1.6022642056147258, "best_epoch": 7, "best_val_loss": 1.6022642056147258}
{"epoch": 8, "train_loss": 1.5980051159858704, "val_loss": 1.6045907139778137, "best_epoch": 7, "best_val_loss": 1.6022642056147258}
{"epoch": 9, "train_loss": 1.5927402079105377, "val_loss": 1.5936080416043599, "best_epoch": 9, "best_val_loss": 1.5936080416043599}
{"epoch": 10, "train_loss": 1.591085135936737, "val_loss": 1.5966176788012187, "best_epoch": 9, "best_val_loss": 1.5936080416043599}
{"epoch": 11, "train_loss": 1.5926259756088257, "val_loss": 1.5923952062924702, "best_epoch": 11, "best_val_loss": 1.5923952062924702}
{"epoch": 12, "train_loss": 1.5916392306486766, "val_loss": 1.5917991201082866, "best_epoch": 12, "best_val_loss": 1.5917991201082866}
{"epoch": 13, "train_loss": 1.5946018199125926, "val_loss": 1.5930163661638896, "best_epoch": 12, "best_val_loss": 1.5917991201082866}
{"epoch": 14, "train_loss": 1.591338227192561, "val_loss": 1.5901406009991963, "best_epoch": 14, "best_val_loss": 1.5901406009991963}
{"epoch": 15, "train_loss": 1.589790681997935, "val_loss": 1.59034530321757, "best_epoch": 14, "best_val_loss": 1.5901406009991963}
{"epoch": 16, "train_loss": 1.5937812427679698, "val_loss": 1.5870115160942078, "best_epoch": 16, "best_val_loss": 1.5870115160942078}
{"epoch": 17, "train_loss": 1.590301771958669, "val_loss": 1.5922342936197917, "best_epoch": 16, "best_val_loss": 1.5870115160942078}
{"epoch": 18, "train_loss": 1.5874763429164886, "val_loss": 1.5884508689244587, "best_epoch": 16, "best_val_loss": 1.5870115160942078}
{"epoch": 19, "train_loss": 1.5885612765947978, "val_loss": 1.5908431212107341, "best_epoch": 16, "best_val_loss": 1.5870115160942078}
{"epoch": 20, "train_loss": 1.589333067337672, "val_loss": 1.591667373975118, "best_epoch": 16, "best_val_loss": 1.5870115160942078}
{"epoch": 21, "train_loss": 1.588986059029897, "val_loss": 1.5855798522631328, "best_epoch": 21, "best_val_loss": 1.5855798522631328}
{"epoch": 22, "train_loss": 1.590054988861084, "val_loss": 1.5870858232180278, "best_epoch": 21, "best_val_loss": 1.5855798522631328}
{"epoch": 23, "train_loss": 1.589595079421997, "val_loss": 1.5916593273480732, "best_epoch": 21, "best_val_loss": 1.5855798522631328}
{"epoch": 24, "train_loss": 1.5898884038130443, "val_loss": 1.5906461675961812, "best_epoch": 21, "best_val_loss": 1.5855798522631328}
{"epoch": 25, "train_loss": 1.588439702987671, "val_loss": 1.5904971957206726, "best_epoch": 21, "best_val_loss": 1.5855798522631328}
{"epoch": 26, "train_loss": 1.5896934072176616, "val_loss": 1.5891635020573933, "best_epoch": 21, "best_val_loss": 1.5855798522631328}
{"epoch": 27, "train_loss": 1.5878859162330627, "val_loss": 1.58661945660909, "best_epoch": 21, "best_val_loss": 1.5855798522631328}
{"epoch": 28, "train_loss": 1.5885296861330669, "val_loss": 1.595525821050008, "best_epoch": 21, "best_val_loss": 1.5855798522631328}
{"epoch": 29, "train_loss": 1.588727205991745, "val_loss": 1.5929221113522847, "best_epoch": 21, "best_val_loss": 1.5855798522631328}
{"epoch": 30, "train_loss": 1.5905187626679738, "val_loss": 1.592231810092926, "best_epoch": 21, "best_val_loss": 1.5855798522631328}
