{"total_training_time": 9.24785566329956, "train_loss": [null, 2.2140947182973227, 2.059345304965973, 1.9210888644059498, 1.770741214354833, 1.7345015406608582, 1.697981595993042, 1.6182325383027394, 1.5980051159858704, 1.5927402079105377, 1.591085135936737, 1.5926259756088257, 1.5916392306486766, 1.5946018199125926, 1.591338227192561, 1.589790681997935, 1.5937812427679698, 1.590301771958669, 1.5874763429164886, 1.5885612765947978, 1.589333067337672, 1.588986059029897, 1.590054988861084, 1.589595079421997, 1.5898884038130443, 1.588439702987671, 1.5896934072176616, 1.5878859162330627, 1.5885296861330669, 1.588727205991745, 1.5905187626679738], "val_loss": [2.314405600229899, 2.1588143507639566, 2.0263479948043823, 1.8352891604105632, 1.753517250219981, 1.7209612329800923, 1.6506112416585286, 1.6022642056147258, 1.6045907139778137, 1.5936080416043599, 1.5966176788012187, 1.5923952062924702, 1.5917991201082866, 1.5930163661638896, 1.5901406009991963, 1.59034530321757, 1.5870115160942078, 1.5922342936197917, 1.5884508689244587, 1.5908431212107341, 1.591667373975118, 1.5855798522631328, 1.5870858232180278, 1.5916593273480732, 1.5906461675961812, 1.5904971957206726, 1.5891635020573933, 1.58661945660909, 1.595525821050008, 1.5929221113522847, 1.592231810092926], "best_validation_epoch": 21}