{"epoch": 0, "train_loss": null, "val_loss": 2.3348445097605386, "best_epoch": 0, "best_val_loss": 2.3348445097605386}
{"epoch": 1, "train_loss": 2.2888216972351074, "val_loss": 2.1215588649113974, "best_epoch": 1, "best_val_loss": 2.1215588649113974}
{"epoch": 2, "train_loss": 2.100813160339991, "val_loss": 2.0302403569221497, "best_epoch": 2, "best_val_loss": 2.0302403569221497}
{"epoch": 3, "train_loss": 2.004632353782654, "val_loss": 1.9633595943450928, "best_epoch": 3, "best_val_loss": 1.9633595943450928}
{"epoch": 4, "train_loss": 1.9374219179153442, "val_loss": 1.9284416834513347, "best_epoch": 4, "best_val_loss": 1.9284416834513347}
{"epoch": 5, "train_loss": 1.8699671427408855, "val_loss": 1.9154798587163289, "best_epoch": 5, "best_val_loss": 1.9154798587163289}
{"epoch": 6, "train_loss": 1.8471954663594563, "val_loss": 1.9188133080800374, "best_epoch": 5, "best_val_loss": 1.9154798587163289}
{"epoch": 7, "train_loss": 1.835071176290512, "val_loss": 1.9152078827222188, "best_epoch": 7, "best_val_loss": 1.9152078827222188}
{"epoch": 8, "train_loss": 1.8280811707178752, "val_loss": 1.9108997583389282, "best_epoch": 8, "best_val_loss": 1.9108997583389282}
{"epoch": 9, "train_loss": 1.8229417602221172, "val_loss": 1.9077574412027996, "best_epoch": 9, "best_val_loss": 1.9077574412027996}
{"epoch": 10, "train_loss": 1.8187692562739055, "val_loss": 1.9043268362681072, "best_epoch": 10, "best_val_loss": 1.9043268362681072}
{"epoch": 11, "train_loss": 1.8157245715459187, "val_loss": 1.9009813070297241, "best_epoch": 11, "best_val_loss": 1.9009813070297241}
{"epoch": 12, "train_loss": 1.8128824532032013, "val_loss": 1.8960460821787517, "best_epoch": 12, "best_val_loss": 1.8960460821787517}
{"epoch": 13, "train_loss": 1.805743505557378, "val_loss": 1.8869484066963196, "best_epoch": 13, "best_val_loss": 1.8869484066963196}
{"epoch": 14, "train_loss": 1.790723294019699, "val_loss": 1.8605967958768208, "best_epoch": 14, "best_val_loss": 1.8605967958768208}
{"epoch": 15, "train_loss": 1.7675140003363292, "val_loss": 1.855436662832896, "best_epoch": 15, "best_val_loss": 1.855436662832896}
{"epoch": 16, "train_loss": 1.7609694202740986, "val_loss": 1.8571006655693054, "best_epoch": 15, "best_val_loss": 1.855436662832896}
{"epoch": 17, "train_loss": 1.7546648780504863, "val_loss": 1.855304777622223, "best_epoch": 17, "best_val_loss": 1.855304777622223}
{"epoch": 18, "train_loss": 1.7459421853224437, "val_loss": 1.851373513539632, "best_epoch": 18, "best_val_loss": 1.851373513539632}
{"epoch": 19, "train_loss": 1.7423801918824513, "val_loss": 1.8471535245577495, "best_epoch": 19, "best_val_loss": 1.8471535245577495}
{"epoch": 20, "train_loss": 1.741050660610199, "val_loss": 1.8451318542162578, "best_epoch": 20, "best_val_loss": 1.8451318542162578}
{"epoch": 21, "train_loss": 1.7402470409870148, "val_loss": 1.8443974455197651, "best_epoch": 21, "best_val_loss": 1.8443974455197651}
{"epoch": 22, "train_loss": 1.7398194173971813, "val_loss": 1.8440485795338948, "best_epoch": 22, "best_val_loss": 1.8440485795338948}
{"epoch": 23, "train_loss": 1.7395574351151784, "val_loss": 1.8437628348668416, "best_epoch": 23, "best_val_loss": 1.8437628348668416}
{"epoch": 24, "train_loss": 1.739322692155838, "val_loss": 1.8434552748998005, "best_epoch": 24, "best_val_loss": 1.8434552748998005}
{"epoch": 25, "train_loss": 1.7391304473082225, "val_loss": 1.843211034933726, "best_epoch": 25, "best_val_loss": 1.843211034933726}
{"epoch": 26, "train_loss": 1.7389670809110005, "val_loss": 1.8430149952570598, "best_epoch": 26, "best_val_loss": 1.8430149952570598}
{"epoch": 27, "train_loss": 1.7388279537359874, "val_loss": 1.8428349494934082, "best_epoch": 27, "best_val_loss": 1.8428349494934082}
{"epoch": 28, "train_loss": 1.7387072443962097, "val_loss": 1.842680295308431, "best_epoch": 28, "best_val_loss": 1.842680295308431}
{"epoch": 29, "train_loss": 1.7385980586210887, "val_loss": 1.842544178167979, "best_epoch": 29, "best_val_loss": 1.842544178167979}
{"epoch": 30, "train_loss": 1.738500992457072, "val_loss": 1.842423677444458, "best_epoch": 30, "best_val_loss": 1.842423677444458}
{"epoch": 31, "train_loss": 1.7384153107802074, "val_loss": 1.8423150777816772, "best_epoch": 31, "best_val_loss": 1.8423150777816772}
{"epoch": 32, "train_loss": 1.7383378148078918, "val_loss": 1.8422182202339172, "best_epoch": 32, "best_val_loss": 1.8422182202339172}
{"epoch": 33, "train_loss": 1.7382678588231404, "val_loss": 1.8421289920806885, "best_epoch": 33, "best_val_loss": 1.8421289920806885}
{"epoch": 34, "train_loss": 1.7382031977176666, "val_loss": 1.8420488834381104, "best_epoch": 34, "best_val_loss": 1.8420488834381104}
{"epoch": 35, "train_loss": 1.738145689169566, "val_loss": 1.8419730464617412, "best_epoch": 35, "best_val_loss": 1.8419730464617412}
{"epoch": 36, "train_loss": 1.7380926112333934, "val_loss": 1.841905136903127, "best_epoch": 36, "best_val_loss": 1.841905136903127}
{"epoch": 37, "train_loss": 1.7380437850952148, "val_loss": 1.8418427109718323, "best_epoch": 37, "best_val_loss": 1.8418427109718323}
{"epoch": 38, "train_loss": 1.7379986544450123, "val_loss": 1.8417847553888957, "best_epoch": 38, "best_val_loss": 1.8417847553888957}
{"epoch": 39, "train_loss": 1.7379573980967205, "val_loss": 1.8417316675186157, "best_epoch": 39, "best_val_loss": 1.8417316675186157}
{"epoch": 40, "train_loss": 1.7379191319147747, "val_loss": 1.84168275197347, "best_epoch": 40, "best_val_loss": 1.84168275197347}
{"epoch": 41, "train_loss": 1.7378840347131093, "val_loss": 1.8416359225908916, "best_epoch": 41, "best_val_loss": 1.8416359225908916}
{"epoch": 42, "train_loss": 1.7378508746623993, "val_loss": 1.841592788696289, "best_epoch": 42, "best_val_loss": 1.841592788696289}
{"epoch": 43, "train_loss": 1.737820068995158, "val_loss": 1.8415520191192627, "best_epoch": 43, "best_val_loss": 1.8415520191192627}
{"epoch": 44, "train_loss": 1.7377922932306926, "val_loss": 1.8415148456891377, "best_epoch": 44, "best_val_loss": 1.8415148456891377}
{"epoch": 45, "train_loss": 1.7377654612064362, "val_loss": 1.8414800961812336, "best_epoch": 45, "best_val_loss": 1.8414800961812336}
{"epoch": 46, "train_loss": 1.7377397914727528, "val_loss": 1.841446578502655, "best_epoch": 46, "best_val_loss": 1.841446578502655}
{"epoch": 47, "train_loss": 1.7377168933550518, "val_loss": 1.8414151469866435, "best_epoch": 47, "best_val_loss": 1.8414151469866435}
{"epoch": 48, "train_loss": 1.7376948595046997, "val_loss": 1.841385801633199, "best_epoch": 48, "best_val_loss": 1.841385801633199}
{"epoch": 49, "train_loss": 1.7376738091309865, "val_loss": 1.8413590987523396, "best_epoch": 49, "best_val_loss": 1.8413590987523396}
{"epoch": 50, "train_loss": 1.737654834985733, "val_loss": 1.8413328528404236, "best_epoch": 50, "best_val_loss": 1.8413328528404236}
