{"total_training_time": 7.468381643295288, "train_loss": [null, 2.2888216972351074, 2.100813160339991, 2.004632353782654, 1.9374219179153442, 1.8699671427408855, 1.8471954663594563, 1.835071176290512, 1.8280811707178752, 1.8229417602221172, 1.8187692562739055, 1.8157245715459187, 1.8128824532032013, 1.805743505557378, 1.790723294019699, 1.7675140003363292, 1.7609694202740986, 1.7546648780504863, 1.7459421853224437, 1.7423801918824513, 1.741050660610199, 1.7402470409870148, 1.7398194173971813, 1.7395574351151784, 1.739322692155838, 1.7391304473082225, 1.7389670809110005, 1.7388279537359874, 1.7387072443962097, 1.7385980586210887, 1.738500992457072, 1.7384153107802074, 1.7383378148078918, 1.7382678588231404, 1.7382031977176666, 1.738145689169566, 1.7380926112333934, 1.7380437850952148, 1.7379986544450123, 1.7379573980967205, 1.7379191319147747, 1.7378840347131093, 1.7378508746623993, 1.737820068995158, 1.7377922932306926, 1.7377654612064362, 1.7377397914727528, 1.7377168933550518, 1.7376948595046997, 1.7376738091309865, 1.737654834985733], "val_loss": [2.3348445097605386, 2.1215588649113974, 2.0302403569221497, 1.9633595943450928, 1.9284416834513347, 1.9154798587163289, 1.9188133080800374, 1.9152078827222188, 1.9108997583389282, 1.9077574412027996, 1.9043268362681072, 1.9009813070297241, 1.8960460821787517, 1.8869484066963196, 1.8605967958768208, 1.855436662832896, 1.8571006655693054, 1.855304777622223, 1.851373513539632, 1.8471535245577495, 1.8451318542162578, 1.8443974455197651, 1.8440485795338948, 1.8437628348668416, 1.8434552748998005, 1.843211034933726, 1.8430149952570598, 1.8428349494934082, 1.842680295308431, 1.842544178167979, 1.842423677444458, 1.8423150777816772, 1.8422182202339172, 1.8421289920806885, 1.8420488834381104, 1.8419730464617412, 1.841905136903127, 1.8418427109718323, 1.8417847553888957, 1.8417316675186157, 1.84168275197347, 1.8416359225908916, 1.841592788696289, 1.8415520191192627, 1.8415148456891377, 1.8414800961812336, 1.841446578502655, 1.8414151469866435, 1.841385801633199, 1.8413590987523396, 1.8413328528404236], "best_validation_epoch": 50}