{"epoch": 0, "train_loss": null, "val_loss": 3.0431704918543496, "best_epoch": 0, "best_val_loss": 3.0431704918543496}
{"epoch": 1, "train_loss": 2.9827475349108377, "val_loss": 2.9602783918380737, "best_epoch": 1, "best_val_loss": 2.9602783918380737}
{"epoch": 2, "train_loss": 2.8955339988072715, "val_loss": 2.866761803627014, "best_epoch": 2, "best_val_loss": 2.866761803627014}
{"epoch": 3, "train_loss": 2.8153367837270102, "val_loss": 2.773716608683268, "best_epoch": 3, "best_val_loss": 2.773716608683268}
{"epoch": 4, "train_loss": 2.7414863308270774, "val_loss": 2.703484535217285, "best_epoch": 4, "best_val_loss": 2.703484535217285}
{"epoch": 5, "train_loss": 2.680241366227468, "val_loss": 2.637561241785685, "best_epoch": 5, "best_val_loss": 2.637561241785685}
{"epoch": 6, "train_loss": 2.626896778742472, "val_loss": 2.593120296796163, "best_epoch": 6, "best_val_loss": 2.593120296796163}
{"epoch": 7, "train_loss": 2.5834036072095237, "val_loss": 2.562551259994507, "best_epoch": 7, "best_val_loss": 2.562551259994507}
{"epoch": 8, "train_loss": 2.566890597343445, "val_loss": 2.537405093510946, "best_epoch": 8, "best_val_loss": 2.537405093510946}
{"epoch": 9, "train_loss": 2.554885506629944, "val_loss": 2.512813985347748, "best_epoch": 9, "best_val_loss": 2.512813985347748}
{"epoch": 10, "train_loss": 2.546514759461085, "val_loss": 2.5017381509145102, "best_epoch": 10, "best_val_loss": 2.5017381509145102}
{"epoch": 11, "train_loss": 2.5401385724544525, "val_loss": 2.485487381617228, "best_epoch": 11, "best_val_loss": 2.485487381617228}
{"epoch": 12, "train_loss": 2.5312206943829856, "val_loss": 2.4662035703659058, "best_epoch": 12, "best_val_loss": 2.4662035703659058}
{"epoch": 13, "train_loss": 2.5200266540050507, "val_loss": 2.4507399201393127, "best_epoch": 13, "best_val_loss": 2.4507399201393127}
{"epoch": 14, "train_loss": 2.5132141609986625, "val_loss": 2.448482890923818, "best_epoch": 14, "best_val_loss": 2.448482890923818}
{"epoch": 15, "train_loss": 2.511656234661738, "val_loss": 2.4485933780670166, "best_epoch": 14, "best_val_loss": 2.448482890923818}
{"epoch": 16, "train_loss": 2.51085564494133, "val_loss": 2.448633074760437, "best_epoch": 14, "best_val_loss": 2.448482890923818}
{"epoch": 17, "train_loss": 2.5127695302168527, "val_loss": 2.4489545027414956, "best_epoch": 14, "best_val_loss": 2.448482890923818}
{"epoch": 18, "train_loss": 2.512444923321406, "val_loss": 2.448499619960785, "best_epoch": 14, "best_val_loss": 2.448482890923818}
{"epoch": 19, "train_loss": 2.5118903120358786, "val_loss": 2.4482349952061973, "best_epoch": 19, "best_val_loss": 2.4482349952061973}
{"epoch": 20, "train_loss": 2.511955718199412, "val_loss": 2.448737601439158, "best_epoch": 19, "best_val_loss": 2.4482349952061973}
{"epoch": 21, "train_loss": 2.5135411520799003, "val_loss": 2.448123037815094, "best_epoch": 21, "best_val_loss": 2.448123037815094}
{"epoch": 22, "train_loss": 2.514189600944519, "val_loss": 2.448987623055776, "best_epoch": 21, "best_val_loss": 2.448123037815094}
{"epoch": 23, "train_loss": 2.511382261912028, "val_loss": 2.448145866394043, "best_epoch": 21, "best_val_loss": 2.448123037815094}
{"epoch": 24, "train_loss": 2.5128581523895264, "val_loss": 2.448933402697245, "best_epoch": 21, "best_val_loss": 2.448123037815094}
{"epoch": 25, "train_loss": 2.513767719268799, "val_loss": 2.450095454851786, "best_epoch": 21, "best_val_loss": 2.448123037815094}
{"epoch": 26, "train_loss": 2.5114381313323975, "val_loss": 2.448170761267344, "best_epoch": 21, "best_val_loss": 2.448123037815094}
{"epoch": 27, "train_loss": 2.5125248233477273, "val_loss": 2.448956529299418, "best_epoch": 21, "best_val_loss": 2.448123037815094}
{"epoch": 28, "train_loss": 2.513684421777725, "val_loss": 2.450631618499756, "best_epoch": 21, "best_val_loss": 2.448123037815094}
{"epoch": 29, "train_loss": 2.512586126724879, "val_loss": 2.449460029602051, "best_epoch": 21, "best_val_loss": 2.448123037815094}
{"epoch": 30, "train_loss": 2.5119297007719674, "val_loss": 2.4481628139813743, "best_epoch": 21, "best_val_loss": 2.448123037815094}
{"epoch": 31, "train_loss": 2.511093149582545, "val_loss": 2.44827268520991, "best_epoch": 21, "best_val_loss": 2.448123037815094}
{"epoch": 32, "train_loss": 2.5119789242744446, "val_loss": 2.4501166145006814, "best_epoch": 21, "best_val_loss": 2.448123037815094}
{"epoch": 33, "train_loss": 2.5113446017106376, "val_loss": 2.4484951496124268, "best_epoch": 21, "best_val_loss": 2.448123037815094}
{"epoch": 34, "train_loss": 2.5115742882092795, "val_loss": 2.4481563568115234, "best_epoch": 21, "best_val_loss": 2.448123037815094}
{"epoch": 35, "train_loss": 2.512029320001602, "val_loss": 2.4495967626571655, "best_epoch": 21, "best_val_loss": 2.448123037815094}
{"epoch": 36, "train_loss": 2.510957250992457, "val_loss": 2.44848503669103, "best_epoch": 21, "best_val_loss": 2.448123037815094}
{"epoch": 37, "train_loss": 2.5111336708068848, "val_loss": 2.4481334884961448, "best_epoch": 21, "best_val_loss": 2.448123037815094}
{"epoch": 38, "train_loss": 2.510932366053263, "val_loss": 2.4480814735094705, "best_epoch": 38, "best_val_loss": 2.4480814735094705}
{"epoch": 39, "train_loss": 2.511411428451538, "val_loss": 2.4481287201245627, "best_epoch": 38, "best_val_loss": 2.4480814735094705}
{"epoch": 40, "train_loss": 2.511724670728048, "val_loss": 2.4481235345204673, "best_epoch": 38, "best_val_loss": 2.4480814735094705}
{"epoch": 41, "train_loss": 2.512379298607508, "val_loss": 2.448579410711924, "best_epoch": 38, "best_val_loss": 2.4480814735094705}
{"epoch": 42, "train_loss": 2.5109167794386544, "val_loss": 2.448146422704061, "best_epoch": 38, "best_val_loss": 2.4480814735094705}
{"epoch": 43, "train_loss": 2.511241147915522, "val_loss": 2.4488434195518494, "best_epoch": 38, "best_val_loss": 2.4480814735094705}
{"epoch": 44, "train_loss": 2.510978509982427, "val_loss": 2.4488009413083396, "best_epoch": 38, "best_val_loss": 2.4480814735094705}
{"epoch": 45, "train_loss": 2.51083376010259, "val_loss": 2.4486167232195535, "best_epoch": 38, "best_val_loss": 2.4480814735094705}
{"epoch": 46, "train_loss": 2.510824203491211, "val_loss": 2.448485473791758, "best_epoch": 38, "best_val_loss": 2.4480814735094705}
{"epoch": 47, "train_loss": 2.510741392771403, "val_loss": 2.4484784603118896, "best_epoch": 38, "best_val_loss": 2.4480814735094705}
{"epoch": 48, "train_loss": 2.5107282201449075, "val_loss": 2.448267380396525, "best_epoch": 38, "best_val_loss": 2.4480814735094705}
{"epoch": 49, "train_loss": 2.5108318527539573, "val_loss": 2.4480685591697693, "best_epoch": 49, "best_val_loss": 2.4480685591697693}
{"epoch": 50, "train_loss": 2.510734031597773, "val_loss": 2.448127885659536, "best_epoch": 49, "best_val_loss": 2.4480685591697693}
