{"total_training_time": 13.414758920669556, "train_loss": [null, 2.9827475349108377, 2.8955339988072715, 2.8153367837270102, 2.7414863308270774, 2.680241366227468, 2.626896778742472, 2.5834036072095237, 2.566890597343445, 2.554885506629944, 2.546514759461085, 2.5401385724544525, 2.5312206943829856, 2.5200266540050507, 2.5132141609986625, 2.511656234661738, 2.51085564494133, 2.5127695302168527, 2.512444923321406, 2.5118903120358786, 2.511955718199412, 2.5135411520799003, 2.514189600944519, 2.511382261912028, 2.5128581523895264, 2.513767719268799, 2.5114381313323975, 2.5125248233477273, 2.513684421777725, 2.512586126724879, 2.5119297007719674, 2.511093149582545, 2.5119789242744446, 2.5113446017106376, 2.5115742882092795, 2.512029320001602, 2.510957250992457, 2.5111336708068848, 2.510932366053263, 2.511411428451538, 2.511724670728048, 2.512379298607508, 2.5109167794386544, 2.511241147915522, 2.510978509982427, 2.51083376010259, 2.510824203491211, 2.510741392771403, 2.5107282201449075, 2.5108318527539573, 2.510734031597773], "val_loss": [3.0431704918543496, 2.9602783918380737, 2.866761803627014, 2.773716608683268, 2.703484535217285, 2.637561241785685, 2.593120296796163, 2.562551259994507, 2.537405093510946, 2.512813985347748, 2.5017381509145102, 2.485487381617228, 2.4662035703659058, 2.4507399201393127, 2.448482890923818, 2.4485933780670166, 2.448633074760437, 2.4489545027414956, 2.448499619960785, 2.4482349952061973, 2.448737601439158, 2.448123037815094, 2.448987623055776, 2.448145866394043, 2.448933402697245, 2.450095454851786, 2.448170761267344, 2.448956529299418, 2.450631618499756, 2.449460029602051, 2.4481628139813743, 2.44827268520991, 2.4501166145006814, 2.4484951496124268, 2.4481563568115234, 2.4495967626571655, 2.44848503669103, 2.4481334884961448, 2.4480814735094705, 2.4481287201245627, 2.4481235345204673, 2.448579410711924, 2.448146422704061, 2.4488434195518494, 2.4488009413083396, 2.4486167232195535, 2.448485473791758, 2.4484784603118896, 2.448267380396525, 2.4480685591697693, 2.448127885659536], "best_validation_epoch": 49}