{"epoch": 0, "train_loss": null, "val_loss": 2.890188694000244, "best_epoch": 0, "best_val_loss": 2.890188694000244}
{"epoch": 1, "train_loss": 2.7248369057973227, "val_loss": 2.605967879295349, "best_epoch": 1, "best_val_loss": 2.605967879295349}
{"epoch": 2, "train_loss": 2.475110630194346, "val_loss": 2.3374855518341064, "best_epoch": 2, "best_val_loss": 2.3374855518341064}
{"epoch": 3, "train_loss": 2.3094252745310464, "val_loss": 2.2672446568806968, "best_epoch": 3, "best_val_loss": 2.2672446568806968}
{"epoch": 4, "train_loss": 2.227022409439087, "val_loss": 2.2332454919815063, "best_epoch": 4, "best_val_loss": 2.2332454919815063}
{"epoch": 5, "train_loss": 2.1984660625457764, "val_loss": 2.21892511844635, "best_epoch": 5, "best_val_loss": 2.21892511844635}
{"epoch": 6, "train_loss": 2.1875133315722146, "val_loss": 2.2131537993748984, "best_epoch": 6, "best_val_loss": 2.2131537993748984}
{"epoch": 7, "train_loss": 2.1826401948928833, "val_loss": 2.2098037799199424, "best_epoch": 7, "best_val_loss": 2.2098037799199424}
{"epoch": 8, "train_loss": 2.1801779667536416, "val_loss": 2.208629290262858, "best_epoch": 8, "best_val_loss": 2.208629290262858}
{"epoch": 9, "train_loss": 2.178552488485972, "val_loss": 2.2077788511912027, "best_epoch": 9, "best_val_loss": 2.2077788511912027}
{"epoch": 10, "train_loss": 2.1772199670473733, "val_loss": 2.206728140513102, "best_epoch": 10, "best_val_loss": 2.206728140513102}
{"epoch": 11, "train_loss": 2.172558923562368, "val_loss": 2.203105886777242, "best_epoch": 11, "best_val_loss": 2.203105886777242}
{"epoch": 12, "train_loss": 2.1118553280830383, "val_loss": 2.139563202857971, "best_epoch": 12, "best_val_loss": 2.139563202857971}
{"epoch": 13, "train_loss": 2.041989713907242, "val_loss": 2.089366932710012, "best_epoch": 13, "best_val_loss": 2.089366932710012}
{"epoch": 14, "train_loss": 1.9955845574537914, "val_loss": 2.0931963523228965, "best_epoch": 13, "best_val_loss": 2.089366932710012}
{"epoch": 15, "train_loss": 1.9795052707195282, "val_loss": 2.092918952306112, "best_epoch": 13, "best_val_loss": 2.089366932710012}
{"epoch": 16, "train_loss": 1.975899875164032, "val_loss": 2.092414657274882, "best_epoch": 13, "best_val_loss": 2.089366932710012}
{"epoch": 17, "train_loss": 1.974398781855901, "val_loss": 2.090890407562256, "best_epoch": 13, "best_val_loss": 2.089366932710012}
{"epoch": 18, "train_loss": 1.9727730949719746, "val_loss": 2.085969010988871, "best_epoch": 18, "best_val_loss": 2.085969010988871}
{"epoch": 19, "train_loss": 1.966514786084493, "val_loss": 2.0637741883595786, "best_epoch": 19, "best_val_loss": 2.0637741883595786}
{"epoch": 20, "train_loss": 1.9601215024789174, "val_loss": 2.0563013553619385, "best_epoch": 20, "best_val_loss": 2.0563013553619385}
{"epoch": 21, "train_loss": 1.9574581583340962, "val_loss": 2.0536173979441323, "best_epoch": 21, "best_val_loss": 2.0536173979441323}
{"epoch": 22, "train_loss": 1.9564901491006215, "val_loss": 2.0533573031425476, "best_epoch": 22, "best_val_loss": 2.0533573031425476}
{"epoch": 23, "train_loss": 1.9559360643227894, "val_loss": 2.053463319937388, "best_epoch": 22, "best_val_loss": 2.0533573031425476}
{"epoch": 24, "train_loss": 1.9556243320306141, "val_loss": 2.053317387898763, "best_epoch": 24, "best_val_loss": 2.053317387898763}
{"epoch": 25, "train_loss": 1.9554296433925629, "val_loss": 2.0533587535222373, "best_epoch": 24, "best_val_loss": 2.053317387898763}
{"epoch": 26, "train_loss": 1.9552802542845409, "val_loss": 2.053334732850393, "best_epoch": 24, "best_val_loss": 2.053317387898763}
{"epoch": 27, "train_loss": 1.9551598727703094, "val_loss": 2.05336195230484, "best_epoch": 24, "best_val_loss": 2.053317387898763}
{"epoch": 28, "train_loss": 1.9550560514132183, "val_loss": 2.0533777276674905, "best_epoch": 24, "best_val_loss": 2.053317387898763}
{"epoch": 29, "train_loss": 1.9549673696358998, "val_loss": 2.0533969600995383, "best_epoch": 24, "best_val_loss": 2.053317387898763}
{"epoch": 30, "train_loss": 1.9548889696598053, "val_loss": 2.053404966990153, "best_epoch": 24, "best_val_loss": 2.053317387898763}
{"epoch": 31, "train_loss": 1.9548203945159912, "val_loss": 2.0534117221832275, "best_epoch": 24, "best_val_loss": 2.053317387898763}
{"epoch": 32, "train_loss": 1.9547577401002247, "val_loss": 2.053412059942881, "best_epoch": 24, "best_val_loss": 2.053317387898763}
{"epoch": 33, "train_loss": 1.9547032217184703, "val_loss": 2.05342564980189, "best_epoch": 24, "best_val_loss": 2.053317387898763}
{"epoch": 34, "train_loss": 1.954662839571635, "val_loss": 2.0534267822901406, "best_epoch": 24, "best_val_loss": 2.053317387898763}
{"epoch": 35, "train_loss": 1.9546394050121307, "val_loss": 2.0534281730651855, "best_epoch": 24, "best_val_loss": 2.053317387898763}
{"epoch": 36, "train_loss": 1.9546165068944295, "val_loss": 2.0534316102663674, "best_epoch": 24, "best_val_loss": 2.053317387898763}
{"epoch": 37, "train_loss": 1.9545947114626567, "val_loss": 2.053437272707621, "best_epoch": 24, "best_val_loss": 2.053317387898763}
{"epoch": 38, "train_loss": 1.9545735915501912, "val_loss": 2.053439815839132, "best_epoch": 24, "best_val_loss": 2.053317387898763}
{"epoch": 39, "train_loss": 1.9545531570911407, "val_loss": 2.0534459153811135, "best_epoch": 24, "best_val_loss": 2.053317387898763}
{"epoch": 40, "train_loss": 1.9545338650544484, "val_loss": 2.053454061349233, "best_epoch": 24, "best_val_loss": 2.053317387898763}
{"epoch": 41, "train_loss": 1.9545146624247234, "val_loss": 2.0534546176592507, "best_epoch": 24, "best_val_loss": 2.053317387898763}
{"epoch": 42, "train_loss": 1.9544965624809265, "val_loss": 2.0534586906433105, "best_epoch": 24, "best_val_loss": 2.053317387898763}
{"epoch": 43, "train_loss": 1.954478919506073, "val_loss": 2.053459584712982, "best_epoch": 24, "best_val_loss": 2.053317387898763}
