{"total_training_time": 6.3627848625183105, "train_loss": [null, 2.7248369057973227, 2.475110630194346, 2.3094252745310464, 2.227022409439087, 2.1984660625457764, 2.1875133315722146, 2.1826401948928833, 2.1801779667536416, 2.178552488485972, 2.1772199670473733, 2.172558923562368, 2.1118553280830383, 2.041989713907242, 1.9955845574537914, 1.9795052707195282, 1.975899875164032, 1.974398781855901, 1.9727730949719746, 1.966514786084493, 1.9601215024789174, 1.9574581583340962, 1.9564901491006215, 1.9559360643227894, 1.9556243320306141, 1.9554296433925629, 1.9552802542845409, 1.9551598727703094, 1.9550560514132183, 1.9549673696358998, 1.9548889696598053, 1.9548203945159912, 1.9547577401002247, 1.9547032217184703, 1.954662839571635, 1.9546394050121307, 1.9546165068944295, 1.9545947114626567, 1.9545735915501912, 1.9545531570911407, 1.9545338650544484, 1.9545146624247234, 1.9544965624809265, 1.954478919506073, 1.9544618328412373], "val_loss": [2.890188694000244, 2.605967879295349, 2.3374855518341064, 2.2672446568806968, 2.2332454919815063, 2.21892511844635, 2.2131537993748984, 2.2098037799199424, 2.208629290262858, 2.2077788511912027, 2.206728140513102, 2.203105886777242, 2.139563202857971, 2.089366932710012, 2.0931963523228965, 2.092918952306112, 2.092414657274882, 2.090890407562256, 2.085969010988871, 2.0637741883595786, 2.0563013553619385, 2.0536173979441323, 2.0533573031425476, 2.053463319937388, 2.053317387898763, 2.0533587535222373, 2.053334732850393, 2.05336195230484, 2.0533777276674905, 2.0533969600995383, 2.053404966990153, 2.0534117221832275, 2.053412059942881, 2.05342564980189, 2.0534267822901406, 2.0534281730651855, 2.0534316102663674, 2.053437272707621, 2.053439815839132, 2.0534459153811135, 2.053454061349233, 2.0534546176592507, 2.0534586906433105, 2.053459584712982, 2.0534685850143433], "best_validation_epoch": 24}