{"total_training_time": 4.562853813171387, "train_loss": [null, 2.66860223809878, 1.8141181270281475, 1.4368725915749867, 1.195071170727412, 1.0296604832013447, 0.9265687266985575, 0.8782607366641363, 0.8598734239737192, 0.8387516140937805, 0.8331119020779928, 0.8295249938964844, 0.8281636287768682, 0.8233147263526917, 0.8215127388636271, 0.8271406143903732], "val_loss": [3.576798657576243, 2.084026018778483, 1.599054495493571, 1.3185636401176453, 1.11934960881869, 0.9651411275068918, 0.8789449334144592, 0.8481413722038269, 0.8284001151720682, 0.819145123163859, 0.8142810066541036, 0.8108924229939779, 0.8015049397945404, 0.7961588402589163, 0.7992909848690033, 0.7915200491746267], "best_validation_epoch": 15}