{"epoch": 0, "train_loss": null, "val_loss": 2.5899670124053955, "best_epoch": 0, "best_val_loss": 2.5899670124053955}
{"epoch": 1, "train_loss": 2.310877541700999, "val_loss": 2.0444612900416055, "best_epoch": 1, "best_val_loss": 2.0444612900416055}
{"epoch": 2, "train_loss": 2.012457549571991, "val_loss": 1.9559407631556194, "best_epoch": 2, "best_val_loss": 1.9559407631556194}
{"epoch": 3, "train_loss": 1.9243549207846324, "val_loss": 1.896375834941864, "best_epoch": 3, "best_val_loss": 1.896375834941864}
{"epoch": 4, "train_loss": 1.8756457765897114, "val_loss": 1.8744407892227173, "best_epoch": 4, "best_val_loss": 1.8744407892227173}
{"epoch": 5, "train_loss": 1.840263267358144, "val_loss": 1.838713526725769, "best_epoch": 5, "best_val_loss": 1.838713526725769}
{"epoch": 6, "train_loss": 1.8119526008764903, "val_loss": 1.8202330271402996, "best_epoch": 6, "best_val_loss": 1.8202330271402996}
{"epoch": 7, "train_loss": 1.7996325294176738, "val_loss": 1.8087798357009888, "best_epoch": 7, "best_val_loss": 1.8087798357009888}
{"epoch": 8, "train_loss": 1.7913176715373993, "val_loss": 1.8045080502827961, "best_epoch": 8, "best_val_loss": 1.8045080502827961}
{"epoch": 9, "train_loss": 1.7861720422903697, "val_loss": 1.8007306257883708, "best_epoch": 9, "best_val_loss": 1.8007306257883708}
{"epoch": 10, "train_loss": 1.7823251783847809, "val_loss": 1.7975061933199565, "best_epoch": 10, "best_val_loss": 1.7975061933199565}
{"epoch": 11, "train_loss": 1.7789947390556335, "val_loss": 1.7964703838030498, "best_epoch": 11, "best_val_loss": 1.7964703838030498}
{"epoch": 12, "train_loss": 1.7764329711596172, "val_loss": 1.7953336238861084, "best_epoch": 12, "best_val_loss": 1.7953336238861084}
{"epoch": 13, "train_loss": 1.7745265662670135, "val_loss": 1.794289728005727, "best_epoch": 13, "best_val_loss": 1.794289728005727}
{"epoch": 14, "train_loss": 1.7733037571112316, "val_loss": 1.7932964364687602, "best_epoch": 14, "best_val_loss": 1.7932964364687602}
{"epoch": 15, "train_loss": 1.7723372677961986, "val_loss": 1.792361080646515, "best_epoch": 15, "best_val_loss": 1.792361080646515}
{"epoch": 16, "train_loss": 1.7715735137462616, "val_loss": 1.791500171025594, "best_epoch": 16, "best_val_loss": 1.791500171025594}
{"epoch": 17, "train_loss": 1.7709665993849437, "val_loss": 1.790804882844289, "best_epoch": 17, "best_val_loss": 1.790804882844289}
{"epoch": 18, "train_loss": 1.7704566617806752, "val_loss": 1.7902509768803914, "best_epoch": 18, "best_val_loss": 1.7902509768803914}
{"epoch": 19, "train_loss": 1.7700119614601135, "val_loss": 1.7896743814150493, "best_epoch": 19, "best_val_loss": 1.7896743814150493}
{"epoch": 20, "train_loss": 1.7696447968482971, "val_loss": 1.7892257968584697, "best_epoch": 20, "best_val_loss": 1.7892257968584697}
{"epoch": 21, "train_loss": 1.7693050702412922, "val_loss": 1.7887846032778423, "best_epoch": 21, "best_val_loss": 1.7887846032778423}
{"epoch": 22, "train_loss": 1.769008954366048, "val_loss": 1.7883998552958171, "best_epoch": 22, "best_val_loss": 1.7883998552958171}
{"epoch": 23, "train_loss": 1.7687557637691498, "val_loss": 1.7880442539850872, "best_epoch": 23, "best_val_loss": 1.7880442539850872}
{"epoch": 24, "train_loss": 1.7685335675875347, "val_loss": 1.7877059578895569, "best_epoch": 24, "best_val_loss": 1.7877059578895569}
{"epoch": 25, "train_loss": 1.7683294812838237, "val_loss": 1.7874666651089985, "best_epoch": 25, "best_val_loss": 1.7874666651089985}
{"epoch": 26, "train_loss": 1.7681313653786976, "val_loss": 1.787250320116679, "best_epoch": 26, "best_val_loss": 1.787250320116679}
{"epoch": 27, "train_loss": 1.767961432536443, "val_loss": 1.787065903345744, "best_epoch": 27, "best_val_loss": 1.787065903345744}
{"epoch": 28, "train_loss": 1.7677836120128632, "val_loss": 1.787034014860789, "best_epoch": 28, "best_val_loss": 1.787034014860789}
{"epoch": 29, "train_loss": 1.7630561689535778, "val_loss": 1.7899756232897441, "best_epoch": 28, "best_val_loss": 1.787034014860789}
{"epoch": 30, "train_loss": 1.7513494690259297, "val_loss": 1.787299116452535, "best_epoch": 28, "best_val_loss": 1.787034014860789}
{"epoch": 31, "train_loss": 1.7480777502059937, "val_loss": 1.7877905170122783, "best_epoch": 28, "best_val_loss": 1.787034014860789}
{"epoch": 32, "train_loss": 1.7464087903499603, "val_loss": 1.7875748078028362, "best_epoch": 28, "best_val_loss": 1.787034014860789}
{"epoch": 33, "train_loss": 1.7450909316539764, "val_loss": 1.786291201909383, "best_epoch": 33, "best_val_loss": 1.786291201909383}
{"epoch": 34, "train_loss": 1.7446751296520233, "val_loss": 1.7865984439849854, "best_epoch": 33, "best_val_loss": 1.786291201909383}
{"epoch": 35, "train_loss": 1.7440665662288666, "val_loss": 1.7857939998308818, "best_epoch": 35, "best_val_loss": 1.7857939998308818}
{"epoch": 36, "train_loss": 1.7438731988271077, "val_loss": 1.7859032154083252, "best_epoch": 35, "best_val_loss": 1.7857939998308818}
{"epoch": 37, "train_loss": 1.7436496814092, "val_loss": 1.7856214841206868, "best_epoch": 37, "best_val_loss": 1.7856214841206868}
{"epoch": 38, "train_loss": 1.7435093025366466, "val_loss": 1.7855792840321858, "best_epoch": 38, "best_val_loss": 1.7855792840321858}
{"epoch": 39, "train_loss": 1.7433762451012929, "val_loss": 1.7854336500167847, "best_epoch": 39, "best_val_loss": 1.7854336500167847}
{"epoch": 40, "train_loss": 1.743263691663742, "val_loss": 1.785344918568929, "best_epoch": 40, "best_val_loss": 1.785344918568929}
{"epoch": 41, "train_loss": 1.743165781100591, "val_loss": 1.7852637966473897, "best_epoch": 41, "best_val_loss": 1.7852637966473897}
{"epoch": 42, "train_loss": 1.7430751025676727, "val_loss": 1.7851917147636414, "best_epoch": 42, "best_val_loss": 1.7851917147636414}
{"epoch": 43, "train_loss": 1.7429916858673096, "val_loss": 1.7851166129112244, "best_epoch": 43, "best_val_loss": 1.7851166129112244}
{"epoch": 44, "train_loss": 1.7429162661234539, "val_loss": 1.7850412329037983, "best_epoch": 44, "best_val_loss": 1.7850412329037983}
{"epoch": 45, "train_loss": 1.7427022457122803, "val_loss": 1.7832993268966675, "best_epoch": 45, "best_val_loss": 1.7832993268966675}
{"epoch": 46, "train_loss": 1.7395639022191365, "val_loss": 1.777675986289978, "best_epoch": 46, "best_val_loss": 1.777675986289978}
{"epoch": 47, "train_loss": 1.7388593256473541, "val_loss": 1.7778541644414265, "best_epoch": 46, "best_val_loss": 1.777675986289978}
{"epoch": 48, "train_loss": 1.7377259234587352, "val_loss": 1.777631123860677, "best_epoch": 48, "best_val_loss": 1.777631123860677}
{"epoch": 49, "train_loss": 1.7371908922990162, "val_loss": 1.7773986260096233, "best_epoch": 49, "best_val_loss": 1.7773986260096233}
{"epoch": 50, "train_loss": 1.7370540897051494, "val_loss": 1.7770296931266785, "best_epoch": 50, "best_val_loss": 1.7770296931266785}
