{"total_training_time": 7.210026264190674, "train_loss": [null, 2.310877541700999, 2.012457549571991, 1.9243549207846324, 1.8756457765897114, 1.840263267358144, 1.8119526008764903, 1.7996325294176738, 1.7913176715373993, 1.7861720422903697, 1.7823251783847809, 1.7789947390556335, 1.7764329711596172, 1.7745265662670135, 1.7733037571112316, 1.7723372677961986, 1.7715735137462616, 1.7709665993849437, 1.7704566617806752, 1.7700119614601135, 1.7696447968482971, 1.7693050702412922, 1.769008954366048, 1.7687557637691498, 1.7685335675875347, 1.7683294812838237, 1.7681313653786976, 1.767961432536443, 1.7677836120128632, 1.7630561689535778, 1.7513494690259297, 1.7480777502059937, 1.7464087903499603, 1.7450909316539764, 1.7446751296520233, 1.7440665662288666, 1.7438731988271077, 1.7436496814092, 1.7435093025366466, 1.7433762451012929, 1.743263691663742, 1.743165781100591, 1.7430751025676727, 1.7429916858673096, 1.7429162661234539, 1.7427022457122803, 1.7395639022191365, 1.7388593256473541, 1.7377259234587352, 1.7371908922990162, 1.7370540897051494], "val_loss": [2.5899670124053955, 2.0444612900416055, 1.9559407631556194, 1.896375834941864, 1.8744407892227173, 1.838713526725769, 1.8202330271402996, 1.8087798357009888, 1.8045080502827961, 1.8007306257883708, 1.7975061933199565, 1.7964703838030498, 1.7953336238861084, 1.794289728005727, 1.7932964364687602, 1.792361080646515, 1.791500171025594, 1.790804882844289, 1.7902509768803914, 1.7896743814150493, 1.7892257968584697, 1.7887846032778423, 1.7883998552958171, 1.7880442539850872, 1.7877059578895569, 1.7874666651089985, 1.787250320116679, 1.787065903345744, 1.787034014860789, 1.7899756232897441, 1.787299116452535, 1.7877905170122783, 1.7875748078028362, 1.786291201909383, 1.7865984439849854, 1.7857939998308818, 1.7859032154083252, 1.7856214841206868, 1.7855792840321858, 1.7854336500167847, 1.785344918568929, 1.7852637966473897, 1.7851917147636414, 1.7851166129112244, 1.7850412329037983, 1.7832993268966675, 1.777675986289978, 1.7778541644414265, 1.777631123860677, 1.7773986260096233, 1.7770296931266785], "best_validation_epoch": 50}