{"epoch": 0, "train_loss": null, "val_loss": 2.5018288691838584, "best_epoch": 0, "best_val_loss": 2.5018288691838584}
{"epoch": 1, "train_loss": 2.445104400316874, "val_loss": 2.4618411461512246, "best_epoch": 1, "best_val_loss": 2.4618411461512246}
{"epoch": 2, "train_loss": 2.4016515215237937, "val_loss": 2.4115999937057495, "best_epoch": 2, "best_val_loss": 2.4115999937057495}
{"epoch": 3, "train_loss": 2.3492555816968284, "val_loss": 2.351698319117228, "best_epoch": 3, "best_val_loss": 2.351698319117228}
{"epoch": 4, "train_loss": 2.2899929682413735, "val_loss": 2.2873448928197226, "best_epoch": 4, "best_val_loss": 2.2873448928197226}
{"epoch": 5, "train_loss": 2.2295521895090737, "val_loss": 2.2259265184402466, "best_epoch": 5, "best_val_loss": 2.2259265184402466}
{"epoch": 6, "train_loss": 2.1736921866734824, "val_loss": 2.1729043324788413, "best_epoch": 6, "best_val_loss": 2.1729043324788413}
{"epoch": 7, "train_loss": 2.124521255493164, "val_loss": 2.1279048919677734, "best_epoch": 7, "best_val_loss": 2.1279048919677734}
{"epoch": 8, "train_loss": 2.0813892682393393, "val_loss": 2.088874618212382, "best_epoch": 8, "best_val_loss": 2.088874618212382}
{"epoch": 9, "train_loss": 2.0439566274484, "val_loss": 2.05489973227183, "best_epoch": 9, "best_val_loss": 2.05489973227183}
{"epoch": 10, "train_loss": 2.0118128756682077, "val_loss": 2.0264874498049417, "best_epoch": 10, "best_val_loss": 2.0264874498049417}
{"epoch": 11, "train_loss": 1.9851811428864796, "val_loss": 2.0034583806991577, "best_epoch": 11, "best_val_loss": 2.0034583806991577}
{"epoch": 12, "train_loss": 1.9632060925165813, "val_loss": 1.9850715796152751, "best_epoch": 12, "best_val_loss": 1.9850715796152751}
{"epoch": 13, "train_loss": 1.945319652557373, "val_loss": 1.9705442388852437, "best_epoch": 13, "best_val_loss": 1.9705442388852437}
{"epoch": 14, "train_loss": 1.9307986895243328, "val_loss": 1.958710253238678, "best_epoch": 14, "best_val_loss": 1.958710253238678}
{"epoch": 15, "train_loss": 1.9187563459078472, "val_loss": 1.9489172299702961, "best_epoch": 15, "best_val_loss": 1.9489172299702961}
{"epoch": 16, "train_loss": 1.9083711504936218, "val_loss": 1.9403216640154521, "best_epoch": 16, "best_val_loss": 1.9403216640154521}
{"epoch": 17, "train_loss": 1.8990951478481293, "val_loss": 1.9328540563583374, "best_epoch": 17, "best_val_loss": 1.9328540563583374}
{"epoch": 18, "train_loss": 1.8907441000143688, "val_loss": 1.9262839555740356, "best_epoch": 18, "best_val_loss": 1.9262839555740356}
{"epoch": 19, "train_loss": 1.883148322502772, "val_loss": 1.920349379380544, "best_epoch": 19, "best_val_loss": 1.920349379380544}
{"epoch": 20, "train_loss": 1.8759437799453735, "val_loss": 1.9146150747934978, "best_epoch": 20, "best_val_loss": 1.9146150747934978}
{"epoch": 21, "train_loss": 1.8688934743404388, "val_loss": 1.9087194800376892, "best_epoch": 21, "best_val_loss": 1.9087194800376892}
{"epoch": 22, "train_loss": 1.8617617388566334, "val_loss": 1.9026288390159607, "best_epoch": 22, "best_val_loss": 1.9026288390159607}
{"epoch": 23, "train_loss": 1.8544849356015523, "val_loss": 1.8962332804997761, "best_epoch": 23, "best_val_loss": 1.8962332804997761}
{"epoch": 24, "train_loss": 1.847194770971934, "val_loss": 1.8899505138397217, "best_epoch": 24, "best_val_loss": 1.8899505138397217}
{"epoch": 25, "train_loss": 1.8402796785036724, "val_loss": 1.883848528067271, "best_epoch": 25, "best_val_loss": 1.883848528067271}
{"epoch": 26, "train_loss": 1.8336734970410664, "val_loss": 1.8779929677645366, "best_epoch": 26, "best_val_loss": 1.8779929677645366}
{"epoch": 27, "train_loss": 1.827318549156189, "val_loss": 1.8723849058151245, "best_epoch": 27, "best_val_loss": 1.8723849058151245}
{"epoch": 28, "train_loss": 1.821360210577647, "val_loss": 1.8671223521232605, "best_epoch": 28, "best_val_loss": 1.8671223521232605}
{"epoch": 29, "train_loss": 1.8158392012119293, "val_loss": 1.8622296055157979, "best_epoch": 29, "best_val_loss": 1.8622296055157979}
{"epoch": 30, "train_loss": 1.810855636994044, "val_loss": 1.8579879999160767, "best_epoch": 30, "best_val_loss": 1.8579879999160767}
{"epoch": 31, "train_loss": 1.806387335062027, "val_loss": 1.8543236255645752, "best_epoch": 31, "best_val_loss": 1.8543236255645752}
{"epoch": 32, "train_loss": 1.8024588624636333, "val_loss": 1.8508516947428386, "best_epoch": 32, "best_val_loss": 1.8508516947428386}
{"epoch": 33, "train_loss": 1.7989154358704884, "val_loss": 1.8479773203531902, "best_epoch": 33, "best_val_loss": 1.8479773203531902}
{"epoch": 34, "train_loss": 1.7957760095596313, "val_loss": 1.8454932769139607, "best_epoch": 34, "best_val_loss": 1.8454932769139607}
{"epoch": 35, "train_loss": 1.7929598987102509, "val_loss": 1.84331613779068, "best_epoch": 35, "best_val_loss": 1.84331613779068}
{"epoch": 36, "train_loss": 1.7903759479522705, "val_loss": 1.8412427107493083, "best_epoch": 36, "best_val_loss": 1.8412427107493083}
{"epoch": 37, "train_loss": 1.787925769885381, "val_loss": 1.8394166429837544, "best_epoch": 37, "best_val_loss": 1.8394166429837544}
{"epoch": 38, "train_loss": 1.7856555978457134, "val_loss": 1.8377092083295186, "best_epoch": 38, "best_val_loss": 1.8377092083295186}
{"epoch": 39, "train_loss": 1.783498207728068, "val_loss": 1.8362533052762349, "best_epoch": 39, "best_val_loss": 1.8362533052762349}
{"epoch": 40, "train_loss": 1.7814839482307434, "val_loss": 1.8348756233851116, "best_epoch": 40, "best_val_loss": 1.8348756233851116}
{"epoch": 41, "train_loss": 1.779593716065089, "val_loss": 1.833565096060435, "best_epoch": 41, "best_val_loss": 1.833565096060435}
{"epoch": 42, "train_loss": 1.7778685688972473, "val_loss": 1.8323630690574646, "best_epoch": 42, "best_val_loss": 1.8323630690574646}
{"epoch": 43, "train_loss": 1.7762166162331898, "val_loss": 1.8312687675158184, "best_epoch": 43, "best_val_loss": 1.8312687675158184}
{"epoch": 44, "train_loss": 1.7746693293253581, "val_loss": 1.8302627603212993, "best_epoch": 44, "best_val_loss": 1.8302627603212993}
{"epoch": 45, "train_loss": 1.7732245524724324, "val_loss": 1.8293121655782063, "best_epoch": 45, "best_val_loss": 1.8293121655782063}
{"epoch": 46, "train_loss": 1.7718656460444133, "val_loss": 1.8283796310424805, "best_epoch": 46, "best_val_loss": 1.8283796310424805}
{"epoch": 47, "train_loss": 1.7705718378225963, "val_loss": 1.8275336623191833, "best_epoch": 47, "best_val_loss": 1.8275336623191833}
{"epoch": 48, "train_loss": 1.7693468034267426, "val_loss": 1.8267047206560771, "best_epoch": 48, "best_val_loss": 1.8267047206560771}
{"epoch": 49, "train_loss": 1.7681818803151448, "val_loss": 1.8259348273277283, "best_epoch": 49, "best_val_loss": 1.8259348273277283}
{"epoch": 50, "train_loss": 1.7670735716819763, "val_loss": 1.8251598874727886, "best_epoch": 50, "best_val_loss": 1.8251598874727886}
{"epoch": 51, "train_loss": 1.7660110195477803, "val_loss": 1.8244137565294902, "best_epoch": 51, "best_val_loss": 1.8244137565294902}
{"epoch": 52, "train_loss": 1.7649913728237152, "val_loss": 1.8236961166063945, "best_epoch": 52, "best_val_loss": 1.8236961166063945}
{"epoch": 53, "train_loss": 1.7640060881773632, "val_loss": 1.8229670127232869, "best_epoch": 53, "best_val_loss": 1.8229670127232869}
{"epoch": 54, "train_loss": 1.7630905707677205, "val_loss": 1.8222683270772297, "best_epoch": 54, "best_val_loss": 1.8222683270772297}
{"epoch": 55, "train_loss": 1.7621568242708843, "val_loss": 1.8215995629628499, "best_epoch": 55, "best_val_loss": 1.8215995629628499}
{"epoch": 56, "train_loss": 1.76127490401268, "val_loss": 1.8209394415219624, "best_epoch": 56, "best_val_loss": 1.8209394415219624}
{"epoch": 57, "train_loss": 1.7604235708713531, "val_loss": 1.8202806909879048, "best_epoch": 57, "best_val_loss": 1.8202806909879048}
{"epoch": 58, "train_loss": 1.7596030533313751, "val_loss": 1.8195797403653462, "best_epoch": 58, "best_val_loss": 1.8195797403653462}
{"epoch": 59, "train_loss": 1.7587996820608776, "val_loss": 1.818953275680542, "best_epoch": 59,