{"total_training_time": 14.679235696792603, "train_loss": [null, 2.445104400316874, 2.4016515215237937, 2.3492555816968284, 2.2899929682413735, 2.2295521895090737, 2.1736921866734824, 2.124521255493164, 2.0813892682393393, 2.0439566274484, 2.0118128756682077, 1.9851811428864796, 1.9632060925165813, 1.945319652557373, 1.9307986895243328, 1.9187563459078472, 1.9083711504936218, 1.8990951478481293, 1.8907441000143688, 1.883148322502772, 1.8759437799453735, 1.8688934743404388, 1.8617617388566334, 1.8544849356015523, 1.847194770971934, 1.8402796785036724, 1.8336734970410664, 1.827318549156189, 1.821360210577647, 1.8158392012119293, 1.810855636994044, 1.806387335062027, 1.8024588624636333, 1.7989154358704884, 1.7957760095596313, 1.7929598987102509, 1.7903759479522705, 1.787925769885381, 1.7856555978457134, 1.783498207728068, 1.7814839482307434, 1.779593716065089, 1.7778685688972473, 1.7762166162331898, 1.7746693293253581, 1.7732245524724324, 1.7718656460444133, 1.7705718378225963, 1.7693468034267426, 1.7681818803151448, 1.7670735716819763, 1.7660110195477803, 1.7649913728237152, 1.7640060881773632, 1.7630905707677205, 1.7621568242708843, 1.76127490401268, 1.7604235708713531, 1.7596030533313751, 1.7587996820608776, 1.758015553156535, 1.75727179646492, 1.75651682416598, 1.7557898064454396, 1.7550746103127797, 1.754372239112854, 1.7536698182423909, 1.7529678742090862, 1.752276599407196, 1.751615842183431, 1.7509503364562988, 1.7502977848052979, 1.7496992846330006, 1.7490873436133068, 1.7485063175360362, 1.747896562019984, 1.7472900648911793, 1.746651570002238, 1.7459950149059296, 1.7452295919259389, 1.7443660199642181, 1.743427614370982, 1.7425434092680614, 1.7417953411738079, 1.7411173681418102, 1.7404708365599315, 1.7398352921009064, 1.739196906487147, 1.7385969758033752, 1.7380060851573944, 1.7374535103638966, 1.7369674642880757, 1.736501971880595, 1.736051321029663, 1.7356336812178295, 1.7352267106374104, 1.7348270912965138, 1.7344377636909485, 1.7340709567070007, 1.7337070008118947, 1.7333519160747528], "val_loss": [2.5018288691838584, 2.4618411461512246, 2.4115999937057495, 2.351698319117228, 2.2873448928197226, 2.2259265184402466, 2.1729043324788413, 2.1279048919677734, 2.088874618212382, 2.05489973227183, 2.0264874498049417, 2.0034583806991577, 1.9850715796152751, 1.9705442388852437, 1.958710253238678, 1.9489172299702961, 1.9403216640154521, 1.9328540563583374, 1.9262839555740356, 1.920349379380544, 1.9146150747934978, 1.9087194800376892, 1.9026288390159607, 1.8962332804997761, 1.8899505138397217, 1.883848528067271, 1.8779929677645366, 1.8723849058151245, 1.8671223521232605, 1.8622296055157979, 1.8579879999160767, 1.8543236255645752, 1.8508516947428386, 1.8479773203531902, 1.8454932769139607, 1.84331613779068, 1.8412427107493083, 1.8394166429837544, 1.8377092083295186, 1.8362533052762349, 1.8348756233851116, 1.833565096060435, 1.8323630690574646, 1.8312687675158184, 1.8302627603212993, 1.8293121655782063, 1.8283796310424805, 1.8275336623191833, 1.8267047206560771, 1.8259348273277283, 1.8251598874727886, 1.8244137565294902, 1.8236961166063945, 1.8229670127232869, 1.8222683270772297, 1.8215995629628499, 1.8209394415219624, 1.8202806909879048, 1.8195797403653462, 1.818953275680542, 1.8183106382687886, 1.8176864981651306, 1.8170493245124817, 1.8164393107096355, 1.8158246477444966, 1.8151745398839314, 1.8144529064496357, 1.8137615124384563, 1.8130559126536052, 1.8123990495999653, 1.8117933471997578, 1.8111984531084697, 1.8106955885887146, 1.8102115988731384, 1.809735655784607, 1.8092446327209473, 1.808711290359497, 1.808109740416209, 1.8074378967285156, 1.8066368301709492, 1.8057059446970622, 1.8047436674435933, 1.8038445711135864, 1.803021788597107, 1.8022483189900715, 1.8015233675638835, 1.800810694694519, 1.8001278638839722, 1.7994829614957173, 1.7988555232683818, 1.7982448935508728, 1.7976811528205872, 1.7971683740615845, 1.7966145873069763, 1.7961397568384807, 1.7956502834955852, 1.795182506243388, 1.7947585582733154, 1.79434068997701, 1.7939106822013855, 1.7935180068016052], "best_validation_epoch": 100}