{"epoch": 0, "train_loss": null, "val_loss": 0.9587176243464152, "best_epoch": 0, "best_val_loss": 0.9587176243464152}
{"epoch": 1, "train_loss": 0.8109588076670965, "val_loss": 0.5675911605358124, "best_epoch": 1, "best_val_loss": 0.5675911605358124}
{"epoch": 2, "train_loss": 0.42963893959919613, "val_loss": 0.3132448544104894, "best_epoch": 2, "best_val_loss": 0.3132448544104894}
{"epoch": 3, "train_loss": 0.2712422733505567, "val_loss": 0.21828191975752512, "best_epoch": 3, "best_val_loss": 0.21828191975752512}
{"epoch": 4, "train_loss": 0.18713071942329407, "val_loss": 0.14614067102471986, "best_epoch": 4, "best_val_loss": 0.14614067102471986}
{"epoch": 5, "train_loss": 0.12921192372838655, "val_loss": 0.11939410865306854, "best_epoch": 5, "best_val_loss": 0.11939410865306854}
{"epoch": 6, "train_loss": 0.11191671198078741, "val_loss": 0.10974484821781516, "best_epoch": 6, "best_val_loss": 0.10974484821781516}
{"epoch": 7, "train_loss": 0.10617487534182146, "val_loss": 0.10554911281603079, "best_epoch": 7, "best_val_loss": 0.10554911281603079}
{"epoch": 8, "train_loss": 0.10370927459249894, "val_loss": 0.10346847064405058, "best_epoch": 8, "best_val_loss": 0.10346847064405058}
{"epoch": 9, "train_loss": 0.10201236931607127, "val_loss": 0.10241926523546378, "best_epoch": 9, "best_val_loss": 0.10241926523546378}
{"epoch": 10, "train_loss": 0.10083622402938393, "val_loss": 0.10146908139965187, "best_epoch": 10, "best_val_loss": 0.10146908139965187}
{"epoch": 11, "train_loss": 0.09998832922428846, "val_loss": 0.10083948133978993, "best_epoch": 11, "best_val_loss": 0.10083948133978993}
{"epoch": 12, "train_loss": 0.0994373893190641, "val_loss": 0.10035251052856135, "best_epoch": 12, "best_val_loss": 0.10035251052856135}
{"epoch": 13, "train_loss": 0.0990423089582085, "val_loss": 0.0999836728151422, "best_epoch": 13, "best_val_loss": 0.0999836728151422}
{"epoch": 14, "train_loss": 0.09871808555423438, "val_loss": 0.0997118436692593, "best_epoch": 14, "best_val_loss": 0.0997118436692593}
{"epoch": 15, "train_loss": 0.09840509328932967, "val_loss": 0.09947244316572323, "best_epoch": 15, "best_val_loss": 0.09947244316572323}
{"epoch": 16, "train_loss": 0.09792196003642555, "val_loss": 0.0993155722389929, "best_epoch": 16, "best_val_loss": 0.0993155722389929}
{"epoch": 17, "train_loss": 0.09689113324081215, "val_loss": 0.09922791618737392, "best_epoch": 17, "best_val_loss": 0.09922791618737392}
{"epoch": 18, "train_loss": 0.09622346541921918, "val_loss": 0.09898221168744688, "best_epoch": 18, "best_val_loss": 0.09898221168744688}
{"epoch": 19, "train_loss": 0.0958897656504026, "val_loss": 0.09879190528105634, "best_epoch": 19, "best_val_loss": 0.09879190528105634}
{"epoch": 20, "train_loss": 0.09570852889252517, "val_loss": 0.09866876352073935, "best_epoch": 20, "best_val_loss": 0.09866876352073935}
{"epoch": 21, "train_loss": 0.09558419606037205, "val_loss": 0.09857116217608564, "best_epoch": 21, "best_val_loss": 0.09857116217608564}
{"epoch": 22, "train_loss": 0.09548605300854736, "val_loss": 0.09848397090778842, "best_epoch": 22, "best_val_loss": 0.09848397090778842}
{"epoch": 23, "train_loss": 0.09540187630894555, "val_loss": 0.098402548826319, "best_epoch": 23, "best_val_loss": 0.098402548826319}
{"epoch": 24, "train_loss": 0.09533081324722541, "val_loss": 0.0983032413617669, "best_epoch": 24, "best_val_loss": 0.0983032413617669}
{"epoch": 25, "train_loss": 0.09526893516037187, "val_loss": 0.09822411894613954, "best_epoch": 25, "best_val_loss": 0.09822411894613954}
{"epoch": 26, "train_loss": 0.0952145925584773, "val_loss": 0.09815085885444812, "best_epoch": 26, "best_val_loss": 0.09815085885444812}
{"epoch": 27, "train_loss": 0.09516603283555014, "val_loss": 0.09807495781812274, "best_epoch": 27, "best_val_loss": 0.09807495781812274}
{"epoch": 28, "train_loss": 0.09512310485176083, "val_loss": 0.09801173715944363, "best_epoch": 28, "best_val_loss": 0.09801173715944363}
{"epoch": 29, "train_loss": 0.09508402747633227, "val_loss": 0.09795001265229075, "best_epoch": 29, "best_val_loss": 0.09795001265229075}
{"epoch": 30, "train_loss": 0.09504879611207191, "val_loss": 0.09789043482548247, "best_epoch": 30, "best_val_loss": 0.09789043482548247}
{"epoch": 31, "train_loss": 0.09501717333538788, "val_loss": 0.09783489466644824, "best_epoch": 31, "best_val_loss": 0.09783489466644824}
{"epoch": 32, "train_loss": 0.09498826700291829, "val_loss": 0.09777912310892134, "best_epoch": 32, "best_val_loss": 0.09777912310892134}
{"epoch": 33, "train_loss": 0.09496208018814893, "val_loss": 0.09772619450571558, "best_epoch": 33, "best_val_loss": 0.09772619450571558}
{"epoch": 34, "train_loss": 0.09493792569022237, "val_loss": 0.09767645727697527, "best_epoch": 34, "best_val_loss": 0.09767645727697527}
{"epoch": 35, "train_loss": 0.09491570205985529, "val_loss": 0.09762404935948628, "best_epoch": 35, "best_val_loss": 0.09762404935948628}
{"epoch": 36, "train_loss": 0.09489527309294014, "val_loss": 0.0975759890958822, "best_epoch": 36, "best_val_loss": 0.0975759890958822}
{"epoch": 37, "train_loss": 0.09487625901844392, "val_loss": 0.09752969325806286, "best_epoch": 37, "best_val_loss": 0.09752969325806286}
{"epoch": 38, "train_loss": 0.09485863576295135, "val_loss": 0.0974861491182916, "best_epoch": 38, "best_val_loss": 0.0974861491182916}
{"epoch": 39, "train_loss": 0.09484219145451789, "val_loss": 0.0974411720411202, "best_epoch": 39, "best_val_loss": 0.0974411720411202}
{"epoch": 40, "train_loss": 0.09482700446672727, "val_loss": 0.09739902598933743, "best_epoch": 40, "best_val_loss": 0.09739902598933743}
{"epoch": 41, "train_loss": 0.09481282706201455, "val_loss": 0.09735958876080986, "best_epoch": 41, "best_val_loss": 0.09735958876080986}
{"epoch": 42, "train_loss": 0.09479941175898905, "val_loss": 0.0973222574787845, "best_epoch": 42, "best_val_loss": 0.0973222574787845}
{"epoch": 43, "train_loss": 0.09478694057482547, "val_loss": 0.0972848231849639, "best_epoch": 43, "best_val_loss": 0.0972848231849639}
{"epoch": 44, "train_loss": 0.09477528980338927, "val_loss": 0.09725264173418206, "best_epoch": 44, "best_val_loss": 0.09725264173418206}
{"epoch": 45, "train_loss": 0.09476423240024208, "val_loss": 0.09721502000259837, "best_epoch": 45, "best_val_loss": 0.09721502000259837}
{"epoch": 46, "train_loss": 0.09475394420041994, "val_loss": 0.09718586051045956, "best_epoch": 46, "best_val_loss": 0.09718586051045956}
{"epoch": 47, "train_loss": 0.0947441815894005, "val_loss": 0.09715411115212191, "best_epoch": 47, "best_val_loss": 0.09715411115212191}
{"epoch": 48, "train_loss": 0.09473493995119497, "val_loss": 0.09712278812973334, "best_epoch": 48, "best_val_loss": 0.09712278812973334}
{"epoch": 49, "train_loss": 0.0947263126766605, "val_loss": 0.09709531391854398, "best_epoch": 49, "best_val_loss": 0.09709531391854398}
{"epoch": 50, "train_loss": 0.09471807923273445, "val_loss": 0.0970677002684776, "best_epoch": 50, "best_val_loss": 0.0970677002684776}
