{"total_training_time": 7.25462532043457, "train_loss": [null, 0.8109588076670965, 0.42963893959919613, 0.2712422733505567, 0.18713071942329407, 0.12921192372838655, 0.11191671198078741, 0.10617487534182146, 0.10370927459249894, 0.10201236931607127, 0.10083622402938393, 0.09998832922428846, 0.0994373893190641, 0.0990423089582085, 0.09871808555423438, 0.09840509328932967, 0.09792196003642555, 0.09689113324081215, 0.09622346541921918, 0.0958897656504026, 0.09570852889252517, 0.09558419606037205, 0.09548605300854736, 0.09540187630894555, 0.09533081324722541, 0.09526893516037187, 0.0952145925584773, 0.09516603283555014, 0.09512310485176083, 0.09508402747633227, 0.09504879611207191, 0.09501717333538788, 0.09498826700291829, 0.09496208018814893, 0.09493792569022237, 0.09491570205985529, 0.09489527309294014, 0.09487625901844392, 0.09485863576295135, 0.09484219145451789, 0.09482700446672727, 0.09481282706201455, 0.09479941175898905, 0.09478694057482547, 0.09477528980338927, 0.09476423240024208, 0.09475394420041994, 0.0947441815894005, 0.09473493995119497, 0.0947263126766605, 0.09471807923273445], "val_loss": [0.9587176243464152, 0.5675911605358124, 0.3132448544104894, 0.21828191975752512, 0.14614067102471986, 0.11939410865306854, 0.10974484821781516, 0.10554911281603079, 0.10346847064405058, 0.10241926523546378, 0.10146908139965187, 0.10083948133978993, 0.10035251052856135, 0.0999836728151422, 0.0997118436692593, 0.09947244316572323, 0.0993155722389929, 0.09922791618737392, 0.09898221168744688, 0.09879190528105634, 0.09866876352073935, 0.09857116217608564, 0.09848397090778842, 0.098402548826319, 0.0983032413617669, 0.09822411894613954, 0.09815085885444812, 0.09807495781812274, 0.09801173715944363, 0.09795001265229075, 0.09789043482548247, 0.09783489466644824, 0.09777912310892134, 0.09772619450571558, 0.09767645727697527, 0.09762404935948628, 0.0975759890958822, 0.09752969325806286, 0.0974861491182916, 0.0974411720411202, 0.09739902598933743, 0.09735958876080986, 0.0973222574787845, 0.0972848231849639, 0.09725264173418206, 0.09721502000259837, 0.09718586051045956, 0.09715411115212191, 0.09712278812973334, 0.09709531391854398, 0.0970677002684776], "best_validation_epoch": 50}