{"epoch": 0, "train_loss": null, "val_loss": 0.809438039859136, "best_epoch": 0, "best_val_loss": 0.809438039859136}
{"epoch": 1, "train_loss": 0.7602118849754333, "val_loss": 0.6948762933413187, "best_epoch": 1, "best_val_loss": 0.6948762933413187}
{"epoch": 2, "train_loss": 0.6855074067910513, "val_loss": 0.6605510314305624, "best_epoch": 2, "best_val_loss": 0.6605510314305624}
{"epoch": 3, "train_loss": 0.6621281901995341, "val_loss": 0.6426235139369965, "best_epoch": 3, "best_val_loss": 0.6426235139369965}
{"epoch": 4, "train_loss": 0.6426723698774973, "val_loss": 0.6255556046962738, "best_epoch": 4, "best_val_loss": 0.6255556046962738}
{"epoch": 5, "train_loss": 0.6271283427874247, "val_loss": 0.6125571628411611, "best_epoch": 5, "best_val_loss": 0.6125571628411611}
{"epoch": 6, "train_loss": 0.6176651020844778, "val_loss": 0.6043365597724915, "best_epoch": 6, "best_val_loss": 0.6043365597724915}
{"epoch": 7, "train_loss": 0.6119032303492228, "val_loss": 0.6044114033381144, "best_epoch": 6, "best_val_loss": 0.6043365597724915}
{"epoch": 8, "train_loss": 0.6058517346779505, "val_loss": 0.6054741740226746, "best_epoch": 6, "best_val_loss": 0.6043365597724915}
{"epoch": 9, "train_loss": 0.6013575941324234, "val_loss": 0.6051526268323263, "best_epoch": 6, "best_val_loss": 0.6043365597724915}
{"epoch": 10, "train_loss": 0.5989475001891454, "val_loss": 0.6018338799476624, "best_epoch": 10, "best_val_loss": 0.6018338799476624}
{"epoch": 11, "train_loss": 0.5943746517101923, "val_loss": 0.5994280477364858, "best_epoch": 11, "best_val_loss": 0.5994280477364858}
{"epoch": 12, "train_loss": 0.5904723505179087, "val_loss": 0.5977651178836823, "best_epoch": 12, "best_val_loss": 0.5977651178836823}
{"epoch": 13, "train_loss": 0.5878766824801763, "val_loss": 0.5957918564478556, "best_epoch": 13, "best_val_loss": 0.5957918564478556}
{"epoch": 14, "train_loss": 0.5855527371168137, "val_loss": 0.593699038028717, "best_epoch": 14, "best_val_loss": 0.593699038028717}
{"epoch": 15, "train_loss": 0.5829870502154032, "val_loss": 0.59073273340861, "best_epoch": 15, "best_val_loss": 0.59073273340861}
{"epoch": 16, "train_loss": 0.5815571596225103, "val_loss": 0.5931283334891001, "best_epoch": 15, "best_val_loss": 0.59073273340861}
{"epoch": 17, "train_loss": 0.5810260574022929, "val_loss": 0.5877199570337931, "best_epoch": 17, "best_val_loss": 0.5877199570337931}
{"epoch": 18, "train_loss": 0.5763996491829554, "val_loss": 0.5895161628723145, "best_epoch": 17, "best_val_loss": 0.5877199570337931}
{"epoch": 19, "train_loss": 0.5725600073734919, "val_loss": 0.5873079697291056, "best_epoch": 19, "best_val_loss": 0.5873079697291056}
{"epoch": 20, "train_loss": 0.5701616207758585, "val_loss": 0.5860057870546976, "best_epoch": 20, "best_val_loss": 0.5860057870546976}
{"epoch": 21, "train_loss": 0.5678199132283529, "val_loss": 0.5849868059158325, "best_epoch": 21, "best_val_loss": 0.5849868059158325}
{"epoch": 22, "train_loss": 0.5645835796991984, "val_loss": 0.5854444106419882, "best_epoch": 21, "best_val_loss": 0.5849868059158325}
{"epoch": 23, "train_loss": 0.5622224162022272, "val_loss": 0.5816591382026672, "best_epoch": 23, "best_val_loss": 0.5816591382026672}
{"epoch": 24, "train_loss": 0.5633200655380884, "val_loss": 0.5927181343237559, "best_epoch": 23, "best_val_loss": 0.5816591382026672}
{"epoch": 25, "train_loss": 0.5589271535476049, "val_loss": 0.5862113138039907, "best_epoch": 23, "best_val_loss": 0.5816591382026672}
{"epoch": 26, "train_loss": 0.5565383483966192, "val_loss": 0.5833083887894949, "best_epoch": 23, "best_val_loss": 0.5816591382026672}
{"epoch": 27, "train_loss": 0.5549612194299698, "val_loss": 0.5907071133454641, "best_epoch": 23, "best_val_loss": 0.5816591382026672}
{"epoch": 28, "train_loss": 0.5525523101290067, "val_loss": 0.588343600432078, "best_epoch": 23, "best_val_loss": 0.5816591382026672}
{"epoch": 29, "train_loss": 0.5518944635987282, "val_loss": 0.5836455821990967, "best_epoch": 23, "best_val_loss": 0.5816591382026672}
{"epoch": 30, "train_loss": 0.5525781388084093, "val_loss": 0.585839847723643, "best_epoch": 23, "best_val_loss": 0.5816591382026672}
{"epoch": 31, "train_loss": 0.5496958643198013, "val_loss": 0.5835861961046854, "best_epoch": 23, "best_val_loss": 0.5816591382026672}
{"epoch": 32, "train_loss": 0.5472808380921682, "val_loss": 0.589809795220693, "best_epoch": 23, "best_val_loss": 0.5816591382026672}
{"epoch": 33, "train_loss": 0.547062079111735, "val_loss": 0.5841264526049296, "best_epoch": 23, "best_val_loss": 0.5816591382026672}
{"epoch": 34, "train_loss": 0.5448514098922411, "val_loss": 0.5835576156775156, "best_epoch": 23, "best_val_loss": 0.5816591382026672}
{"epoch": 35, "train_loss": 0.54320078343153, "val_loss": 0.5840985476970673, "best_epoch": 23, "best_val_loss": 0.5816591382026672}
{"epoch": 36, "train_loss": 0.5433614701032639, "val_loss": 0.5816050867239634, "best_epoch": 36, "best_val_loss": 0.5816050867239634}
{"epoch": 37, "train_loss": 0.5423295994599661, "val_loss": 0.5824197133382162, "best_epoch": 36, "best_val_loss": 0.5816050867239634}
{"epoch": 38, "train_loss": 0.5428296079238256, "val_loss": 0.5805976192156473, "best_epoch": 38, "best_val_loss": 0.5805976192156473}
{"epoch": 39, "train_loss": 0.5422291780511538, "val_loss": 0.579930971066157, "best_epoch": 39, "best_val_loss": 0.579930971066157}
{"epoch": 40, "train_loss": 0.5415079817175865, "val_loss": 0.582027792930603, "best_epoch": 39, "best_val_loss": 0.579930971066157}
{"epoch": 41, "train_loss": 0.5414034078518549, "val_loss": 0.5814827481905619, "best_epoch": 39, "best_val_loss": 0.579930971066157}
{"epoch": 42, "train_loss": 0.5410745218396187, "val_loss": 0.5819308857123057, "best_epoch": 39, "best_val_loss": 0.579930971066157}
{"epoch": 43, "train_loss": 0.5408827687303225, "val_loss": 0.5812916358311971, "best_epoch": 39, "best_val_loss": 0.579930971066157}
{"epoch": 44, "train_loss": 0.5411377946535746, "val_loss": 0.5804756581783295, "best_epoch": 39, "best_val_loss": 0.579930971066157}
{"epoch": 45, "train_loss": 0.5403583645820618, "val_loss": 0.5801842312018076, "best_epoch": 39, "best_val_loss": 0.579930971066157}
{"epoch": 46, "train_loss": 0.5401350408792496, "val_loss": 0.5824122627576193, "best_epoch": 39, "best_val_loss": 0.579930971066157}
{"epoch": 47, "train_loss": 0.5400218019882838, "val_loss": 0.5816677014032999, "best_epoch": 39, "best_val_loss": 0.579930971066157}
{"epoch": 48, "train_loss": 0.5391615430514017, "val_loss": 0.5821946461995443, "best_epoch": 39, "best_val_loss": 0.579930971066157}
{"epoch": 49, "train_loss": 0.539141001800696, "val_loss": 0.5811636745929718, "best_epoch": 39, "best_val_loss": 0.579930971066157}
{"epoch": 50, "train_loss": 0.5387464190522829, "val_loss": 0.5814449687798818, "best_epoch": 39, "best_val_loss": 0.579930971066157}
