{"total_training_time": 11.817944526672363, "train_loss": [null, 0.7602118849754333, 0.6855074067910513, 0.6621281901995341, 0.6426723698774973, 0.6271283427874247, 0.6176651020844778, 0.6119032303492228, 0.6058517346779505, 0.6013575941324234, 0.5989475001891454, 0.5943746517101923, 0.5904723505179087, 0.5878766824801763, 0.5855527371168137, 0.5829870502154032, 0.5815571596225103, 0.5810260574022929, 0.5763996491829554, 0.5725600073734919, 0.5701616207758585, 0.5678199132283529, 0.5645835796991984, 0.5622224162022272, 0.5633200655380884, 0.5589271535476049, 0.5565383483966192, 0.5549612194299698, 0.5525523101290067, 0.5518944635987282, 0.5525781388084093, 0.5496958643198013, 0.5472808380921682, 0.547062079111735, 0.5448514098922411, 0.54320078343153, 0.5433614701032639, 0.5423295994599661, 0.5428296079238256, 0.5422291780511538, 0.5415079817175865, 0.5414034078518549, 0.5410745218396187, 0.5408827687303225, 0.5411377946535746, 0.5403583645820618, 0.5401350408792496, 0.5400218019882838, 0.5391615430514017, 0.539141001800696, 0.5387464190522829], "val_loss": [0.809438039859136, 0.6948762933413187, 0.6605510314305624, 0.6426235139369965, 0.6255556046962738, 0.6125571628411611, 0.6043365597724915, 0.6044114033381144, 0.6054741740226746, 0.6051526268323263, 0.6018338799476624, 0.5994280477364858, 0.5977651178836823, 0.5957918564478556, 0.593699038028717, 0.59073273340861, 0.5931283334891001, 0.5877199570337931, 0.5895161628723145, 0.5873079697291056, 0.5860057870546976, 0.5849868059158325, 0.5854444106419882, 0.5816591382026672, 0.5927181343237559, 0.5862113138039907, 0.5833083887894949, 0.5907071133454641, 0.588343600432078, 0.5836455821990967, 0.585839847723643, 0.5835861961046854, 0.589809795220693, 0.5841264526049296, 0.5835576156775156, 0.5840985476970673, 0.5816050867239634, 0.5824197133382162, 0.5805976192156473, 0.579930971066157, 0.582027792930603, 0.5814827481905619, 0.5819308857123057, 0.5812916358311971, 0.5804756581783295, 0.5801842312018076, 0.5824122627576193, 0.5816677014032999, 0.5821946461995443, 0.5811636745929718, 0.5814449687798818], "best_validation_epoch": 39}